state,module,Category,Subsector,Group,A1,A1_11other,A2,A2_19other,A3,A4_1,A4_2,A4_3,A4_4,A4_5,A4_6,A4_7,A4_8,A4_9,A4_10,A4_11,A4_12,A4_13,B1,B2_1,B2_2,B2_3,B2_4other,B3_1,B3_2,B4,B4_4other,B5,B6,B7,B8,B9,B10,B11,B12,B13,C1_employees_male,C1_employees_female,C1_employees_total,C1_below30_male,C1_below30_female,C1_below30_total,C1_1_below30_managerial_male,C1_1_below30_managerial_female,C1_1_below30_managerial_total,C1_2_below30_skilled_male,C1_2_below30_skilled_female,C1_2_below30_skilled_total,C1_3_below30_lowskilled_male,C13_below30_lowskilled_female,C13_below30_lowskilled_total,C14_below30_unigraduates_male,C14_below30_unigraduates_female,C14_below30_unigraduates_total,C15_below30_collegegraduates_ma,C15_below30_collegegraduates_fe,C15_below30_collegegraduates_to,C16_below30_schoolleavers_male,C16_below30_schoolleavers_femal,C16_below30_schoolleavers_total,C1_migrantworkers_male,C1_migrantworkers_female,C1_migrantworkers_total,C1_expatriates_male,C1_expatriates_female,C1_expatriates_total,C2,C3,C4,C5a_undergraduate_minimum,C5a_undergraduate_maximum,C5b_postgraduate_minimum,C5b_postgraduate_maximum,C5c_college_minimum,C5c_college_maximum,C5d_schoollever_minimum,C5d_schoollever_maximum,C6,C6_2specify,C7a_age_skilledprofessional,C7a_age_lowskilledmanual,C7b_sex_skilledprofessional,C7b_sex_lowskilledmanual,C7c_maritalstatus_skilledprofess,C7c_maritalstatus_lowskilledmanu,C7d_qualifications_skilledprofes,C7d_qualifications_lowskilledman,C7e_language_skilledprofessional,C7e_language_lowskilledmanual,C8_1,C8_2,C8_3,C8_4,C8_5,C8_6,C8_7,C8_8,C8_9,C9,C10_1,C10_2,C10_3,C11,C11_12other
1,5,3.0,12,A,1.0,,4,,kilang memproses buah kelapa sawit,3,3,3,3,3,3,3,3,3,3,3,3,3,2,,1.0,,,0,0,,,,,1.0,3,1.0,1.0,1.0,1.0,2.0,46.0,9.0,55.0,20.0,7.0,27.0,0.0,0.0,0.0,0.0,0.0,0.0,0.0,0.0,0.0,4.0,2.0,6.0,5.0,1.0,6.0,11.0,4.0,15.0,32.0,0.0,32.0,0.0,0.0,0.0,1.0,1.0,6.0,2800,4500,#NULL!,#NULL!,1000,2500,1000,2500,1.0,,1.0,1.0,2.0,3.0,3.0,3.0,1.0,6.0,7.0,7.0,2.0,2.0,3.0,3.0,3.0,1.0,1.0,1.0,2.0,7.0,2.0,1.0,3.0,11.0,
1,5,4.0,26,J,1.0,,18,,barang perkahwinan,3,3,3,1,3,3,1,3,3,3,3,3,3,1,,,,,0,0,,,,,2.0,1,,2.0,2.0,2.0,2.0,2.0,3.0,5.0,1.0,3.0,4.0,0.0,0.0,0.0,0.0,0.0,0.0,0.0,0.0,0.0,0.0,0.0,0.0,0.0,0.0,0.0,1.0,3.0,4.0,0.0,0.0,0.0,0.0,0.0,0.0,3.0,2.0,2.0,#NULL!,#NULL!,#NULL!,#NULL!,#NULL!,#NULL!,900,1100,1.0,,1.0,1.0,3.0,3.0,1.0,1.0,6.0,6.0,2.0,2.0,3.0,1.0,1.0,2.0,2.0,1.0,1.0,2.0,1.0,2.0,1.0,2.0,3.0,3.0,
1,5,3.0,4,C,1.0,,1,,fertigasi lada,3,3,3,3,3,3,3,4,3,3,3,3,3,1,,,,,0,0,,,,,2.0,1,,2.0,2.0,1.0,2.0,3.0,0.0,3.0,3.0,0.0,3.0,0.0,0.0,0.0,0.0,0.0,0.0,0.0,0.0,0.0,0.0,0.0,0.0,0.0,0.0,0.0,3.0,0.0,3.0,0.0,0.0,0.0,0.0,0.0,0.0,2.0,1.0,9.0,#NULL!,#NULL!,#NULL!,#NULL!,#NULL!,#NULL!,900,1200,1.0,,6.0,6.0,2.0,2.0,3.0,3.0,6.0,6.0,2.0,2.0,3.0,2.0,2.0,3.0,3.0,1.0,1.0,2.0,2.0,9.0,3.0,1.0,2.0,1.0,
1,5,4.0,12,E,1.0,,4,,cabinet daripada aluminium,3,3,3,3,3,3,3,3,3,3,3,3,2,1,,,,,0,0,,,,,2.0,1,,2.0,2.0,2.0,2.0,3.0,0.0,3.0,3.0,0.0,3.0,0.0,0.0,0.0,0.0,0.0,0.0,0.0,0.0,0.0,0.0,0.0,0.0,0.0,0.0,0.0,3.0,0.0,3.0,0.0,0.0,0.0,0.0,0.0,0.0,3.0,2.0,2.0,#NULL!,#NULL!,#NULL!,#NULL!,#NULL!,#NULL!,1200,2700,1.0,,1.0,1.0,2.0,2.0,3.0,3.0,6.0,6.0,7.0,7.0,3.0,1.0,2.0,3.0,3.0,1.0,1.0,2.0,2.0,2.0,3.0,1.0,2.0,3.0,
1,5,3.0,12,D,1.0,,4,,pile joint,3,3,3,3,3,3,3,3,3,3,3,2,2,2,1.0,,,,0,0,,,,,1.0,3,1.0,1.0,2.0,2.0,2.0,13.0,0.0,13.0,0.0,0.0,0.0,0.0,0.0,0.0,0.0,0.0,0.0,0.0,0.0,0.0,0.0,0.0,0.0,0.0,0.0,0.0,0.0,0.0,0.0,0.0,0.0,0.0,0.0,0.0,0.0,3.0,2.0,2.0,#NULL!,#NULL!,#NULL!,#NULL!,#NULL!,#NULL!,1000,2100,1.0,,6.0,6.0,2.0,2.0,3.0,3.0,6.0,6.0,2.0,2.0,3.0,2.0,3.0,3.0,3.0,2.0,2.0,3.0,2.0,7.0,3.0,1.0,2.0,3.0,
1,5,3.0,12,D,2.0,,4,,perabut,3,3,3,3,2,2,2,3,3,2,3,3,2,1,,,,,0,0,,,,,2.0,3,1.0,2.0,2.0,2.0,2.0,6.0,1.0,7.0,0.0,0.0,0.0,1.0,0.0,1.0,0.0,0.0,0.0,0.0,0.0,0.0,0.0,0.0,0.0,0.0,0.0,0.0,0.0,1.0,1.0,0.0,0.0,0.0,0.0,0.0,0.0,2.0,1.0,6.0,#NULL!,#NULL!,#NULL!,#NULL!,#NULL!,#NULL!,1000,1800,1.0,,6.0,6.0,2.0,2.0,3.0,3.0,6.0,6.0,6.0,6.0,3.0,2.0,3.0,3.0,3.0,2.0,1.0,2.0,2.0,6.0,3.0,1.0,2.0,3.0,
1,5,4.0,5,J,2.0,,7,,menjual mesin dan barang-barang hardware,3,3,3,2,3,3,3,3,3,3,3,3,3,2,,,1.0,,0,0,,,,,2.0,3,1.0,2.0,2.0,2.0,2.0,3.0,2.0,5.0,2.0,2.0,4.0,0.0,0.0,0.0,0.0,0.0,0.0,0.0,0.0,0.0,0.0,0.0,0.0,0.0,0.0,0.0,2.0,2.0,4.0,3.0,0.0,3.0,0.0,0.0,0.0,1.0,1.0,2.0,#NULL!,#NULL!,#NULL!,#NULL!,#NULL!,#NULL!,1200,3700,1.0,,1.0,1.0,2.0,2.0,3.0,3.0,6.0,6.0,2.0,2.0,3.0,1.0,2.0,3.0,3.0,2.0,1.0,1.0,2.0,7.0,3.0,1.0,2.0,3.0,
1,5,2.0,5,A,1.0,,4,,memproses ayam,3,3,3,3,3,3,3,3,3,3,3,3,2,1,,,,,0,0,,,,,2.0,1,,2.0,2.0,2.0,2.0,4.0,0.0,4.0,3.0,0.0,3.0,0.0,0.0,0.0,0.0,0.0,0.0,0.0,0.0,0.0,0.0,0.0,0.0,0.0,0.0,0.0,3.0,0.0,3.0,0.0,0.0,0.0,0.0,0.0,0.0,2.0,1.0,9.0,#NULL!,#NULL!,#NULL!,#NULL!,#NULL!,#NULL!,750,1000,1.0,,6.0,6.0,2.0,2.0,3.0,3.0,6.0,6.0,2.0,2.0,3.0,3.0,3.0,3.0,3.0,2.0,2.0,3.0,2.0,6.0,3.0,1.0,2.0,3.0,
1,5,4.0,11,E,2.0,,6,,membina jalan,3,2,3,2,3,3,3,3,3,3,3,3,3,1,,,,,0,0,,,,,2.0,1,,2.0,2.0,2.0,2.0,2.0,0.0,2.0,0.0,0.0,0.0,0.0,0.0,0.0,0.0,0.0,0.0,0.0,0.0,0.0,0.0,0.0,0.0,0.0,0.0,0.0,0.0,0.0,0.0,0.0,0.0,0.0,0.0,0.0,0.0,2.0,2.0,9.0,#NULL!,#NULL!,#NULL!,#NULL!,#NULL!,#NULL!,#NULL!,#NULL!,1.0,,1.0,1.0,2.0,2.0,3.0,3.0,6.0,6.0,2.0,2.0,3.0,1.0,3.0,3.0,3.0,1.0,1.0,2.0,2.0,9.0,3.0,1.0,2.0,6.0,
1,5,4.0,26,B,1.0,,9,,kek dan pastri,3,3,3,3,3,3,3,3,3,3,3,3,3,1,,,,,0,0,,,,,2.0,1,,2.0,2.0,1.0,2.0,0.0,1.0,1.0,0.0,1.0,1.0,0.0,0.0,0.0,0.0,0.0,0.0,0.0,0.0,0.0,0.0,0.0,0.0,0.0,1.0,1.0,0.0,0.0,0.0,0.0,0.0,0.0,0.0,0.0,0.0,2.0,2.0,9.0,#NULL!,#NULL!,#NULL!,#NULL!,1500,2500,#NULL!,#NULL!,1.0,,1.0,1.0,1.0,1.0,3.0,3.0,6.0,6.0,2.0,2.0,3.0,1.0,1.0,2.0,3.0,1.0,1.0,1.0,2.0,9.0,3.0,1.0,2.0,3.0,
1,5,4.0,5,F,1.0,,9,,catering,3,3,3,3,3,3,3,3,3,1,1,3,3,1,,,,,0,0,,,,,2.0,1,,2.0,2.0,2.0,2.0,1.0,2.0,3.0,2.0,1.0,3.0,0.0,0.0,0.0,0.0,0.0,0.0,0.0,0.0,0.0,0.0,0.0,0.0,0.0,0.0,0.0,2.0,1.0,3.0,0.0,0.0,0.0,0.0,0.0,0.0,2.0,1.0,9.0,#NULL!,#NULL!,#NULL!,#NULL!,#NULL!,#NULL!,450,3000,1.0,,6.0,6.0,3.0,3.0,3.0,3.0,6.0,6.0,7.0,7.0,3.0,1.0,1.0,3.0,3.0,1.0,1.0,1.0,2.0,6.0,3.0,2.0,1.0,11.0,
1,5,3.0,13,D,2.0,,4,,alat ganti kenderaan,3,3,3,3,3,3,3,3,3,3,3,3,3,1,,,,,0,0,,,,,2.0,1,,2.0,2.0,2.0,2.0,3.0,3.0,6.0,0.0,1.0,1.0,0.0,0.0,0.0,0.0,0.0,0.0,0.0,0.0,0.0,0.0,0.0,0.0,0.0,0.0,0.0,0.0,1.0,1.0,0.0,0.0,0.0,0.0,0.0,0.0,2.0,1.0,8.0,#NULL!,#NULL!,#NULL!,#NULL!,#NULL!,#NULL!,1000,3500,1.0,,6.0,6.0,3.0,3.0,3.0,3.0,6.0,6.0,2.0,2.0,3.0,1.0,1.0,3.0,3.0,1.0,1.0,2.0,2.0,9.0,3.0,2.0,1.0,5.0,
1,5,3.0,17,I,3.0,,17,,hemodialisis,3,3,3,3,2,2,4,4,3,3,3,3,3,2,,,1.0,,0,0,,,,,1.0,3,1.0,1.0,1.0,1.0,2.0,2.0,11.0,13.0,2.0,11.0,13.0,0.0,0.0,0.0,0.0,0.0,0.0,0.0,0.0,0.0,0.0,1.0,1.0,2.0,10.0,12.0,0.0,0.0,0.0,0.0,0.0,0.0,0.0,0.0,0.0,2.0,1.0,5.0,4500,5000,#NULL!,#NULL!,1800,2000,#NULL!,#NULL!,1.0,,1.0,1.0,3.0,3.0,3.0,3.0,5.0,5.0,2.0,2.0,2.0,1.0,1.0,3.0,1.0,1.0,1.0,1.0,2.0,9.0,1.0,2.0,3.0,10.0,
1,5,3.0,12,B,1.0,,4,,signboard and banner,3,3,3,3,3,3,3,3,3,3,3,3,3,2,,,1.0,,0,0,,,,,1.0,1,,1.0,2.0,1.0,2.0,7.0,5.0,12.0,3.0,4.0,7.0,0.0,0.0,0.0,0.0,0.0,0.0,0.0,0.0,0.0,0.0,0.0,0.0,2.0,1.0,3.0,1.0,3.0,4.0,0.0,0.0,0.0,0.0,0.0,0.0,1.0,1.0,2.0,#NULL!,#NULL!,#NULL!,#NULL!,1300,2700,1000,2500,1.0,,1.0,1.0,3.0,3.0,3.0,3.0,5.0,5.0,2.0,2.0,2.0,1.0,1.0,2.0,1.0,1.0,1.0,1.0,1.0,7.0,3.0,2.0,1.0,5.0,
1,5,4.0,18,F,1.0,,9,,makanan dan minuman,3,3,3,3,3,3,3,3,3,3,3,3,3,1,,,,,0,0,,,,,2.0,1,,2.0,2.0,2.0,2.0,0.0,5.0,5.0,0.0,0.0,0.0,0.0,0.0,0.0,0.0,0.0,0.0,0.0,0.0,0.0,0.0,0.0,0.0,0.0,0.0,0.0,0.0,0.0,0.0,0.0,0.0,0.0,0.0,0.0,0.0,2.0,1.0,9.0,#NULL!,#NULL!,#NULL!,#NULL!,#NULL!,#NULL!,750,1000,1.0,,2.0,2.0,2.0,2.0,3.0,3.0,6.0,6.0,2.0,2.0,3.0,1.0,1.0,1.0,3.0,1.0,1.0,1.0,2.0,9.0,3.0,1.0,2.0,2.0,
1,5,3.0,18,F,1.0,,9,,makanan dan minuman,3,3,3,3,3,3,3,3,3,3,3,3,3,1,,,,,0,0,,,,,2.0,1,,2.0,2.0,2.0,2.0,1.0,1.0,2.0,0.0,0.0,0.0,0.0,0.0,0.0,0.0,0.0,0.0,0.0,0.0,0.0,0.0,0.0,0.0,0.0,0.0,0.0,0.0,0.0,0.0,0.0,0.0,0.0,0.0,0.0,0.0,2.0,3.0,9.0,#NULL!,#NULL!,#NULL!,#NULL!,#NULL!,#NULL!,1200,1400,1.0,,6.0,6.0,3.0,3.0,3.0,3.0,6.0,6.0,2.0,2.0,3.0,2.0,2.0,2.0,3.0,2.0,2.0,2.0,2.0,9.0,3.0,1.0,2.0,3.0,
1,5,4.0,17,I,3.0,,16,,tadika,3,3,3,3,3,3,3,3,3,3,3,3,3,2,,,1.0,,0,0,,,,,1.0,1,,2.0,2.0,2.0,2.0,0.0,4.0,4.0,0.0,4.0,4.0,0.0,0.0,0.0,0.0,0.0,0.0,0.0,0.0,0.0,0.0,2.0,2.0,0.0,0.0,0.0,0.0,2.0,2.0,0.0,0.0,0.0,0.0,0.0,0.0,1.0,1.0,7.0,1800,3000,#NULL!,#NULL!,#NULL!,#NULL!,1000,2000,1.0,,1.0,1.0,1.0,1.0,1.0,1.0,6.0,6.0,6.0,6.0,2.0,1.0,1.0,1.0,1.0,1.0,1.0,2.0,2.0,1.0,3.0,1.0,2.0,5.0,
1,5,3.0,12,E,1.0,,4,,hardware dan barang-barang rumah,3,3,3,3,3,3,3,3,3,3,3,3,3,1,,,,,0,0,,,,,2.0,1,,2.0,2.0,2.0,2.0,4.0,2.0,6.0,2.0,1.0,3.0,0.0,0.0,0.0,0.0,0.0,0.0,0.0,0.0,0.0,0.0,0.0,0.0,0.0,0.0,0.0,2.0,1.0,3.0,0.0,0.0,0.0,0.0,0.0,0.0,1.0,2.0,9.0,#NULL!,#NULL!,#NULL!,#NULL!,#NULL!,#NULL!,900,1800,1.0,,1.0,1.0,2.0,2.0,3.0,3.0,6.0,6.0,2.0,2.0,3.0,1.0,2.0,3.0,3.0,1.0,1.0,2.0,2.0,7.0,1.0,2.0,2.0,3.0,
1,5,4.0,24,B,2.0,,4,,kuari (batu buat jalan),3,3,3,3,3,3,3,3,3,3,3,3,3,1,,,,,0,0,,,,,1.0,1,,1.0,1.0,1.0,2.0,11.0,3.0,14.0,0.0,0.0,0.0,0.0,0.0,0.0,0.0,0.0,0.0,0.0,0.0,0.0,0.0,0.0,0.0,0.0,0.0,0.0,0.0,0.0,0.0,0.0,0.0,0.0,0.0,0.0,0.0,3.0,1.0,9.0,2000,7000,#NULL!,#NULL!,#NULL!,#NULL!,1000,3000,1.0,,1.0,1.0,3.0,3.0,3.0,3.0,6.0,6.0,2.0,2.0,2.0,1.0,2.0,3.0,2.0,1.0,1.0,1.0,2.0,2.0,3.0,2.0,1.0,3.0,
1,5,4.0,12,E,1.0,,3,,membuat pakaian,3,3,3,3,3,3,3,3,3,3,3,3,3,2,,,1.0,,0,0,,,,,2.0,1,,2.0,2.0,2.0,2.0,2.0,0.0,2.0,0.0,0.0,0.0,0.0,0.0,0.0,0.0,0.0,0.0,0.0,0.0,0.0,0.0,0.0,0.0,0.0,0.0,0.0,0.0,0.0,0.0,0.0,0.0,0.0,0.0,0.0,0.0,2.0,1.0,9.0,#NULL!,#NULL!,#NULL!,#NULL!,#NULL!,#NULL!,1000,1300,1.0,,1.0,1.0,2.0,2.0,1.0,1.0,6.0,6.0,2.0,2.0,3.0,1.0,1.0,2.0,3.0,1.0,1.0,1.0,2.0,2.0,3.0,2.0,1.0,5.0,
1,5,4.0,16,J,1.0,,17,,gym centre,2,3,1,4,3,4,3,2,4,4,4,4,4,1,,,,,0,0,,,,,2.0,1,,2.0,2.0,2.0,2.0,1.0,0.0,1.0,1.0,0.0,1.0,1.0,0.0,1.0,0.0,0.0,0.0,0.0,0.0,0.0,0.0,0.0,0.0,0.0,0.0,0.0,0.0,0.0,0.0,0.0,0.0,0.0,0.0,0.0,0.0,2.0,2.0,9.0,2700,3200,3000,3800,1800,2300,1000,1500,1.0,,3.0,2.0,2.0,1.0,3.0,3.0,6.0,6.0,2.0,2.0,2.0,2.0,2.0,3.0,3.0,1.0,1.0,3.0,2.0,2.0,3.0,1.0,2.0,5.0,
1,5,4.0,13,G,1.0,,5,,communication,2,2,1,2,3,3,2,2,3,2,2,3,1,1,,,,,0,0,,,,,2.0,1,,2.0,2.0,1.0,2.0,1.0,2.0,3.0,1.0,1.0,2.0,0.0,0.0,0.0,0.0,0.0,0.0,0.0,0.0,0.0,0.0,0.0,0.0,0.0,0.0,0.0,1.0,1.0,2.0,0.0,0.0,0.0,2.0,0.0,2.0,2.0,2.0,2.0,2000,3000,3000,3500,1800,2500,1000,1800,1.0,,1.0,1.0,1.0,1.0,1.0,1.0,6.0,6.0,2.0,2.0,2.0,3.0,2.0,3.0,3.0,2.0,2.0,2.0,2.0,9.0,1.0,3.0,2.0,5.0,
1,5,3.0,24,A,3.0,,1,,ternakan lembu,3,3,2,3,3,3,2,1,1,2,3,3,3,1,,,,,0,0,,,,,2.0,1,,2.0,2.0,2.0,2.0,6.0,3.0,9.0,6.0,0.0,6.0,0.0,0.0,0.0,0.0,0.0,0.0,3.0,0.0,3.0,0.0,0.0,0.0,0.0,0.0,0.0,3.0,0.0,3.0,0.0,0.0,0.0,0.0,0.0,0.0,2.0,1.0,9.0,#NULL!,#NULL!,#NULL!,#NULL!,#NULL!,#NULL!,1000,1300,2.0,tidak kekal lama,2.0,2.0,1.0,2.0,3.0,3.0,5.0,6.0,7.0,7.0,3.0,2.0,3.0,2.0,3.0,1.0,1.0,2.0,1.0,7.0,1.0,2.0,3.0,3.0,
1,5,3.0,12,D,1.0,,6,,material handling,1,1,1,1,3,1,1,1,1,1,2,3,1,2,1.0,,,,0,0,,,,,2.0,1,,1.0,2.0,2.0,2.0,5.0,1.0,6.0,0.0,3.0,3.0,0.0,3.0,3.0,0.0,0.0,0.0,0.0,0.0,0.0,0.0,0.0,0.0,0.0,0.0,0.0,0.0,0.0,0.0,0.0,0.0,0.0,0.0,0.0,0.0,2.0,1.0,8.0,#NULL!,#NULL!,#NULL!,#NULL!,#NULL!,#NULL!,1000,1000,1.0,,5.0,2.0,2.0,2.0,2.0,2.0,6.0,6.0,1.0,1.0,2.0,1.0,3.0,3.0,3.0,1.0,1.0,2.0,3.0,2.0,3.0,1.0,2.0,6.0,
1,5,3.0,12,B,3.0,,4,,cleaning paper roll (nonwoven fabric),2,2,3,2,3,3,3,3,3,3,3,3,2,2,,,1.0,,0,0,,,,,2.0,1,,1.0,2.0,2.0,2.0,3.0,5.0,8.0,1.0,2.0,3.0,0.0,0.0,0.0,0.0,0.0,0.0,0.0,0.0,0.0,0.0,1.0,1.0,0.0,0.0,0.0,1.0,1.0,2.0,0.0,0.0,0.0,0.0,0.0,0.0,2.0,2.0,1.0,2000,2500,2200,2800,1300,1500,1000,1200,1.0,,3.0,1.0,3.0,2.0,3.0,3.0,3.0,5.0,1.0,2.0,1.0,2.0,2.0,2.0,1.0,3.0,2.0,2.0,2.0,6.0,1.0,2.0,3.0,3.0,
1,5,4.0,18,F,1.0,,9,,makanan dan minuman,2,2,1,1,3,3,2,2,3,3,3,3,3,1,,,,,0,0,,,,,2.0,1,,2.0,2.0,2.0,2.0,0.0,3.0,3.0,0.0,0.0,0.0,0.0,0.0,0.0,0.0,0.0,0.0,0.0,0.0,0.0,0.0,0.0,0.0,0.0,0.0,0.0,0.0,0.0,0.0,0.0,2.0,2.0,0.0,0.0,0.0,1.0,1.0,2.0,#NULL!,#NULL!,#NULL!,#NULL!,1000,1200,900,1200,1.0,,2.0,3.0,1.0,1.0,3.0,3.0,6.0,6.0,2.0,2.0,3.0,3.0,3.0,3.0,3.0,2.0,2.0,2.0,1.0,7.0,1.0,2.0,3.0,6.0,
1,5,3.0,12,D,3.0,,4,,lath & metal spray,2,2,1,3,1,3,3,3,2,2,1,3,1,2,1.0,1.0,,,0,0,,,,,1.0,1,,1.0,2.0,1.0,2.0,7.0,2.0,9.0,7.0,1.0,8.0,0.0,0.0,0.0,7.0,0.0,7.0,0.0,0.0,0.0,0.0,1.0,1.0,0.0,0.0,0.0,0.0,0.0,0.0,7.0,0.0,7.0,0.0,0.0,0.0,1.0,1.0,8.0,#NULL!,#NULL!,#NULL!,#NULL!,#NULL!,#NULL!,1200,1800,2.0,difficult to obtain quota,6.0,1.0,2.0,2.0,3.0,3.0,6.0,6.0,2.0,2.0,3.0,1.0,2.0,3.0,3.0,1.0,1.0,1.0,1.0,2.0,2.0,1.0,3.0,3.0,
1,5,3.0,12,D,3.0,,4,,pemasangan barang di dalam kapal,4,1,1,3,1,3,3,3,3,3,3,3,1,1,,,,,0,0,,,,,2.0,1,,2.0,2.0,2.0,2.0,2.0,1.0,3.0,0.0,0.0,0.0,0.0,0.0,0.0,0.0,0.0,0.0,0.0,0.0,0.0,0.0,0.0,0.0,0.0,0.0,0.0,0.0,0.0,0.0,0.0,0.0,0.0,0.0,0.0,0.0,3.0,2.0,9.0,#NULL!,#NULL!,#NULL!,#NULL!,#NULL!,#NULL!,960,1200,1.0,,6.0,6.0,3.0,3.0,3.0,3.0,6.0,6.0,7.0,7.0,3.0,5.0,2.0,2.0,3.0,2.0,3.0,3.0,3.0,9.0,1.0,2.0,3.0,3.0,
1,5,4.0,24,I,1.0,,16,,pendidikan awal kanak-kanak,4,4,2,1,3,4,2,2,3,3,3,4,4,2,1.0,,,,0,0,,,,,2.0,1,,2.0,2.0,2.0,2.0,3.0,3.0,6.0,0.0,1.0,1.0,0.0,0.0,0.0,0.0,0.0,0.0,0.0,0.0,0.0,0.0,0.0,0.0,0.0,0.0,0.0,0.0,1.0,1.0,0.0,0.0,0.0,0.0,0.0,0.0,2.0,2.0,2.0,#NULL!,#NULL!,#NULL!,#NULL!,1600,1600,1100,1100,1.0,,2.0,1.0,1.0,1.0,3.0,3.0,5.0,5.0,6.0,6.0,3.0,3.0,2.0,3.0,3.0,3.0,2.0,3.0,2.0,7.0,3.0,2.0,1.0,3.0,
1,5,4.0,24,E,1.0,,2,,menjual hasil laut,3,3,3,1,3,3,3,3,3,3,3,4,4,1,,,,,0,0,,,,,2.0,3,2.0,2.0,2.0,2.0,2.0,3.0,0.0,3.0,0.0,0.0,0.0,0.0,0.0,0.0,0.0,0.0,0.0,0.0,0.0,0.0,0.0,0.0,0.0,0.0,0.0,0.0,0.0,0.0,0.0,2.0,0.0,2.0,0.0,0.0,0.0,3.0,2.0,8.0,#NULL!,#NULL!,#NULL!,#NULL!,#NULL!,#NULL!,1150,1380,2.0,belia terlalu memilih kerja,3.0,3.0,2.0,2.0,3.0,3.0,6.0,6.0,2.0,2.0,4.0,4.0,4.0,4.0,4.0,3.0,2.0,2.0,2.0,7.0,2.0,3.0,1.0,3.0,
1,5,2.0,12,C,3.0,,4,,polyfoam,2,2,2,2,1,1,1,2,2,1,2,2,2,2,1.0,,,,0,0,,,,,1.0,1,,2.0,2.0,1.0,1.0,12.0,19.0,31.0,1.0,7.0,8.0,0.0,0.0,0.0,0.0,0.0,0.0,0.0,0.0,0.0,0.0,2.0,2.0,0.0,0.0,0.0,1.0,5.0,6.0,0.0,0.0,0.0,0.0,0.0,0.0,1.0,2.0,1.0,#NULL!,#NULL!,#NULL!,#NULL!,1200,1400,1000,1200,2.0,belia mahu tempat kerja berhawa dingin sahaja,6.0,6.0,3.0,3.0,3.0,3.0,6.0,6.0,7.0,7.0,3.0,3.0,3.0,4.0,4.0,4.0,5.0,5.0,5.0,7.0,1.0,2.0,3.0,12.0,bekerja di ruang berhawa dingin
1,5,4.0,18,F,2.0,,9,,makanan dan minuman,2,2,2,1,2,2,2,3,3,3,3,3,2,1,,,,,0,0,,,,,2.0,1,,2.0,2.0,2.0,2.0,1.0,4.0,5.0,0.0,1.0,1.0,0.0,0.0,0.0,0.0,0.0,0.0,0.0,1.0,1.0,0.0,0.0,0.0,0.0,0.0,0.0,0.0,0.0,0.0,0.0,0.0,0.0,0.0,0.0,0.0,2.0,2.0,9.0,#NULL!,#NULL!,#NULL!,#NULL!,#NULL!,#NULL!,1100,1100,2.0,kekurangan tenaga mahir,3.0,3.0,3.0,3.0,3.0,3.0,6.0,6.0,2.0,2.0,2.0,2.0,2.0,2.0,2.0,2.0,2.0,2.0,2.0,7.0,2.0,3.0,1.0,5.0,
1,5,2.0,12,C,11.0,perkongsian,4,,oil & gas equipment,4,3,1,2,2,3,3,4,2,3,4,4,1,1,,,,,0,0,,,,,1.0,3,2.0,1.0,1.0,2.0,2.0,46.0,16.0,62.0,17.0,17.0,34.0,3.0,2.0,5.0,7.0,5.0,12.0,0.0,0.0,0.0,4.0,6.0,10.0,3.0,4.0,7.0,0.0,0.0,0.0,0.0,0.0,0.0,3.0,1.0,4.0,1.0,3.0,9.0,2500,3000,#NULL!,#NULL!,2000,2500,1000,1200,1.0,,3.0,2.0,3.0,2.0,3.0,3.0,1.0,6.0,1.0,2.0,2.0,2.0,2.0,2.0,2.0,1.0,1.0,1.0,1.0,2.0,3.0,1.0,2.0,6.0,
1,5,4.0,12,C,3.0,,7,canopy & expo accessories,canopy & expo accessories,4,2,2,2,3,3,3,3,4,3,3,4,4,1,,,,,0,0,,,,,2.0,1,,2.0,2.0,2.0,2.0,3.0,3.0,6.0,4.0,4.0,8.0,1.0,0.0,1.0,0.0,0.0,0.0,1.0,2.0,3.0,1.0,0.0,1.0,0.0,0.0,0.0,1.0,2.0,3.0,0.0,0.0,0.0,0.0,0.0,0.0,2.0,2.0,2.0,1400,1400,#NULL!,#NULL!,#NULL!,#NULL!,1200,1200,1.0,,2.0,2.0,2.0,1.0,3.0,3.0,1.0,6.0,7.0,7.0,3.0,3.0,3.0,3.0,3.0,3.0,3.0,3.0,3.0,6.0,1.0,3.0,2.0,1.0,
1,5,4.0,25,J,1.0,,18,,kerinting rambut,4,2,2,2,2,3,3,4,4,3,3,4,4,1,,,,,0,0,,,,,2.0,1,,1.0,2.0,2.0,1.0,0.0,2.0,2.0,0.0,2.0,2.0,0.0,0.0,0.0,0.0,0.0,0.0,0.0,0.0,0.0,0.0,0.0,0.0,0.0,0.0,0.0,0.0,2.0,2.0,0.0,0.0,0.0,0.0,0.0,0.0,2.0,2.0,1.0,#NULL!,#NULL!,#NULL!,#NULL!,#NULL!,#NULL!,1000,1000,2.0,selalu bertukar kerja,6.0,6.0,1.0,1.0,3.0,3.0,6.0,6.0,7.0,7.0,4.0,4.0,4.0,4.0,4.0,2.0,4.0,3.0,4.0,7.0,3.0,1.0,2.0,6.0,
1,5,4.0,12,D,3.0,,7,supplier,safety equipment,4,2,3,3,4,4,3,3,4,1,3,4,2,1,,,,,0,0,,,,,2.0,1,,2.0,2.0,2.0,2.0,1.0,1.0,2.0,0.0,2.0,2.0,0.0,1.0,1.0,0.0,0.0,0.0,0.0,0.0,0.0,0.0,0.0,0.0,0.0,1.0,1.0,0.0,0.0,0.0,0.0,0.0,0.0,0.0,0.0,0.0,2.0,1.0,8.0,#NULL!,#NULL!,#NULL!,#NULL!,2000,2000,#NULL!,#NULL!,1.0,,2.0,2.0,3.0,3.0,3.0,3.0,5.0,5.0,7.0,7.0,2.0,3.0,2.0,2.0,2.0,4.0,4.0,3.0,4.0,5.0,2.0,1.0,3.0,3.0,
1,5,3.0,26,H,3.0,,18,,hiasan dalaman & ubah suai,2,2,2,2,3,3,3,3,4,3,3,4,3,1,,,,,0,0,,,,,2.0,1,,2.0,2.0,2.0,1.0,5.0,2.0,7.0,1.0,0.0,1.0,0.0,0.0,0.0,0.0,0.0,0.0,0.0,0.0,0.0,0.0,0.0,0.0,1.0,0.0,1.0,0.0,0.0,0.0,0.0,0.0,0.0,0.0,0.0,0.0,3.0,2.0,2.0,800,800,#NULL!,#NULL!,800,800,#NULL!,#NULL!,1.0,,6.0,6.0,3.0,3.0,3.0,3.0,5.0,6.0,7.0,7.0,3.0,3.0,4.0,3.0,4.0,4.0,3.0,3.0,3.0,7.0,1.0,2.0,3.0,5.0,
1,5,4.0,17,G,3.0,,13,,insurans,1,1,2,1,4,4,4,4,4,3,4,1,4,2,1.0,,,,0,0,,,,,1.0,3,1.0,1.0,2.0,2.0,2.0,9.0,7.0,16.0,3.0,4.0,7.0,0.0,0.0,0.0,0.0,0.0,0.0,0.0,0.0,0.0,1.0,1.0,2.0,0.0,0.0,0.0,2.0,3.0,5.0,0.0,0.0,0.0,0.0,0.0,0.0,1.0,2.0,1.0,#NULL!,#NULL!,#NULL!,#NULL!,#NULL!,#NULL!,1000,1000,1.0,,1.0,1.0,3.0,3.0,3.0,3.0,1.0,6.0,1.0,1.0,2.0,3.0,3.0,3.0,3.0,3.0,2.0,3.0,3.0,9.0,2.0,3.0,1.0,3.0,
1,5,1.0,17,G,3.0,,17,,kesihatan & kerja sosial,1,1,1,1,3,1,3,3,3,2,3,3,3,2,1.0,,,,0,0,,,,,1.0,1,,2.0,1.0,1.0,1.0,65.0,135.0,200.0,18.0,87.0,105.0,0.0,0.0,0.0,0.0,55.0,55.0,2.0,5.0,7.0,16.0,25.0,41.0,0.0,0.0,0.0,0.0,2.0,2.0,0.0,0.0,0.0,0.0,0.0,0.0,1.0,2.0,1.0,2000,3000,1500,1800,1000,1500,1000,1300,1.0,,2.0,1.0,3.0,3.0,1.0,1.0,5.0,5.0,1.0,2.0,2.0,3.0,1.0,2.0,1.0,2.0,1.0,2.0,2.0,2.0,2.0,1.0,3.0,4.0,
1,5,4.0,26,H,3.0,,4,,costume made furniture,4,3,3,2,2,2,3,3,4,4,4,4,3,1,,,,,0,0,,,,,2.0,1,,2.0,2.0,2.0,2.0,4.0,0.0,4.0,6.0,0.0,6.0,0.0,0.0,0.0,0.0,0.0,0.0,3.0,0.0,3.0,0.0,0.0,0.0,0.0,0.0,0.0,3.0,0.0,3.0,0.0,0.0,0.0,0.0,0.0,0.0,2.0,1.0,8.0,#NULL!,#NULL!,#NULL!,#NULL!,#NULL!,#NULL!,1080,1200,2.0,belia terlalu memilih kerja,1.0,1.0,2.0,2.0,3.0,3.0,6.0,6.0,7.0,7.0,3.0,3.0,3.0,3.0,3.0,1.0,1.0,1.0,1.0,8.0,3.0,2.0,1.0,3.0,
1,5,4.0,12,D,3.0,,4,,service & supply generator,4,2,2,2,2,2,2,2,3,3,3,4,2,1,,,,,0,0,,,,,2.0,1,,2.0,2.0,2.0,2.0,2.0,1.0,3.0,0.0,0.0,0.0,0.0,0.0,0.0,0.0,0.0,0.0,0.0,0.0,0.0,0.0,0.0,0.0,0.0,0.0,0.0,0.0,0.0,0.0,0.0,0.0,0.0,0.0,0.0,0.0,2.0,1.0,1.0,#NULL!,#NULL!,#NULL!,#NULL!,#NULL!,#NULL!,1500,3000,1.0,,1.0,1.0,2.0,2.0,3.0,3.0,6.0,6.0,2.0,2.0,2.0,1.0,3.0,4.0,4.0,1.0,1.0,1.0,1.0,9.0,3.0,2.0,1.0,3.0,
1,5,2.0,16,J,3.0,,18,,"cinema, gymnasium, karaoke, waterpark, restaurant",3,2,1,2,2,3,3,2,3,2,3,3,4,1,,,,,0,0,,,,,1.0,3,2.0,1.0,1.0,1.0,2.0,80.0,20.0,100.0,112.0,32.0,144.0,2.0,3.0,5.0,0.0,1.0,1.0,54.0,12.0,66.0,3.0,3.0,6.0,0.0,3.0,3.0,53.0,10.0,63.0,9.0,0.0,9.0,0.0,0.0,0.0,1.0,1.0,1.0,1400,1500,#NULL!,#NULL!,1200,1300,1000,1000,2.0,selalu bertukar kerja,1.0,1.0,3.0,3.0,1.0,1.0,1.0,6.0,7.0,7.0,2.0,2.0,2.0,3.0,2.0,3.0,4.0,4.0,4.0,3.0,1.0,3.0,2.0,2.0,
1,5,4.0,25,I,3.0,,17,,refleksologi,3,3,3,3,2,3,3,3,4,4,4,3,4,1,,,,,0,0,,,,,2.0,1,,2.0,2.0,2.0,2.0,2.0,2.0,4.0,0.0,0.0,0.0,0.0,0.0,0.0,0.0,0.0,0.0,0.0,0.0,0.0,0.0,0.0,0.0,0.0,0.0,0.0,0.0,0.0,0.0,0.0,2.0,2.0,0.0,0.0,0.0,2.0,2.0,8.0,#NULL!,#NULL!,#NULL!,#NULL!,#NULL!,#NULL!,1200,1500,1.0,,3.0,3.0,1.0,1.0,3.0,3.0,6.0,6.0,1.0,1.0,4.0,3.0,4.0,4.0,4.0,4.0,3.0,3.0,3.0,9.0,3.0,1.0,2.0,1.0,
1,5,4.0,13,E,1.0,,11,,fotografi,4,3,2,3,3,3,3,4,4,4,3,4,4,1,,,,,0,0,,,,,2.0,1,,2.0,2.0,2.0,2.0,0.0,2.0,2.0,0.0,0.0,0.0,0.0,0.0,0.0,0.0,0.0,0.0,0.0,0.0,0.0,0.0,0.0,0.0,0.0,0.0,0.0,0.0,0.0,0.0,0.0,0.0,0.0,0.0,0.0,0.0,2.0,2.0,1.0,#NULL!,#NULL!,#NULL!,#NULL!,1000,1000,#NULL!,#NULL!,1.0,,1.0,1.0,1.0,1.0,3.0,3.0,6.0,6.0,7.0,7.0,3.0,3.0,3.0,3.0,3.0,3.0,1.0,3.0,2.0,9.0,1.0,2.0,3.0,3.0,
1,5,4.0,12,C,1.0,,4,,"ubolt, pipe clamp, air tank, sag rod",3,3,2,2,1,2,2,3,3,2,3,3,3,1,,,,,0,0,,,,,2.0,1,,2.0,2.0,2.0,2.0,7.0,1.0,8.0,4.0,0.0,4.0,0.0,0.0,0.0,1.0,0.0,1.0,1.0,0.0,1.0,0.0,0.0,0.0,0.0,0.0,0.0,2.0,0.0,2.0,0.0,0.0,0.0,0.0,0.0,0.0,2.0,2.0,8.0,#NULL!,#NULL!,#NULL!,#NULL!,#NULL!,#NULL!,1200,1800,2.0,belia terlalu memilih kerja,6.0,6.0,2.0,2.0,3.0,3.0,6.0,6.0,1.0,7.0,3.0,3.0,3.0,4.0,3.0,3.0,3.0,4.0,3.0,9.0,1.0,2.0,3.0,3.0,
1,5,3.0,12,C,3.0,,4,,wire harness,3,3,2,3,2,3,3,3,3,3,3,3,2,2,1.0,,,,0,0,,,,,1.0,3,2.0,2.0,2.0,2.0,2.0,20.0,23.0,43.0,8.0,10.0,18.0,2.0,2.0,4.0,2.0,0.0,2.0,0.0,3.0,3.0,0.0,0.0,0.0,0.0,0.0,0.0,4.0,5.0,9.0,9.0,2.0,11.0,0.0,0.0,0.0,1.0,2.0,9.0,#NULL!,#NULL!,#NULL!,#NULL!,#NULL!,#NULL!,1000,1600,2.0,tiada respon melalui online,1.0,1.0,2.0,1.0,3.0,3.0,6.0,6.0,2.0,2.0,4.0,4.0,4.0,4.0,4.0,2.0,3.0,2.0,3.0,7.0,1.0,2.0,3.0,1.0,
1,5,4.0,28,B,3.0,,4,,"plastic, ingection and moulding",3,3,3,2,2,2,3,3,3,2,3,3,3,2,1.0,1.0,,,0,0,,,,,1.0,3,1.0,2.0,2.0,2.0,2.0,65.0,15.0,80.0,1.0,0.0,1.0,0.0,0.0,0.0,1.0,0.0,1.0,0.0,0.0,0.0,0.0,0.0,0.0,0.0,0.0,0.0,0.0,0.0,0.0,61.0,1.0,62.0,0.0,0.0,0.0,2.0,1.0,1.0,3000,3200,#NULL!,#NULL!,#NULL!,#NULL!,#NULL!,#NULL!,1.0,,3.0,3.0,3.0,2.0,3.0,3.0,1.0,6.0,1.0,1.0,3.0,1.0,1.0,1.0,3.0,1.0,1.0,1.0,1.0,2.0,2.0,3.0,1.0,7.0,
1,5,3.0,12,D,3.0,,4,,tali tangsi,3,2,3,3,3,3,3,3,3,3,3,3,2,1,,,,,0,0,,,,,1.0,1,,2.0,2.0,2.0,2.0,63.0,19.0,82.0,0.0,5.0,5.0,0.0,0.0,0.0,0.0,0.0,0.0,0.0,0.0,0.0,0.0,0.0,0.0,0.0,1.0,1.0,0.0,4.0,4.0,60.0,0.0,60.0,0.0,0.0,0.0,1.0,1.0,1.0,#NULL!,#NULL!,1000,2500,#NULL!,#NULL!,#NULL!,#NULL!,2.0,tidak cukup pengalaman,2.0,2.0,3.0,3.0,3.0,3.0,5.0,6.0,2.0,2.0,2.0,3.0,3.0,1.0,3.0,3.0,3.0,3.0,3.0,2.0,3.0,2.0,1.0,10.0,
1,5,3.0,12,D,4.0,,6,,specialized of engineering and machining solutions,2,2,3,2,3,3,3,3,3,3,3,3,3,2,,1.0,,,0,0,,,,,1.0,1,,2.0,2.0,2.0,2.0,10.0,1.0,11.0,7.0,0.0,7.0,0.0,0.0,0.0,5.0,0.0,5.0,2.0,0.0,2.0,0.0,0.0,0.0,0.0,0.0,0.0,0.0,0.0,0.0,0.0,0.0,0.0,0.0,0.0,0.0,2.0,2.0,1.0,2000,3000,#NULL!,#NULL!,#NULL!,#NULL!,1800,1800,1.0,,2.0,2.0,2.0,2.0,3.0,3.0,1.0,6.0,1.0,7.0,2.0,1.0,2.0,2.0,2.0,1.0,1.0,1.0,2.0,2.0,2.0,3.0,2.0,5.0,
1,5,3.0,12,B,3.0,,9,frozen food,fish and seafood product,3,3,2,3,2,3,3,3,2,3,3,4,2,1,,,,,0,0,,,,,1.0,3,2.0,2.0,2.0,2.0,2.0,5.0,13.0,18.0,3.0,15.0,18.0,1.0,1.0,2.0,1.0,2.0,3.0,0.0,5.0,5.0,1.0,2.0,3.0,0.0,0.0,0.0,0.0,5.0,5.0,1.0,1.0,2.0,0.0,0.0,0.0,2.0,1.0,2.0,1800,#NULL!,#NULL!,#NULL!,#NULL!,#NULL!,1000,1100,1.0,,2.0,2.0,3.0,3.0,1.0,1.0,1.0,6.0,1.0,2.0,3.0,4.0,2.0,3.0,2.0,2.0,2.0,2.0,2.0,1.0,3.0,2.0,1.0,1.0,
1,5,3.0,12,B,3.0,,4,,mould,4,2,2,3,3,3,3,3,3,2,3,3,2,1,,,,,0,0,,,,,2.0,3,2.0,2.0,2.0,2.0,2.0,18.0,1.0,19.0,6.0,2.0,8.0,0.0,1.0,1.0,0.0,0.0,0.0,3.0,0.0,3.0,0.0,1.0,1.0,0.0,0.0,0.0,3.0,0.0,3.0,10.0,0.0,10.0,4.0,0.0,4.0,1.0,2.0,6.0,2000,5000,#NULL!,#NULL!,#NULL!,#NULL!,1000,2000,1.0,,6.0,6.0,2.0,2.0,3.0,3.0,5.0,6.0,7.0,7.0,4.0,3.0,3.0,3.0,3.0,2.0,2.0,3.0,2.0,7.0,2.0,3.0,1.0,6.0,
1,5,4.0,12,D,3.0,,4,,furniture,4,3,2,2,2,3,2,3,3,2,3,3,2,1,,,,,0,0,,,,,2.0,3,2.0,2.0,2.0,2.0,2.0,50.0,15.0,65.0,4.0,4.0,8.0,0.0,0.0,0.0,0.0,2.0,2.0,2.0,0.0,2.0,0.0,0.0,0.0,0.0,0.0,0.0,2.0,2.0,4.0,40.0,0.0,40.0,0.0,0.0,0.0,2.0,1.0,1.0,#NULL!,#NULL!,#NULL!,#NULL!,#NULL!,#NULL!,1800,4000,1.0,,2.0,1.0,3.0,3.0,3.0,3.0,6.0,6.0,7.0,7.0,3.0,2.0,2.0,2.0,2.0,2.0,2.0,2.0,2.0,9.0,3.0,2.0,1.0,3.0,
1,5,4.0,25,I,3.0,,17,spa and beauty,"spa, ururtan dan bekam",4,3,3,3,3,3,3,3,3,3,4,4,4,2,1.0,,,,0,0,,,,,1.0,1,,1.0,1.0,2.0,1.0,0.0,5.0,5.0,0.0,9.0,9.0,0.0,1.0,1.0,0.0,4.0,4.0,0.0,0.0,0.0,0.0,0.0,0.0,0.0,4.0,4.0,0.0,0.0,0.0,0.0,0.0,0.0,0.0,0.0,0.0,2.0,1.0,2.0,#NULL!,#NULL!,#NULL!,#NULL!,900,2000,#NULL!,#NULL!,1.0,,6.0,6.0,1.0,1.0,3.0,3.0,5.0,5.0,2.0,2.0,2.0,1.0,2.0,2.0,2.0,2.0,2.0,2.0,2.0,2.0,3.0,2.0,1.0,6.0,
1,5,3.0,12,C,6.0,,4,,household,2,2,1,1,1,1,1,2,3,1,2,3,1,2,1.0,,,,0,0,,,,,2.0,1,,1.0,1.0,2.0,2.0,5.0,5.0,10.0,1.0,2.0,3.0,0.0,0.0,0.0,0.0,0.0,0.0,1.0,2.0,3.0,0.0,0.0,0.0,0.0,0.0,0.0,0.0,0.0,0.0,0.0,0.0,0.0,0.0,0.0,0.0,2.0,2.0,1.0,2000,3000,2500,3500,1000,2000,1000,1800,1.0,,4.0,3.0,3.0,3.0,3.0,3.0,5.0,6.0,1.0,1.0,4.0,5.0,5.0,4.0,3.0,5.0,5.0,5.0,5.0,2.0,3.0,1.0,2.0,12.0,all above
1,5,4.0,18,B,2.0,,9,,makanan dan minuman,2,3,2,3,3,3,3,3,3,4,4,3,4,1,,,,,0,0,,,,,2.0,1,,2.0,2.0,2.0,2.0,6.0,1.0,7.0,12.0,0.0,12.0,0.0,0.0,0.0,1.0,0.0,1.0,5.0,0.0,5.0,0.0,0.0,0.0,0.0,0.0,0.0,6.0,0.0,6.0,0.0,0.0,0.0,0.0,0.0,0.0,2.0,3.0,9.0,#NULL!,#NULL!,#NULL!,#NULL!,#NULL!,#NULL!,1200,2000,2.0,poor dicipline,6.0,6.0,3.0,2.0,3.0,3.0,6.0,6.0,3.0,3.0,3.0,3.0,3.0,3.0,4.0,4.0,1.0,2.0,2.0,8.0,2.0,3.0,1.0,3.0,
1,5,3.0,12,E,1.0,,5,,"kitchen cabinet, table top dan renovation",3,2,2,2,2,2,2,4,3,3,3,3,3,2,1.0,1.0,,,0,0,,,,,2.0,1,,1.0,2.0,2.0,2.0,5.0,0.0,5.0,,2.0,,0.0,0.0,0.0,,0.0,,0.0,1.0,1.0,1.0,0.0,1.0,0.0,0.0,0.0,0.0,1.0,1.0,3.0,0.0,3.0,0.0,0.0,0.0,2.0,1.0,9.0,#NULL!,#NULL!,#NULL!,#NULL!,#NULL!,#NULL!,1500,2880,2.0,nak gaji tinggi dan kurang disiplin,3.0,1.0,2.0,1.0,3.0,3.0,6.0,6.0,2.0,2.0,4.0,4.0,4.0,4.0,4.0,2.0,3.0,3.0,3.0,7.0,1.0,2.0,3.0,3.0,
1,5,4.0,15,G,3.0,,1,,pertanian dan perhutanan,3,3,2,1,2,3,3,1,3,1,2,3,3,2,,1.0,,,0,0,,,,,1.0,1,,1.0,2.0,1.0,2.0,115.0,52.0,167.0,90.0,84.0,174.0,3.0,2.0,5.0,19.0,14.0,33.0,23.0,26.0,49.0,15.0,10.0,25.0,20.0,22.0,42.0,10.0,10.0,20.0,0.0,0.0,0.0,0.0,0.0,0.0,1.0,2.0,1.0,1000,1800,1000,1800,1000,1800,1000,1800,2.0,belia tempatan bagi jawatan operasi,2.0,1.0,3.0,3.0,3.0,3.0,1.0,6.0,2.0,2.0,2.0,2.0,3.0,3.0,3.0,3.0,3.0,4.0,3.0,7.0,3.0,1.0,2.0,3.0,
1,5,,20,I,7.0,,16,,pendidikan dan kemahiran,4,4,4,2,4,4,4,4,3,4,4,4,4,1,,,,,0,0,,,,,1.0,1,,2.0,1.0,1.0,2.0,25.0,37.0,62.0,3.0,0.0,3.0,0.0,0.0,0.0,0.0,0.0,0.0,0.0,0.0,0.0,0.0,0.0,0.0,0.0,0.0,0.0,3.0,0.0,3.0,0.0,0.0,0.0,0.0,0.0,0.0,2.0,2.0,4.0,1800,3144,#NULL!,#NULL!,#NULL!,#NULL!,1360,3824,1.0,,2.0,2.0,3.0,3.0,3.0,3.0,6.0,6.0,1.0,1.0,1.0,1.0,1.0,1.0,1.0,1.0,1.0,1.0,1.0,1.0,1.0,3.0,2.0,5.0,
1,5,4.0,18,F,2.0,,9,,makanan dan minuman,3,2,2,1,3,3,3,2,3,3,3,3,4,1,,,,,0,0,,,,,2.0,1,,2.0,2.0,2.0,2.0,1.0,1.0,2.0,0.0,0.0,0.0,0.0,0.0,0.0,0.0,0.0,0.0,0.0,0.0,0.0,0.0,0.0,0.0,0.0,0.0,0.0,0.0,0.0,0.0,0.0,0.0,0.0,0.0,0.0,0.0,2.0,2.0,8.0,#NULL!,#NULL!,#NULL!,#NULL!,#NULL!,#NULL!,#NULL!,#NULL!,1.0,,6.0,6.0,3.0,3.0,3.0,3.0,6.0,6.0,7.0,7.0,3.0,3.0,3.0,3.0,3.0,3.0,3.0,3.0,3.0,9.0,3.0,1.0,2.0,3.0,
1,5,4.0,5,A,2.0,,1,,fruit,3,1,2,3,3,3,3,3,4,3,3,3,3,2,1.0,,,,0,0,,,,,1.0,1,,1.0,2.0,1.0,1.0,40.0,20.0,60.0,0.0,0.0,0.0,0.0,0.0,0.0,0.0,0.0,0.0,0.0,0.0,0.0,0.0,0.0,0.0,0.0,0.0,0.0,0.0,0.0,0.0,15.0,5.0,20.0,0.0,0.0,0.0,1.0,1.0,9.0,#NULL!,#NULL!,#NULL!,#NULL!,1600,1700,1200,1500,1.0,,3.0,6.0,3.0,3.0,3.0,3.0,1.0,6.0,6.0,2.0,3.0,2.0,2.0,2.0,3.0,2.0,1.0,1.0,1.0,2.0,3.0,2.0,1.0,7.0,
1,5,3.0,9,G,1.0,,10,hp dan aksesori,hp dan aksesori,3,1,2,2,3,3,3,2,3,3,3,3,3,1,,,,,0,0,,,,,2.0,1,,2.0,2.0,2.0,2.0,5.0,1.0,6.0,2.0,1.0,3.0,0.0,0.0,0.0,0.0,0.0,0.0,0.0,0.0,0.0,0.0,0.0,0.0,2.0,1.0,3.0,0.0,0.0,0.0,3.0,0.0,3.0,0.0,0.0,0.0,2.0,2.0,8.0,#NULL!,#NULL!,#NULL!,#NULL!,#NULL!,#NULL!,1200,1400,1.0,,6.0,2.0,3.0,3.0,3.0,3.0,3.0,3.0,7.0,2.0,4.0,4.0,3.0,3.0,3.0,3.0,2.0,3.0,2.0,5.0,1.0,2.0,3.0,3.0,
1,5,4.0,18,F,2.0,,9,,makanan dan minuman,3,2,2,1,3,3,3,3,3,3,3,3,3,1,,,,,0,0,,,,,2.0,1,,2.0,2.0,2.0,2.0,1.0,3.0,4.0,0.0,0.0,0.0,0.0,0.0,0.0,0.0,0.0,0.0,0.0,0.0,0.0,0.0,0.0,0.0,0.0,0.0,0.0,0.0,0.0,0.0,0.0,0.0,0.0,0.0,0.0,0.0,2.0,2.0,8.0,#NULL!,#NULL!,#NULL!,#NULL!,1300,1300,1040,1040,1.0,,6.0,6.0,3.0,3.0,3.0,3.0,6.0,6.0,7.0,3.0,5.0,5.0,3.0,3.0,3.0,3.0,3.0,3.0,2.0,7.0,1.0,2.0,3.0,10.0,
1,5,4.0,23,I,4.0,,1,,kewangan dan logistik,4,4,3,4,3,3,4,4,4,3,2,3,4,1,,,,,0,0,,,,,2.0,1,,2.0,2.0,2.0,2.0,3.0,0.0,3.0,0.0,0.0,0.0,0.0,0.0,0.0,0.0,0.0,0.0,0.0,0.0,0.0,0.0,0.0,0.0,0.0,0.0,0.0,0.0,0.0,0.0,0.0,0.0,0.0,0.0,0.0,0.0,2.0,2.0,8.0,#NULL!,#NULL!,#NULL!,#NULL!,#NULL!,#NULL!,1640,1665,1.0,,6.0,3.0,3.0,2.0,3.0,3.0,6.0,6.0,2.0,2.0,4.0,3.0,3.0,3.0,3.0,3.0,3.0,3.0,3.0,9.0,3.0,2.0,1.0,3.0,
1,5,4.0,25,J,1.0,,19,kedai gunting rambut,gunting rambut,4,4,4,3,4,4,4,4,4,4,4,4,4,1,,,,,0,0,,,,,2.0,1,,2.0,2.0,2.0,2.0,1.0,0.0,1.0,0.0,0.0,0.0,0.0,0.0,0.0,0.0,0.0,0.0,0.0,0.0,0.0,0.0,0.0,0.0,0.0,0.0,0.0,0.0,0.0,0.0,0.0,0.0,0.0,0.0,0.0,0.0,2.0,2.0,8.0,#NULL!,#NULL!,#NULL!,#NULL!,#NULL!,#NULL!,#NULL!,#NULL!,1.0,,6.0,6.0,3.0,3.0,3.0,3.0,6.0,6.0,7.0,2.0,3.0,3.0,3.0,3.0,3.0,3.0,3.0,3.0,3.0,7.0,2.0,3.0,1.0,3.0,
1,5,4.0,1,A,1.0,,8,perkhidmatan,bengkel kereta,4,4,4,4,4,4,4,4,4,4,4,4,4,1,,,,,0,0,,,,,2.0,1,,2.0,2.0,2.0,2.0,0.0,0.0,0.0,0.0,0.0,0.0,0.0,0.0,0.0,0.0,0.0,0.0,0.0,0.0,0.0,0.0,0.0,0.0,0.0,0.0,0.0,0.0,0.0,0.0,0.0,0.0,0.0,0.0,0.0,0.0,2.0,2.0,8.0,#NULL!,#NULL!,#NULL!,#NULL!,#NULL!,#NULL!,#NULL!,#NULL!,1.0,,6.0,6.0,3.0,3.0,3.0,3.0,6.0,6.0,7.0,7.0,3.0,3.0,3.0,3.0,3.0,3.0,3.0,3.0,3.0,9.0,1.0,2.0,3.0,3.0,
1,5,3.0,4,D,2.0,,8,kedai motor,menjual dan membaiki motor,3,1,2,2,3,3,4,3,3,3,3,3,4,1,,,,,0,0,,,,,2.0,1,,2.0,2.0,2.0,2.0,5.0,5.0,10.0,0.0,0.0,0.0,0.0,0.0,0.0,0.0,0.0,0.0,0.0,0.0,0.0,0.0,0.0,0.0,0.0,0.0,0.0,0.0,0.0,0.0,0.0,0.0,0.0,0.0,0.0,0.0,2.0,2.0,9.0,#NULL!,#NULL!,#NULL!,#NULL!,#NULL!,#NULL!,#NULL!,#NULL!,1.0,,6.0,3.0,3.0,2.0,3.0,3.0,6.0,6.0,7.0,6.0,4.0,3.0,3.0,3.0,3.0,3.0,3.0,3.0,3.0,2.0,3.0,2.0,1.0,3.0,
1,5,4.0,12,B,1.0,,7,kedai jahit,kedai jahit,3,3,2,2,4,4,4,3,3,3,3,3,4,1,,,,,0,0,,,,,2.0,1,,2.0,2.0,2.0,2.0,0.0,0.0,0.0,0.0,0.0,0.0,0.0,0.0,0.0,0.0,0.0,0.0,0.0,0.0,0.0,0.0,0.0,0.0,0.0,0.0,0.0,0.0,0.0,0.0,0.0,0.0,0.0,0.0,0.0,0.0,2.0,2.0,8.0,#NULL!,#NULL!,#NULL!,#NULL!,#NULL!,#NULL!,#NULL!,#NULL!,1.0,,6.0,6.0,3.0,3.0,3.0,3.0,6.0,6.0,7.0,7.0,3.0,3.0,3.0,3.0,3.0,3.0,3.0,3.0,3.0,2.0,3.0,2.0,1.0,3.0,
1,5,3.0,17,I,1.0,,17,,klinik,3,2,1,1,3,3,3,3,3,3,3,3,2,1,,,,,0,0,,,,,2.0,1,,2.0,2.0,2.0,2.0,0.0,2.0,2.0,0.0,2.0,2.0,0.0,0.0,0.0,0.0,0.0,0.0,0.0,0.0,0.0,0.0,0.0,0.0,0.0,0.0,0.0,0.0,2.0,2.0,0.0,0.0,0.0,0.0,0.0,0.0,2.0,2.0,9.0,#NULL!,#NULL!,#NULL!,#NULL!,#NULL!,#NULL!,1000,1300,1.0,,2.0,2.0,3.0,3.0,3.0,3.0,6.0,6.0,7.0,7.0,2.0,2.0,3.0,2.0,1.0,2.0,3.0,3.0,3.0,3.0,1.0,2.0,3.0,3.0,
1,5,4.0,12,C,1.0,,18,engineering,architecture and interior design,3,4,4,3,3,3,3,2,3,1,1,3,4,2,1.0,,,,0,0,,,,,1.0,1,,1.0,1.0,2.0,2.0,22.0,3.0,25.0,7.0,0.0,7.0,0.0,0.0,0.0,0.0,0.0,0.0,7.0,0.0,7.0,0.0,0.0,0.0,0.0,0.0,0.0,0.0,0.0,0.0,8.0,0.0,8.0,0.0,0.0,0.0,1.0,1.0,1.0,2000,2000,#NULL!,#NULL!,1430,1430,1170,1170,2.0,demanding,3.0,3.0,2.0,2.0,3.0,3.0,1.0,6.0,2.0,2.0,4.0,3.0,2.0,2.0,5.0,2.0,2.0,2.0,2.0,2.0,3.0,2.0,1.0,3.0,
1,5,4.0,12,B,2.0,,9,,roti and kek,3,2,3,3,4,4,3,3,3,4,4,4,4,2,1.0,,,,0,0,,,,,1.0,1,,2.0,2.0,2.0,2.0,2.0,4.0,6.0,2.0,4.0,6.0,0.0,0.0,0.0,0.0,0.0,0.0,0.0,0.0,0.0,0.0,0.0,0.0,0.0,0.0,0.0,2.0,4.0,6.0,0.0,0.0,0.0,0.0,0.0,0.0,2.0,2.0,9.0,#NULL!,#NULL!,#NULL!,#NULL!,#NULL!,#NULL!,#NULL!,#NULL!,1.0,,6.0,2.0,3.0,3.0,3.0,1.0,6.0,6.0,6.0,3.0,3.0,3.0,3.0,3.0,3.0,3.0,3.0,3.0,3.0,9.0,3.0,2.0,1.0,3.0,
1,5,3.0,12,C,3.0,,1,fertilizer,biotechnology- fertilizer,3,2,1,2,4,4,3,3,3,3,3,4,4,2,1.0,,,,0,0,,,,,1.0,3,2.0,1.0,1.0,1.0,1.0,10.0,2.0,12.0,2.0,2.0,4.0,0.0,0.0,0.0,2.0,1.0,3.0,0.0,0.0,0.0,0.0,0.0,0.0,0.0,0.0,0.0,0.0,1.0,1.0,0.0,0.0,0.0,0.0,0.0,0.0,2.0,2.0,1.0,2000,2080,#NULL!,#NULL!,#NULL!,#NULL!,1200,1248,1.0,,3.0,3.0,3.0,2.0,3.0,3.0,1.0,6.0,6.0,2.0,2.0,2.0,2.0,2.0,2.0,2.0,2.0,2.0,2.0,2.0,3.0,1.0,2.0,7.0,
1,5,2.0,4,A,4.0,,1,,kelapa sawit,2,1,2,2,3,3,2,2,3,3,3,3,3,2,1.0,,,,0,0,,,,,1.0,2,1.0,1.0,1.0,2.0,2.0,5.0,2.0,7.0,0.0,0.0,0.0,0.0,0.0,0.0,0.0,0.0,0.0,0.0,0.0,0.0,0.0,0.0,0.0,0.0,0.0,0.0,0.0,0.0,0.0,0.0,0.0,0.0,0.0,0.0,0.0,1.0,1.0,1.0,#NULL!,#NULL!,1800,2200,#NULL!,#NULL!,1200,1500,1.0,,2.0,3.0,3.0,3.0,3.0,3.0,1.0,6.0,6.0,2.0,2.0,3.0,2.0,1.0,2.0,1.0,1.0,1.0,1.0,6.0,1.0,2.0,3.0,5.0,
1,5,4.0,13,E,1.0,,7,kedai emas,kedai emas,3,4,1,2,3,3,3,2,3,3,3,3,3,2,1.0,,,,0,0,,,,,1.0,1,,2.0,2.0,2.0,2.0,1.0,1.0,2.0,0.0,1.0,1.0,0.0,0.0,0.0,0.0,0.0,0.0,0.0,0.0,0.0,0.0,0.0,0.0,0.0,1.0,1.0,0.0,0.0,0.0,0.0,0.0,0.0,0.0,0.0,0.0,2.0,2.0,8.0,#NULL!,#NULL!,#NULL!,#NULL!,1200,#NULL!,1000,#NULL!,1.0,,6.0,2.0,3.0,3.0,3.0,3.0,6.0,6.0,6.0,2.0,3.0,3.0,2.0,2.0,2.0,2.0,2.0,2.0,2.0,9.0,3.0,2.0,1.0,3.0,
1,5,3.0,12,C,1.0,,4,,plastic,3,3,3,3,3,3,3,3,3,3,3,3,3,1,,,,,0,0,,,,,2.0,1,,2.0,1.0,2.0,2.0,4.0,1.0,5.0,3.0,2.0,5.0,0.0,1.0,1.0,0.0,0.0,0.0,1.0,0.0,1.0,0.0,0.0,0.0,2.0,1.0,3.0,0.0,0.0,0.0,0.0,0.0,0.0,0.0,0.0,0.0,2.0,1.0,9.0,#NULL!,#NULL!,#NULL!,#NULL!,#NULL!,#NULL!,1000,2000,1.0,,2.0,2.0,3.0,3.0,3.0,3.0,1.0,6.0,1.0,1.0,3.0,2.0,2.0,2.0,2.0,2.0,2.0,2.0,2.0,2.0,1.0,3.0,2.0,5.0,
1,5,4.0,20,I,1.0,,16,,pendidikan,3,3,3,2,3,4,3,3,3,3,3,3,3,1,,,,,0,0,,,,,2.0,1,,2.0,2.0,2.0,2.0,2.0,2.0,4.0,0.0,2.0,2.0,0.0,0.0,0.0,0.0,0.0,0.0,0.0,0.0,0.0,0.0,2.0,2.0,0.0,0.0,0.0,0.0,0.0,0.0,0.0,0.0,0.0,0.0,0.0,0.0,2.0,1.0,9.0,800,1500,#NULL!,#NULL!,#NULL!,#NULL!,#NULL!,#NULL!,1.0,,2.0,2.0,3.0,3.0,3.0,3.0,1.0,1.0,6.0,7.0,2.0,3.0,2.0,2.0,3.0,2.0,2.0,2.0,2.0,1.0,1.0,3.0,2.0,5.0,
1,5,4.0,12,B,2.0,,9,,roti,3,3,3,2,3,3,3,3,4,4,4,3,2,1,,,,,0,0,,,,,2.0,1,,2.0,2.0,2.0,2.0,2.0,0.0,2.0,0.0,0.0,0.0,0.0,0.0,0.0,0.0,0.0,0.0,0.0,0.0,0.0,0.0,0.0,0.0,0.0,0.0,0.0,0.0,0.0,0.0,0.0,0.0,0.0,0.0,0.0,0.0,2.0,2.0,9.0,#NULL!,#NULL!,#NULL!,#NULL!,#NULL!,#NULL!,900,1000,1.0,,6.0,3.0,3.0,3.0,3.0,3.0,6.0,6.0,7.0,3.0,3.0,3.0,3.0,3.0,3.0,3.0,3.0,3.0,3.0,9.0,3.0,2.0,1.0,3.0,
1,5,3.0,12,C,3.0,,4,,steel,2,1,1,2,2,2,2,2,3,3,2,2,2,1,,,,,0,0,,,,,2.0,1,,2.0,2.0,2.0,2.0,3.0,1.0,4.0,2.0,0.0,2.0,0.0,0.0,0.0,0.0,0.0,0.0,1.0,0.0,1.0,0.0,0.0,0.0,0.0,0.0,0.0,1.0,0.0,1.0,2.0,0.0,2.0,0.0,0.0,0.0,2.0,1.0,9.0,#NULL!,#NULL!,#NULL!,#NULL!,1500,1700,2000,3000,2.0,belia tidak rela bekerja sebagai buruh dan pemalas,3.0,2.0,3.0,2.0,3.0,3.0,5.0,6.0,2.0,7.0,3.0,3.0,3.0,3.0,2.0,3.0,4.0,4.0,4.0,9.0,3.0,1.0,2.0,3.0,
1,5,4.0,17,I,1.0,,17,,service kesihatan,2,2,2,1,3,4,4,3,4,2,3,3,3,2,1.0,,,,0,0,,,,,2.0,3,2.0,2.0,2.0,2.0,2.0,0.0,4.0,4.0,0.0,4.0,4.0,0.0,2.0,2.0,0.0,0.0,0.0,0.0,0.0,0.0,0.0,0.0,0.0,0.0,1.0,1.0,0.0,1.0,1.0,0.0,0.0,0.0,0.0,0.0,0.0,2.0,3.0,9.0,#NULL!,#NULL!,#NULL!,#NULL!,1200,1300,1000,1100,2.0,demanding and choosy,6.0,2.0,1.0,1.0,3.0,3.0,5.0,6.0,2.0,2.0,3.0,3.0,4.0,2.0,2.0,2.0,2.0,2.0,2.0,5.0,3.0,2.0,1.0,6.0,
1,5,4.0,17,I,1.0,,15,,pusat asuhan,1,1,2,2,1,4,4,2,3,3,3,4,4,2,,1.0,,,1,0,1.0,,6.0,6.0,1.0,3,1.0,1.0,1.0,2.0,2.0,0.0,5.0,5.0,0.0,15.0,15.0,0.0,5.0,5.0,0.0,5.0,5.0,0.0,0.0,0.0,0.0,0.0,0.0,0.0,0.0,0.0,0.0,5.0,5.0,0.0,0.0,0.0,0.0,0.0,0.0,2.0,2.0,1.0,#NULL!,#NULL!,#NULL!,#NULL!,#NULL!,#NULL!,800,1300,1.0,,1.0,1.0,1.0,2.0,2.0,2.0,6.0,2.0,2.0,2.0,1.0,2.0,1.0,1.0,1.0,2.0,1.0,1.0,2.0,3.0,1.0,3.0,2.0,10.0,
1,5,3.0,12,C,3.0,,4,,compressor,2,2,2,2,3,2,2,3,4,3,3,2,2,2,1.0,,,,0,0,,,,,1.0,2,2.0,2.0,2.0,2.0,2.0,30.0,4.0,34.0,25.0,8.0,33.0,0.0,1.0,1.0,0.0,0.0,0.0,25.0,3.0,28.0,0.0,0.0,0.0,0.0,2.0,2.0,0.0,2.0,2.0,25.0,0.0,25.0,0.0,0.0,0.0,1.0,1.0,2.0,#NULL!,#NULL!,#NULL!,#NULL!,1600,2000,1300,1500,1.0,,2.0,2.0,3.0,3.0,3.0,3.0,5.0,6.0,2.0,7.0,3.0,3.0,3.0,3.0,3.0,3.0,4.0,3.0,4.0,9.0,3.0,2.0,1.0,2.0,
1,5,4.0,12,B,1.0,,7,,produk makanan,3,2,1,2,3,3,3,3,3,3,4,3,4,1,,,,,0,0,,,,,2.0,1,,2.0,2.0,2.0,2.0,1.0,2.0,3.0,0.0,1.0,1.0,0.0,0.0,0.0,0.0,0.0,0.0,0.0,0.0,0.0,0.0,0.0,0.0,0.0,0.0,0.0,0.0,1.0,1.0,0.0,0.0,0.0,0.0,0.0,0.0,2.0,2.0,2.0,#NULL!,#NULL!,#NULL!,#NULL!,#NULL!,#NULL!,900,1500,1.0,,6.0,6.0,3.0,3.0,3.0,3.0,6.0,6.0,7.0,7.0,3.0,3.0,2.0,3.0,4.0,2.0,2.0,3.0,2.0,9.0,1.0,2.0,3.0,3.0,
1,5,4.0,18,F,2.0,,9,,chinese food,3,3,3,2,3,3,2,3,3,4,4,2,3,1,,,,,0,0,,,,,2.0,1,,2.0,2.0,2.0,2.0,1.0,1.0,2.0,1.0,0.0,1.0,1.0,0.0,1.0,0.0,0.0,0.0,0.0,0.0,0.0,0.0,0.0,0.0,0.0,0.0,0.0,0.0,0.0,0.0,0.0,0.0,0.0,0.0,0.0,0.0,2.0,2.0,8.0,#NULL!,#NULL!,#NULL!,#NULL!,1000,1000,1000,1000,1.0,,6.0,6.0,3.0,3.0,3.0,3.0,6.0,6.0,3.0,3.0,3.0,3.0,3.0,4.0,4.0,3.0,3.0,4.0,4.0,9.0,1.0,2.0,3.0,3.0,
1,5,4.0,12,C,11.0,perkongsian,4,,electroplating,3,3,2,2,2,3,3,3,3,3,3,3,3,1,,,,,0,0,,,,,2.0,1,,2.0,2.0,2.0,2.0,5.0,0.0,5.0,0.0,0.0,0.0,0.0,0.0,0.0,0.0,0.0,0.0,0.0,0.0,0.0,0.0,0.0,0.0,0.0,0.0,0.0,0.0,0.0,0.0,0.0,0.0,0.0,0.0,0.0,0.0,2.0,2.0,9.0,#NULL!,#NULL!,#NULL!,#NULL!,#NULL!,#NULL!,1100,1200,1.0,,6.0,6.0,2.0,2.0,3.0,3.0,6.0,6.0,7.0,7.0,3.0,3.0,3.0,3.0,3.0,2.0,2.0,2.0,2.0,9.0,1.0,3.0,2.0,8.0,
1,5,4.0,18,F,2.0,,9,,vegetarian foods,3,3,2,3,3,3,3,3,3,3,4,3,4,1,,,,,0,0,,,,,2.0,1,,2.0,2.0,2.0,2.0,2.0,2.0,4.0,1.0,0.0,1.0,1.0,0.0,1.0,0.0,0.0,0.0,0.0,0.0,0.0,0.0,0.0,0.0,0.0,0.0,0.0,0.0,0.0,0.0,0.0,0.0,0.0,0.0,0.0,0.0,2.0,2.0,9.0,#NULL!,#NULL!,#NULL!,#NULL!,#NULL!,#NULL!,500,1000,1.0,,6.0,6.0,3.0,3.0,3.0,3.0,6.0,6.0,3.0,3.0,3.0,3.0,2.0,4.0,4.0,4.0,2.0,3.0,3.0,3.0,2.0,3.0,1.0,1.0,
1,5,4.0,16,J,1.0,,11,,cyber cafe,3,3,3,3,4,4,3,3,3,2,3,3,4,1,,,,,0,0,,,,,2.0,1,,2.0,2.0,2.0,2.0,3.0,0.0,3.0,2.0,0.0,2.0,0.0,0.0,0.0,0.0,0.0,0.0,0.0,0.0,0.0,0.0,0.0,0.0,0.0,0.0,0.0,2.0,0.0,2.0,0.0,0.0,0.0,0.0,0.0,0.0,2.0,1.0,2.0,#NULL!,#NULL!,#NULL!,#NULL!,#NULL!,#NULL!,600,700,1.0,,1.0,1.0,2.0,2.0,3.0,3.0,6.0,6.0,7.0,7.0,3.0,3.0,3.0,3.0,3.0,3.0,2.0,2.0,2.0,9.0,1.0,2.0,3.0,3.0,
1,5,2.0,12,B,3.0,,4,,pemprosesan papan,3,1,2,2,2,2,3,3,3,3,3,3,3,1,,,,,0,0,,,,,2.0,3,1.0,2.0,2.0,2.0,2.0,34.0,3.0,37.0,0.0,0.0,0.0,0.0,0.0,0.0,0.0,0.0,0.0,0.0,0.0,0.0,0.0,0.0,0.0,0.0,0.0,0.0,0.0,0.0,0.0,23.0,0.0,23.0,0.0,0.0,0.0,2.0,1.0,1.0,1200,2000,1200,2000,1200,2000,1200,2000,1.0,,6.0,6.0,1.0,2.0,3.0,3.0,6.0,6.0,7.0,7.0,3.0,3.0,3.0,3.0,2.0,2.0,1.0,1.0,1.0,7.0,3.0,2.0,1.0,3.0,
1,5,4.0,12,D,1.0,,4,,welding,3,3,2,3,3,3,3,3,3,4,3,3,4,1,,,,,0,0,,,,,2.0,1,,2.0,2.0,2.0,2.0,1.0,0.0,1.0,0.0,0.0,0.0,0.0,0.0,0.0,0.0,0.0,0.0,0.0,0.0,0.0,0.0,0.0,0.0,0.0,0.0,0.0,0.0,0.0,0.0,0.0,0.0,0.0,0.0,0.0,0.0,2.0,1.0,9.0,#NULL!,#NULL!,#NULL!,#NULL!,#NULL!,#NULL!,1000,1100,1.0,,6.0,2.0,1.0,2.0,2.0,2.0,6.0,5.0,2.0,2.0,3.0,2.0,1.0,2.0,2.0,1.0,1.0,1.0,2.0,9.0,1.0,2.0,3.0,3.0,
1,5,4.0,17,E,4.0,,13,,insurance products,1,1,2,1,2,2,2,2,3,3,3,3,2,2,1.0,1.0,,,0,0,,,,,1.0,3,1.0,1.0,1.0,1.0,1.0,5.0,8.0,13.0,2.0,3.0,5.0,1.0,1.0,2.0,1.0,0.0,1.0,0.0,0.0,0.0,0.0,2.0,2.0,0.0,0.0,0.0,0.0,0.0,0.0,0.0,0.0,0.0,0.0,0.0,0.0,1.0,1.0,1.0,1000,1300,1000,1300,1000,1300,900,1000,1.0,,2.0,2.0,3.0,3.0,3.0,3.0,1.0,6.0,1.0,1.0,1.0,1.0,1.0,2.0,2.0,2.0,2.0,2.0,2.0,9.0,1.0,2.0,3.0,3.0,
1,5,4.0,18,F,11.0,perkongsian,9,,makanan dan minuman,3,2,3,3,3,2,3,3,2,2,3,3,3,1,,,,,0,0,,,,,2.0,1,,2.0,2.0,2.0,2.0,1.0,2.0,3.0,1.0,1.0,2.0,1.0,1.0,2.0,0.0,0.0,0.0,0.0,0.0,0.0,0.0,0.0,0.0,0.0,0.0,0.0,0.0,0.0,0.0,0.0,0.0,0.0,0.0,0.0,0.0,2.0,1.0,10.0,#NULL!,#NULL!,#NULL!,#NULL!,#NULL!,#NULL!,1000,1500,1.0,,2.0,6.0,1.0,3.0,2.0,3.0,6.0,6.0,2.0,7.0,2.0,2.0,2.0,2.0,2.0,2.0,2.0,2.0,2.0,5.0,1.0,2.0,3.0,1.0,
1,5,4.0,12,B,1.0,,4,,membuat frame,3,3,1,3,3,3,3,3,3,2,3,3,4,1,,,,,0,0,,,,,2.0,1,,2.0,2.0,2.0,2.0,2.0,0.0,2.0,1.0,0.0,1.0,0.0,0.0,0.0,0.0,0.0,0.0,1.0,0.0,1.0,0.0,0.0,0.0,0.0,0.0,0.0,0.0,0.0,0.0,0.0,0.0,0.0,0.0,0.0,0.0,2.0,2.0,2.0,#NULL!,#NULL!,#NULL!,#NULL!,#NULL!,#NULL!,1200,1800,2.0,masalah disiplin dan tiada komitmen,6.0,6.0,3.0,3.0,3.0,3.0,6.0,6.0,2.0,2.0,3.0,3.0,2.0,3.0,3.0,2.0,2.0,3.0,2.0,7.0,2.0,1.0,3.0,3.0,
1,5,4.0,21,E,1.0,,8,,membawa van sekolah,2,4,1,1,4,4,4,4,4,3,4,4,4,1,,,,,0,0,,,,,2.0,1,,2.0,2.0,2.0,2.0,1.0,0.0,1.0,0.0,0.0,0.0,0.0,0.0,0.0,0.0,0.0,0.0,0.0,0.0,0.0,0.0,0.0,0.0,0.0,0.0,0.0,0.0,0.0,0.0,0.0,0.0,0.0,0.0,0.0,0.0,2.0,2.0,7.0,#NULL!,#NULL!,#NULL!,#NULL!,#NULL!,#NULL!,1000,1200,1.0,,6.0,6.0,3.0,3.0,3.0,3.0,6.0,6.0,7.0,7.0,3.0,3.0,3.0,3.0,3.0,3.0,3.0,3.0,3.0,9.0,2.0,1.0,3.0,3.0,
1,5,4.0,4,A,1.0,,1,,perkhidmatan mengangkut kelapa sawit,3,2,3,2,2,2,2,3,3,3,3,4,4,1,,,,,0,0,,,,,2.0,1,,2.0,2.0,2.0,2.0,2.0,0.0,2.0,0.0,0.0,0.0,0.0,0.0,0.0,0.0,0.0,0.0,0.0,0.0,0.0,0.0,0.0,0.0,0.0,0.0,0.0,0.0,0.0,0.0,0.0,0.0,0.0,0.0,0.0,0.0,2.0,1.0,9.0,#NULL!,#NULL!,#NULL!,#NULL!,#NULL!,#NULL!,1000,2000,1.0,,6.0,6.0,2.0,2.0,3.0,3.0,6.0,6.0,2.0,2.0,4.0,5.0,3.0,3.0,3.0,2.0,2.0,4.0,3.0,9.0,1.0,2.0,3.0,3.0,
1,5,4.0,4,E,1.0,,1,,tanaman limau nipis,4,4,3,3,3,3,3,1,3,4,4,4,4,1,,,,,0,0,,,,,2.0,1,,2.0,2.0,2.0,2.0,0.0,0.0,0.0,0.0,0.0,0.0,0.0,0.0,0.0,0.0,0.0,0.0,0.0,0.0,0.0,0.0,0.0,0.0,0.0,0.0,0.0,0.0,0.0,0.0,0.0,0.0,0.0,0.0,0.0,0.0,2.0,2.0,8.0,#NULL!,#NULL!,#NULL!,#NULL!,#NULL!,#NULL!,#NULL!,#NULL!,1.0,,6.0,6.0,2.0,2.0,3.0,3.0,6.0,6.0,2.0,2.0,3.0,3.0,3.0,3.0,3.0,3.0,3.0,3.0,3.0,2.0,1.0,3.0,2.0,1.0,
1,5,4.0,12,D,3.0,,4,,supplier of door jambs & frames to the door indust,4,1,1,2,1,3,1,2,1,1,3,2,3,2,1.0,1.0,1.0,,0,0,,,,,1.0,3,1.0,1.0,1.0,1.0,1.0,154.0,22.0,176.0,74.0,10.0,84.0,0.0,0.0,0.0,0.0,0.0,0.0,71.0,6.0,77.0,2.0,4.0,6.0,0.0,0.0,0.0,1.0,0.0,1.0,0.0,0.0,0.0,0.0,0.0,0.0,1.0,1.0,1.0,2000,4000,2000,4000,1500,2500,1000,1200,2.0,belia tidak rela buat kerja-kerja berat,6.0,6.0,3.0,3.0,3.0,3.0,6.0,6.0,7.0,7.0,2.0,1.0,1.0,1.0,1.0,2.0,2.0,2.0,2.0,2.0,1.0,2.0,3.0,12.0,pekerjaan yang setimpal dengan bidang pengajian
1,5,4.0,25,J,1.0,,7,,menjual dan membaiki basikal,3,2,2,2,3,3,2,2,3,3,3,3,3,1,,,,,0,0,,,,,2.0,1,,2.0,2.0,2.0,2.0,1.0,0.0,1.0,0.0,0.0,0.0,0.0,0.0,0.0,0.0,0.0,0.0,0.0,0.0,0.0,0.0,0.0,0.0,0.0,0.0,0.0,0.0,0.0,0.0,0.0,0.0,0.0,0.0,0.0,0.0,2.0,2.0,8.0,#NULL!,#NULL!,#NULL!,#NULL!,#NULL!,#NULL!,1000,1500,1.0,,1.0,1.0,3.0,3.0,3.0,3.0,6.0,6.0,7.0,7.0,3.0,3.0,3.0,3.0,3.0,3.0,3.0,3.0,3.0,7.0,2.0,1.0,3.0,1.0,
1,5,2.0,12,B,3.0,,4,,membuat pakaian,2,3,2,3,2,2,2,2,2,2,3,3,3,2,1.0,1.0,,,0,0,,,,,2.0,3,1.0,2.0,2.0,2.0,2.0,4.0,10.0,14.0,0.0,7.0,7.0,0.0,7.0,7.0,0.0,0.0,0.0,0.0,0.0,0.0,0.0,0.0,0.0,0.0,0.0,0.0,0.0,0.0,0.0,0.0,0.0,0.0,0.0,0.0,0.0,2.0,2.0,2.0,#NULL!,#NULL!,#NULL!,#NULL!,#NULL!,#NULL!,1000,1500,1.0,,1.0,1.0,3.0,3.0,3.0,3.0,6.0,6.0,2.0,2.0,3.0,3.0,2.0,3.0,3.0,2.0,2.0,2.0,2.0,9.0,2.0,3.0,1.0,3.0,
1,5,4.0,18,F,2.0,,9,,makanan dan minuman,3,3,2,3,3,3,3,2,3,3,3,3,3,1,,,,,0,0,,,,,2.0,1,,2.0,2.0,2.0,2.0,1.0,2.0,3.0,0.0,0.0,0.0,0.0,0.0,0.0,0.0,0.0,0.0,0.0,0.0,0.0,0.0,0.0,0.0,0.0,0.0,0.0,0.0,0.0,0.0,0.0,0.0,0.0,0.0,0.0,0.0,2.0,2.0,8.0,#NULL!,#NULL!,#NULL!,#NULL!,#NULL!,#NULL!,1000,1500,1.0,,6.0,6.0,3.0,3.0,3.0,3.0,6.0,6.0,7.0,7.0,3.0,3.0,2.0,3.0,3.0,2.0,2.0,3.0,2.0,7.0,1.0,3.0,2.0,3.0,
1,5,3.0,12,D,1.0,,4,,membuat perabot,1,1,1,1,1,1,1,3,2,1,1,1,3,2,1.0,,,,0,0,,,,,2.0,1,,2.0,2.0,2.0,2.0,17.0,2.0,19.0,0.0,0.0,0.0,0.0,0.0,0.0,0.0,0.0,0.0,0.0,0.0,0.0,0.0,0.0,0.0,0.0,0.0,0.0,0.0,0.0,0.0,0.0,0.0,0.0,0.0,0.0,0.0,2.0,1.0,8.0,#NULL!,#NULL!,#NULL!,#NULL!,#NULL!,#NULL!,1000,3000,2.0,masalah disiplin dan tiada komitmen,5.0,2.0,2.0,2.0,2.0,2.0,6.0,6.0,7.0,7.0,3.0,2.0,3.0,3.0,3.0,1.0,1.0,3.0,3.0,7.0,1.0,2.0,3.0,12.0,lokasi kerja yang dekat
1,5,4.0,12,C,3.0,,4,,batu bata dan tanah,3,2,2,1,3,3,2,3,3,3,3,3,2,1,,,,,0,0,,,,,2.0,1,,2.0,2.0,2.0,2.0,30.0,7.0,37.0,2.0,3.0,5.0,0.0,2.0,2.0,0.0,0.0,0.0,1.0,0.0,1.0,0.0,0.0,0.0,1.0,1.0,2.0,0.0,0.0,0.0,0.0,0.0,0.0,0.0,0.0,0.0,2.0,2.0,2.0,#NULL!,#NULL!,#NULL!,#NULL!,1000,1200,1000,1200,2.0,young workers are choosy,2.0,2.0,2.0,2.0,3.0,3.0,5.0,6.0,6.0,6.0,3.0,2.0,2.0,2.0,2.0,3.0,2.0,3.0,2.0,2.0,3.0,1.0,2.0,3.0,
1,5,4.0,17,G,1.0,,13,,insurance msig,2,4,1,1,4,4,4,4,4,2,2,4,4,1,,,,,0,0,,,,,2.0,1,,2.0,2.0,2.0,2.0,1.0,0.0,1.0,0.0,0.0,0.0,0.0,0.0,0.0,0.0,0.0,0.0,0.0,0.0,0.0,0.0,0.0,0.0,0.0,0.0,0.0,0.0,0.0,0.0,0.0,0.0,0.0,0.0,0.0,0.0,2.0,2.0,9.0,#NULL!,#NULL!,#NULL!,#NULL!,#NULL!,#NULL!,1000,1500,1.0,,6.0,6.0,3.0,3.0,3.0,3.0,6.0,6.0,6.0,6.0,1.0,1.0,1.0,1.0,1.0,3.0,1.0,1.0,1.0,7.0,1.0,2.0,3.0,3.0,
1,5,3.0,12,J,1.0,,5,,electronic service,2,2,2,2,3,3,2,3,3,3,3,3,3,2,1.0,,,,0,0,,,,,1.0,1,,1.0,2.0,2.0,2.0,1.0,0.0,1.0,0.0,0.0,0.0,0.0,0.0,0.0,0.0,0.0,0.0,0.0,0.0,0.0,0.0,0.0,0.0,0.0,0.0,0.0,0.0,0.0,0.0,0.0,0.0,0.0,0.0,0.0,0.0,2.0,2.0,8.0,2000,2500,#NULL!,#NULL!,#NULL!,#NULL!,#NULL!,#NULL!,1.0,,1.0,6.0,2.0,3.0,1.0,3.0,1.0,6.0,3.0,3.0,2.0,2.0,2.0,3.0,3.0,2.0,2.0,2.0,2.0,7.0,1.0,2.0,3.0,1.0,
1,5,4.0,25,G,2.0,,19,company secretary,company secretarial services,2,3,2,3,2,2,2,2,3,2,3,3,4,2,1.0,,,,1,1,1.0,,6.0,0.0,2.0,2,3.0,1.0,2.0,2.0,2.0,1.0,5.0,6.0,0.0,4.0,4.0,0.0,0.0,0.0,0.0,1.0,1.0,0.0,0.0,0.0,0.0,3.0,3.0,0.0,0.0,0.0,0.0,0.0,0.0,0.0,0.0,0.0,0.0,0.0,0.0,2.0,2.0,8.0,1500,2000,#NULL!,#NULL!,2000,3000,1500,1500,2.0,pressure,1.0,1.0,1.0,1.0,1.0,1.0,3.0,3.0,1.0,1.0,3.0,2.0,3.0,4.0,2.0,2.0,3.0,2.0,2.0,2.0,3.0,2.0,1.0,1.0,
1,5,4.0,18,F,2.0,,9,,makanan dan minuman,3,3,2,2,2,2,2,1,1,3,3,3,4,2,1.0,,,,0,0,,,,,2.0,1,,2.0,2.0,2.0,2.0,0.0,3.0,3.0,0.0,0.0,0.0,0.0,0.0,0.0,0.0,0.0,0.0,0.0,0.0,0.0,0.0,0.0,0.0,0.0,0.0,0.0,0.0,0.0,0.0,0.0,1.0,1.0,0.0,0.0,0.0,2.0,2.0,8.0,#NULL!,#NULL!,#NULL!,#NULL!,#NULL!,#NULL!,900,1200,2.0,did not meet the job requirements,1.0,1.0,3.0,3.0,3.0,3.0,6.0,6.0,2.0,2.0,3.0,3.0,2.0,3.0,3.0,2.0,2.0,2.0,2.0,8.0,1.0,3.0,2.0,3.0,
1,5,4.0,12,B,3.0,,4,,pallet,3,2,3,1,1,1,1,3,3,1,1,3,3,2,1.0,,,,0,0,,,,,2.0,1,,2.0,2.0,2.0,2.0,20.0,4.0,24.0,10.0,2.0,12.0,0.0,2.0,2.0,0.0,0.0,0.0,0.0,0.0,0.0,0.0,0.0,0.0,10.0,0.0,10.0,0.0,0.0,0.0,4.0,0.0,4.0,0.0,0.0,0.0,2.0,2.0,8.0,#NULL!,#NULL!,#NULL!,#NULL!,#NULL!,#NULL!,1000,2500,2.0,pekerja tidak bertahan lama dengan suasana kerja,2.0,2.0,2.0,2.0,3.0,3.0,6.0,6.0,2.0,2.0,2.0,2.0,2.0,3.0,3.0,2.0,3.0,2.0,2.0,6.0,1.0,2.0,3.0,7.0,
1,5,3.0,12,C,2.0,,1,,pembuatan baja,2,2,2,3,2,3,2,2,3,3,3,3,3,2,1.0,,,,0,0,,,,,2.0,1,,2.0,2.0,2.0,2.0,4.0,1.0,5.0,0.0,0.0,0.0,0.0,0.0,0.0,0.0,0.0,0.0,0.0,0.0,0.0,0.0,0.0,0.0,0.0,0.0,0.0,0.0,0.0,0.0,0.0,0.0,0.0,0.0,0.0,0.0,2.0,3.0,2.0,#NULL!,#NULL!,#NULL!,#NULL!,#NULL!,#NULL!,2000,3000,2.0,attitude problem,1.0,1.0,1.0,2.0,1.0,1.0,6.0,6.0,6.0,6.0,3.0,3.0,1.0,1.0,2.0,1.0,1.0,1.0,1.0,9.0,1.0,2.0,3.0,3.0,
1,5,3.0,12,C,1.0,,4,,pembuatan awning,4,4,4,4,4,4,4,2,4,4,4,4,4,1,,,,,0,0,,,,,2.0,1,,2.0,2.0,2.0,2.0,1.0,0.0,1.0,0.0,0.0,0.0,0.0,0.0,0.0,0.0,0.0,0.0,0.0,0.0,0.0,0.0,0.0,0.0,0.0,0.0,0.0,0.0,0.0,0.0,0.0,0.0,0.0,0.0,0.0,0.0,2.0,2.0,8.0,#NULL!,#NULL!,#NULL!,#NULL!,#NULL!,#NULL!,1000,1500,1.0,,6.0,6.0,3.0,3.0,3.0,3.0,6.0,6.0,7.0,7.0,3.0,3.0,3.0,3.0,3.0,3.0,3.0,3.0,3.0,9.0,1.0,2.0,3.0,6.0,
1,5,4.0,12,B,10.0,,19,perkhidmatan kanopi,perkhidmatan kanopi,1,2,2,1,1,3,2,1,2,2,1,2,4,1,,,,,0,0,,,,,2.0,2,1.0,1.0,2.0,2.0,2.0,4.0,0.0,4.0,0.0,0.0,0.0,0.0,0.0,0.0,0.0,0.0,0.0,0.0,0.0,0.0,0.0,0.0,0.0,0.0,0.0,0.0,0.0,0.0,0.0,0.0,0.0,0.0,0.0,0.0,0.0,2.0,1.0,1.0,#NULL!,#NULL!,#NULL!,#NULL!,#NULL!,#NULL!,1000,1000,2.0,attitude problem,6.0,6.0,2.0,2.0,3.0,3.0,6.0,6.0,6.0,6.0,3.0,3.0,3.0,3.0,3.0,3.0,3.0,3.0,3.0,9.0,1.0,2.0,3.0,3.0,
1,5,4.0,12,C,1.0,,4,,pembuatan,2,1,1,1,1,1,1,1,4,2,4,3,4,1,,,,,0,0,,,,,2.0,1,,1.0,2.0,2.0,2.0,3.0,0.0,3.0,0.0,0.0,0.0,0.0,0.0,0.0,0.0,0.0,0.0,0.0,0.0,0.0,0.0,0.0,0.0,0.0,0.0,0.0,0.0,0.0,0.0,0.0,0.0,0.0,0.0,0.0,0.0,2.0,2.0,9.0,#NULL!,#NULL!,#NULL!,#NULL!,#NULL!,#NULL!,1000,1000,2.0,tidak berminat,3.0,3.0,2.0,2.0,2.0,2.0,6.0,6.0,2.0,2.0,3.0,3.0,3.0,3.0,3.0,2.0,1.0,3.0,3.0,7.0,2.0,1.0,3.0,5.0,
1,5,4.0,21,E,1.0,,8,,membawa bas sekolah,2,3,3,3,4,4,4,3,4,4,4,3,4,1,,,,,0,0,,,,,2.0,1,,2.0,2.0,2.0,2.0,1.0,0.0,1.0,0.0,0.0,0.0,0.0,0.0,0.0,0.0,0.0,0.0,0.0,0.0,0.0,0.0,0.0,0.0,0.0,0.0,0.0,0.0,0.0,0.0,0.0,0.0,0.0,0.0,0.0,0.0,2.0,2.0,8.0,#NULL!,#NULL!,#NULL!,#NULL!,#NULL!,#NULL!,1000,1000,1.0,,6.0,6.0,3.0,3.0,3.0,3.0,6.0,6.0,7.0,7.0,3.0,3.0,3.0,3.0,3.0,3.0,3.0,3.0,3.0,9.0,3.0,2.0,1.0,3.0,
1,5,4.0,12,B,2.0,,10,design signbord,design number plate and signboard,3,2,2,2,2,3,3,2,3,3,3,2,4,1,,,,,0,0,,,,,1.0,1,,2.0,2.0,2.0,2.0,2.0,0.0,2.0,0.0,0.0,0.0,0.0,0.0,0.0,0.0,0.0,0.0,0.0,0.0,0.0,0.0,0.0,0.0,0.0,0.0,0.0,0.0,0.0,0.0,0.0,0.0,0.0,0.0,0.0,0.0,1.0,2.0,2.0,#NULL!,#NULL!,#NULL!,#NULL!,#NULL!,#NULL!,1000,2000,2.0,pekerja tidak bertahan lama,6.0,6.0,2.0,2.0,3.0,3.0,6.0,6.0,7.0,7.0,3.0,2.0,2.0,2.0,3.0,2.0,2.0,2.0,2.0,9.0,1.0,2.0,3.0,3.0,
1,5,4.0,12,E,2.0,,7,,pengedar bahan-bahan cat,3,2,1,1,4,4,3,2,3,3,3,4,3,2,1.0,,1.0,,0,0,,,,,2.0,1,,2.0,2.0,2.0,2.0,4.0,0.0,4.0,6.0,0.0,6.0,1.0,0.0,1.0,1.0,0.0,1.0,1.0,0.0,1.0,0.0,0.0,0.0,1.0,0.0,1.0,2.0,0.0,2.0,1.0,0.0,1.0,0.0,0.0,0.0,2.0,2.0,1.0,#NULL!,#NULL!,#NULL!,#NULL!,1200,2000,1000,1000,1.0,,6.0,6.0,3.0,3.0,3.0,3.0,6.0,6.0,6.0,6.0,3.0,3.0,3.0,3.0,3.0,3.0,3.0,3.0,3.0,9.0,1.0,2.0,3.0,3.0,
1,5,4.0,24,H,8.0,,6,,kontrak design and build,2,1,1,3,2,4,3,3,3,2,3,3,2,2,1.0,,,,0,0,,,,,1.0,3,1.0,1.0,1.0,1.0,1.0,8.0,3.0,11.0,5.0,3.0,8.0,1.0,1.0,2.0,1.0,0.0,1.0,1.0,0.0,1.0,0.0,0.0,0.0,1.0,1.0,2.0,1.0,1.0,2.0,5.0,0.0,5.0,0.0,0.0,0.0,2.0,1.0,1.0,#NULL!,#NULL!,#NULL!,#NULL!,1200,2500,1000,1000,1.0,,6.0,4.0,1.0,1.0,3.0,3.0,3.0,6.0,7.0,7.0,2.0,1.0,1.0,1.0,2.0,2.0,2.0,2.0,2.0,2.0,3.0,2.0,1.0,3.0,
1,5,4.0,21,E,2.0,,7,,menjual perabot jati,4,2,1,2,2,3,2,2,3,3,3,1,1,2,1.0,,,,0,0,,,,,2.0,1,,1.0,2.0,2.0,2.0,2.0,3.0,5.0,4.0,2.0,6.0,0.0,1.0,1.0,1.0,0.0,1.0,1.0,0.0,1.0,0.0,0.0,0.0,1.0,0.0,1.0,1.0,1.0,2.0,0.0,0.0,0.0,0.0,0.0,0.0,2.0,2.0,8.0,#NULL!,#NULL!,#NULL!,#NULL!,#NULL!,#NULL!,1000,1170,2.0,young workers are choosy,6.0,2.0,3.0,2.0,3.0,2.0,6.0,6.0,7.0,2.0,3.0,2.0,2.0,3.0,3.0,2.0,1.0,2.0,1.0,7.0,3.0,1.0,2.0,3.0,
1,5,3.0,15,J,1.0,,19,perkhidmatan,butik pengantin,4,2,2,1,2,4,2,2,3,3,3,3,2,2,1.0,,,,0,0,,,,,2.0,1,,2.0,2.0,2.0,2.0,1.0,4.0,5.0,0.0,2.0,2.0,0.0,0.0,0.0,0.0,0.0,0.0,0.0,1.0,1.0,0.0,0.0,0.0,0.0,1.0,1.0,0.0,0.0,0.0,0.0,0.0,0.0,0.0,0.0,0.0,2.0,2.0,9.0,#NULL!,#NULL!,#NULL!,#NULL!,#NULL!,#NULL!,300,1000,1.0,,6.0,2.0,3.0,2.0,3.0,3.0,6.0,6.0,7.0,7.0,3.0,3.0,3.0,3.0,3.0,3.0,2.0,2.0,3.0,7.0,1.0,2.0,3.0,7.0,
1,5,4.0,12,E,1.0,,7,,distributor and wholesaler of footwear,4,2,1,1,3,3,2,1,3,3,3,3,3,1,,,,,0,0,,,,,2.0,1,,2.0,2.0,2.0,2.0,10.0,6.0,16.0,4.0,1.0,5.0,0.0,0.0,0.0,0.0,0.0,0.0,0.0,0.0,0.0,0.0,0.0,0.0,0.0,0.0,0.0,4.0,1.0,5.0,0.0,0.0,0.0,0.0,0.0,0.0,2.0,1.0,2.0,#NULL!,#NULL!,#NULL!,#NULL!,#NULL!,#NULL!,1200,2000,2.0,young workers are choosy,6.0,3.0,3.0,2.0,3.0,3.0,6.0,6.0,7.0,7.0,3.0,3.0,3.0,3.0,3.0,3.0,3.0,3.0,3.0,9.0,2.0,3.0,1.0,3.0,
1,5,4.0,17,G,1.0,,13,,insurance,4,2,2,3,4,4,4,1,2,2,2,3,1,1,,,,,0,0,,,,,2.0,1,,2.0,2.0,2.0,2.0,0.0,0.0,0.0,0.0,0.0,0.0,0.0,0.0,0.0,0.0,0.0,0.0,0.0,0.0,0.0,0.0,0.0,0.0,0.0,0.0,0.0,0.0,0.0,0.0,0.0,0.0,0.0,0.0,0.0,0.0,2.0,2.0,8.0,#NULL!,#NULL!,#NULL!,#NULL!,#NULL!,#NULL!,1000,1000,1.0,,6.0,6.0,3.0,3.0,3.0,3.0,6.0,6.0,7.0,7.0,3.0,3.0,3.0,3.0,3.0,3.0,3.0,3.0,3.0,7.0,3.0,2.0,1.0,10.0,
1,5,3.0,12,B,2.0,,7,,membuat pakaian,3,1,1,3,1,3,3,2,3,3,3,3,2,2,1.0,,,,0,0,,,,,2.0,1,,2.0,2.0,1.0,2.0,4.0,4.0,8.0,8.0,8.0,16.0,0.0,0.0,0.0,0.0,0.0,0.0,4.0,4.0,8.0,0.0,0.0,0.0,0.0,0.0,0.0,4.0,4.0,8.0,0.0,0.0,0.0,0.0,0.0,0.0,2.0,1.0,9.0,#NULL!,#NULL!,#NULL!,#NULL!,#NULL!,#NULL!,1200,1200,1.0,,6.0,6.0,3.0,3.0,3.0,3.0,6.0,6.0,7.0,7.0,3.0,3.0,3.0,3.0,3.0,2.0,2.0,2.0,2.0,9.0,3.0,1.0,2.0,3.0,
1,5,3.0,26,G,1.0,,13,,audit firm,2,2,2,2,3,4,3,3,3,3,3,3,3,1,,,,,0,0,,,,,1.0,1,,1.0,2.0,2.0,2.0,1.0,11.0,12.0,0.0,12.0,12.0,0.0,1.0,1.0,0.0,5.0,5.0,0.0,0.0,0.0,0.0,6.0,6.0,0.0,0.0,0.0,0.0,0.0,0.0,0.0,0.0,0.0,0.0,0.0,0.0,2.0,1.0,1.0,1800,2000,#NULL!,#NULL!,#NULL!,#NULL!,1000,1000,1.0,,2.0,6.0,3.0,3.0,3.0,3.0,1.0,6.0,6.0,7.0,2.0,3.0,2.0,3.0,2.0,2.0,2.0,3.0,2.0,7.0,2.0,1.0,3.0,5.0,
1,5,4.0,5,E,3.0,,1,,menjual dan membeli baja,2,2,2,3,3,4,4,4,4,3,4,4,2,2,1.0,,,,0,0,,,,,2.0,1,,2.0,2.0,2.0,2.0,2.0,2.0,4.0,0.0,0.0,0.0,0.0,0.0,0.0,0.0,0.0,0.0,0.0,0.0,0.0,0.0,0.0,0.0,0.0,0.0,0.0,0.0,0.0,0.0,0.0,0.0,0.0,0.0,0.0,0.0,2.0,2.0,2.0,#NULL!,#NULL!,#NULL!,#NULL!,#NULL!,#NULL!,1000,1000,1.0,,6.0,2.0,1.0,2.0,1.0,2.0,6.0,6.0,2.0,2.0,4.0,4.0,4.0,3.0,4.0,3.0,3.0,3.0,3.0,7.0,3.0,2.0,1.0,1.0,
1,5,4.0,18,E,1.0,,7,,barangan runcit,3,2,1,1,3,3,3,3,3,3,3,3,1,1,,,,,0,0,,,,,1.0,1,,2.0,2.0,2.0,2.0,0.0,0.0,0.0,0.0,0.0,0.0,0.0,0.0,0.0,0.0,0.0,0.0,0.0,0.0,0.0,0.0,0.0,0.0,0.0,0.0,0.0,0.0,0.0,0.0,0.0,0.0,0.0,0.0,0.0,0.0,3.0,2.0,8.0,#NULL!,#NULL!,#NULL!,#NULL!,#NULL!,#NULL!,1000,1200,1.0,,6.0,2.0,3.0,2.0,3.0,3.0,6.0,6.0,6.0,6.0,3.0,3.0,1.0,3.0,3.0,1.0,1.0,3.0,1.0,3.0,3.0,1.0,2.0,3.0,
1,5,4.0,12,B,2.0,,7,tukang jahit,tukang jahit,3,2,1,1,1,3,2,2,3,3,2,3,2,1,,,,,0,0,,,,,2.0,1,,2.0,2.0,2.0,2.0,0.0,0.0,0.0,0.0,0.0,0.0,0.0,0.0,0.0,0.0,0.0,0.0,0.0,0.0,0.0,0.0,0.0,0.0,0.0,0.0,0.0,0.0,0.0,0.0,0.0,0.0,0.0,0.0,0.0,0.0,2.0,2.0,8.0,#NULL!,#NULL!,#NULL!,#NULL!,#NULL!,#NULL!,1000,1200,2.0,tidak berminat,2.0,6.0,1.0,1.0,3.0,3.0,6.0,6.0,6.0,7.0,3.0,1.0,2.0,3.0,3.0,1.0,1.0,1.0,1.0,2.0,3.0,2.0,1.0,4.0,
1,5,4.0,4,E,2.0,,7,,borong bunga,2,1,1,1,3,2,3,2,3,3,3,4,1,1,,,,,0,0,,,,,2.0,2,2.0,2.0,2.0,2.0,2.0,0.0,0.0,0.0,0.0,0.0,0.0,0.0,0.0,0.0,0.0,0.0,0.0,0.0,0.0,0.0,0.0,0.0,0.0,0.0,0.0,0.0,0.0,0.0,0.0,0.0,0.0,0.0,0.0,0.0,0.0,1.0,1.0,6.0,#NULL!,#NULL!,#NULL!,#NULL!,#NULL!,#NULL!,1000,1200,1.0,,6.0,2.0,3.0,2.0,3.0,3.0,6.0,6.0,7.0,7.0,4.0,1.0,3.0,4.0,4.0,1.0,1.0,4.0,1.0,9.0,3.0,1.0,2.0,3.0,
1,5,4.0,15,E,2.0,,7,,stationery,2,2,1,1,3,3,3,3,4,4,4,4,1,1,,,,,0,0,,,,,2.0,1,,2.0,2.0,2.0,2.0,0.0,0.0,0.0,0.0,0.0,0.0,0.0,0.0,0.0,0.0,0.0,0.0,0.0,0.0,0.0,0.0,0.0,0.0,0.0,0.0,0.0,0.0,0.0,0.0,0.0,0.0,0.0,0.0,0.0,0.0,3.0,2.0,8.0,#NULL!,#NULL!,#NULL!,#NULL!,#NULL!,#NULL!,900,1000,1.0,,2.0,6.0,1.0,1.0,3.0,3.0,6.0,6.0,6.0,7.0,3.0,2.0,1.0,3.0,3.0,1.0,1.0,1.0,1.0,3.0,2.0,3.0,1.0,3.0,
1,5,4.0,13,E,1.0,,7,,membeli dan menjual brgan mknan dan baja tanaman,1,1,1,1,2,1,1,2,3,3,3,1,1,1,,,,,0,0,,,,,2.0,1,,2.0,2.0,2.0,2.0,1.0,0.0,1.0,0.0,0.0,0.0,0.0,0.0,0.0,0.0,0.0,0.0,0.0,0.0,0.0,0.0,0.0,0.0,0.0,0.0,0.0,0.0,0.0,0.0,0.0,0.0,0.0,0.0,0.0,0.0,3.0,1.0,8.0,#NULL!,#NULL!,#NULL!,#NULL!,#NULL!,#NULL!,1500,1800,2.0,belia tidak rela buat kerja-kerja berat,6.0,2.0,3.0,2.0,3.0,3.0,6.0,6.0,7.0,7.0,4.0,3.0,3.0,4.0,4.0,2.0,2.0,3.0,1.0,9.0,3.0,1.0,2.0,3.0,
1,5,4.0,15,E,11.0,perkongsian,7,,menjual perabot,3,2,1,1,3,3,2,2,3,3,2,4,1,1,,,,,0,0,,,,,2.0,1,,2.0,2.0,2.0,2.0,0.0,3.0,3.0,0.0,0.0,0.0,0.0,0.0,0.0,0.0,0.0,0.0,0.0,0.0,0.0,0.0,0.0,0.0,0.0,0.0,0.0,0.0,0.0,0.0,0.0,0.0,0.0,0.0,0.0,0.0,1.0,1.0,2.0,#NULL!,#NULL!,#NULL!,#NULL!,#NULL!,#NULL!,1000,1200,1.0,,3.0,6.0,1.0,3.0,3.0,3.0,6.0,6.0,6.0,7.0,3.0,2.0,1.0,3.0,2.0,1.0,1.0,2.0,1.0,3.0,1.0,3.0,2.0,3.0,
1,5,4.0,12,D,1.0,,4,,door,3,2,1,2,2,2,2,3,4,4,2,4,1,1,,,,,0,0,,,,,2.0,1,,2.0,2.0,2.0,2.0,4.0,0.0,4.0,0.0,0.0,0.0,0.0,0.0,0.0,0.0,0.0,0.0,0.0,0.0,0.0,0.0,0.0,0.0,0.0,0.0,0.0,0.0,0.0,0.0,0.0,0.0,0.0,0.0,0.0,0.0,2.0,1.0,8.0,#NULL!,#NULL!,#NULL!,#NULL!,#NULL!,#NULL!,1000,1500,2.0,belia tidak rela buat kerja-kerja berat,3.0,2.0,2.0,2.0,3.0,3.0,1.0,6.0,6.0,7.0,3.0,1.0,3.0,3.0,3.0,1.0,1.0,1.0,1.0,2.0,3.0,1.0,2.0,3.0,
1,5,3.0,24,H,3.0,,8,,travel and ticketing,2,2,1,3,3,3,2,3,3,1,3,3,3,2,1.0,,,,0,0,,,,,2.0,1,,2.0,2.0,1.0,2.0,4.0,3.0,7.0,0.0,2.0,2.0,0.0,0.0,0.0,0.0,1.0,1.0,0.0,0.0,0.0,0.0,0.0,0.0,0.0,0.0,0.0,0.0,1.0,1.0,0.0,0.0,0.0,0.0,0.0,0.0,1.0,3.0,4.0,#NULL!,#NULL!,#NULL!,#NULL!,1500,1500,1200,1200,2.0,gaji dan tempoh masa,3.0,1.0,1.0,3.0,3.0,3.0,5.0,6.0,3.0,2.0,2.0,3.0,1.0,3.0,2.0,2.0,1.0,3.0,2.0,2.0,1.0,2.0,3.0,1.0,
1,5,4.0,13,E,2.0,,8,service kereta,service kereta,3,1,1,3,3,3,2,2,2,3,3,3,3,1,,,,,0,0,,,,,2.0,1,,2.0,2.0,2.0,2.0,3.0,1.0,4.0,0.0,0.0,0.0,0.0,0.0,0.0,0.0,0.0,0.0,0.0,0.0,0.0,0.0,0.0,0.0,0.0,0.0,0.0,0.0,0.0,0.0,0.0,0.0,0.0,0.0,0.0,0.0,1.0,2.0,8.0,#NULL!,#NULL!,#NULL!,#NULL!,1000,3000,1000,1000,1.0,,6.0,3.0,3.0,2.0,3.0,3.0,6.0,5.0,7.0,7.0,2.0,2.0,2.0,2.0,3.0,2.0,2.0,2.0,2.0,2.0,3.0,1.0,2.0,1.0,
1,5,3.0,25,J,1.0,,17,kedai gunting rambut,gunting rambut,3,3,3,3,1,3,3,3,3,3,3,3,3,2,1.0,,,,0,0,,,,,1.0,1,,1.0,2.0,1.0,2.0,1.0,0.0,1.0,0.0,0.0,0.0,0.0,0.0,0.0,0.0,0.0,0.0,0.0,0.0,0.0,0.0,0.0,0.0,0.0,0.0,0.0,0.0,0.0,0.0,0.0,0.0,0.0,0.0,0.0,0.0,1.0,1.0,9.0,#NULL!,#NULL!,#NULL!,#NULL!,#NULL!,#NULL!,1000,1000,2.0,belia kurang berminat,6.0,3.0,3.0,2.0,3.0,3.0,6.0,6.0,7.0,2.0,3.0,3.0,3.0,3.0,3.0,3.0,3.0,3.0,3.0,7.0,3.0,1.0,2.0,3.0,
1,5,4.0,17,G,1.0,,19,,marketing consultancy company,2,2,2,2,4,4,4,4,4,1,3,4,4,1,,,,,0,0,,,,,2.0,1,,2.0,2.0,2.0,2.0,0.0,1.0,1.0,0.0,2.0,2.0,0.0,0.0,0.0,0.0,1.0,1.0,0.0,0.0,0.0,0.0,0.0,0.0,0.0,1.0,1.0,0.0,0.0,0.0,0.0,0.0,0.0,0.0,0.0,0.0,3.0,1.0,1.0,#NULL!,#NULL!,#NULL!,#NULL!,#NULL!,#NULL!,3000,3300,1.0,,2.0,5.0,1.0,3.0,1.0,3.0,2.0,6.0,1.0,7.0,3.0,3.0,2.0,3.0,3.0,4.0,3.0,3.0,3.0,8.0,2.0,1.0,3.0,1.0,
1,5,4.0,17,E,1.0,,7,,membaiki motor,3,2,2,2,2,2,2,2,3,3,4,3,3,1,,,,,0,0,,,,,2.0,1,,2.0,2.0,2.0,2.0,3.0,0.0,3.0,4.0,2.0,6.0,0.0,0.0,0.0,2.0,2.0,4.0,0.0,0.0,0.0,0.0,0.0,0.0,0.0,0.0,0.0,2.0,0.0,2.0,0.0,0.0,0.0,0.0,0.0,0.0,2.0,2.0,8.0,#NULL!,#NULL!,#NULL!,#NULL!,#NULL!,#NULL!,900,1600,2.0,tidak tahu sumber,1.0,1.0,2.0,2.0,1.0,1.0,6.0,6.0,2.0,2.0,3.0,3.0,3.0,3.0,3.0,3.0,4.0,5.0,5.0,7.0,1.0,3.0,2.0,3.0,
1,5,4.0,26,H,3.0,,6,,tong pembuangan sisa binaan,3,3,3,4,4,4,3,3,3,2,2,3,4,1,,,,,0,0,,,,,2.0,3,2.0,2.0,2.0,2.0,2.0,8.0,1.0,9.0,6.0,2.0,8.0,0.0,0.0,0.0,0.0,0.0,0.0,3.0,1.0,4.0,0.0,0.0,0.0,0.0,0.0,0.0,3.0,1.0,4.0,5.0,0.0,5.0,0.0,0.0,0.0,1.0,2.0,8.0,#NULL!,#NULL!,#NULL!,#NULL!,#NULL!,#NULL!,1500,1500,1.0,,6.0,6.0,2.0,2.0,3.0,3.0,6.0,6.0,3.0,3.0,3.0,2.0,2.0,2.0,4.0,3.0,3.0,3.0,3.0,2.0,2.0,3.0,1.0,3.0,
1,5,4.0,12,C,3.0,,4,,stainless steel product,2,3,2,4,1,1,3,2,2,4,4,4,4,2,1.0,1.0,,,0,0,,,,,2.0,3,3.0,2.0,2.0,2.0,2.0,8.0,3.0,11.0,4.0,0.0,4.0,0.0,0.0,0.0,0.0,0.0,0.0,2.0,0.0,2.0,0.0,0.0,0.0,0.0,0.0,0.0,2.0,0.0,2.0,0.0,0.0,0.0,0.0,0.0,0.0,1.0,2.0,2.0,2300,2500,#NULL!,#NULL!,2300,2500,2300,2500,2.0,demanding salary,1.0,1.0,3.0,3.0,3.0,3.0,6.0,6.0,1.0,1.0,2.0,3.0,3.0,3.0,3.0,3.0,3.0,3.0,3.0,7.0,2.0,3.0,1.0,3.0,
1,5,3.0,12,E,3.0,,5,,barangan elektrik,4,4,3,2,3,3,2,4,4,1,1,2,4,2,1.0,,,,0,0,,,,,2.0,1,,1.0,2.0,1.0,2.0,8.0,1.0,9.0,6.0,1.0,7.0,0.0,0.0,0.0,0.0,0.0,0.0,0.0,0.0,0.0,2.0,0.0,2.0,0.0,0.0,0.0,4.0,1.0,5.0,0.0,0.0,0.0,0.0,0.0,0.0,1.0,1.0,2.0,1000,1000,#NULL!,#NULL!,#NULL!,#NULL!,1000,1000,2.0,belia tidak berminat kerja di sini,1.0,1.0,1.0,2.0,3.0,3.0,6.0,6.0,1.0,1.0,2.0,2.0,3.0,3.0,3.0,2.0,2.0,1.0,2.0,2.0,1.0,3.0,2.0,3.0,
1,5,3.0,12,E,3.0,,4,,parket,3,3,2,3,2,2,3,3,4,3,4,3,4,1,,,,,0,0,,,,,2.0,1,,2.0,2.0,2.0,2.0,7.0,3.0,10.0,0.0,0.0,0.0,0.0,0.0,0.0,0.0,0.0,0.0,0.0,0.0,0.0,0.0,0.0,0.0,0.0,0.0,0.0,0.0,0.0,0.0,4.0,0.0,4.0,0.0,0.0,0.0,3.0,1.0,9.0,#NULL!,#NULL!,#NULL!,#NULL!,#NULL!,#NULL!,1700,2000,2.0,belia tidak berminat kerja di sini,2.0,2.0,2.0,2.0,3.0,3.0,6.0,6.0,2.0,2.0,3.0,3.0,3.0,4.0,4.0,3.0,3.0,4.0,3.0,2.0,2.0,1.0,3.0,3.0,
1,5,4.0,12,E,3.0,,5,,menjual lampu hiasan,4,2,2,2,3,4,4,4,3,3,3,3,4,2,1.0,,,,0,0,,,,,2.0,1,,2.0,2.0,2.0,2.0,10.0,6.0,16.0,12.0,10.0,22.0,0.0,5.0,5.0,6.0,0.0,6.0,0.0,0.0,0.0,0.0,0.0,0.0,0.0,0.0,0.0,6.0,5.0,11.0,1.0,0.0,1.0,0.0,0.0,0.0,1.0,1.0,8.0,1500,1500,#NULL!,#NULL!,1500,1500,1500,1500,1.0,,6.0,6.0,2.0,3.0,3.0,3.0,6.0,6.0,2.0,2.0,3.0,3.0,3.0,3.0,4.0,3.0,3.0,3.0,3.0,2.0,3.0,2.0,1.0,6.0,
1,5,3.0,12,D,3.0,,4,,precision machining,2,3,2,4,4,4,4,4,4,1,4,4,4,2,1.0,1.0,,,0,0,,,,,1.0,3,3.0,1.0,1.0,2.0,2.0,30.0,10.0,40.0,50.0,10.0,60.0,0.0,0.0,0.0,25.0,5.0,30.0,0.0,0.0,0.0,25.0,5.0,30.0,0.0,0.0,0.0,0.0,0.0,0.0,5.0,0.0,5.0,5.0,0.0,5.0,1.0,1.0,1.0,2500,3500,#NULL!,#NULL!,2000,3000,1200,2100,1.0,,2.0,1.0,3.0,3.0,3.0,3.0,1.0,6.0,1.0,7.0,2.0,3.0,3.0,2.0,2.0,2.0,2.0,2.0,3.0,2.0,3.0,2.0,1.0,3.0,
1,5,4.0,12,B,1.0,,4,,kedai jahit,4,2,2,4,2,2,3,4,4,4,4,3,4,2,1.0,,,,0,0,,,,,1.0,1,,1.0,2.0,2.0,2.0,0.0,2.0,2.0,0.0,4.0,4.0,0.0,0.0,0.0,0.0,2.0,2.0,0.0,0.0,0.0,0.0,0.0,0.0,0.0,1.0,1.0,0.0,1.0,1.0,0.0,0.0,0.0,0.0,0.0,0.0,2.0,1.0,2.0,#NULL!,#NULL!,#NULL!,#NULL!,800,1000,800,1000,1.0,,2.0,6.0,1.0,3.0,3.0,3.0,5.0,6.0,2.0,7.0,2.0,2.0,2.0,2.0,4.0,2.0,2.0,2.0,2.0,9.0,3.0,1.0,2.0,1.0,
1,5,4.0,12,D,3.0,,4,,furniture,3,3,3,2,3,3,2,4,4,2,4,4,4,2,1.0,,,,0,0,,,,,2.0,3,2.0,2.0,2.0,2.0,2.0,7.0,1.0,8.0,1.0,0.0,1.0,1.0,0.0,1.0,0.0,0.0,0.0,0.0,0.0,0.0,0.0,0.0,0.0,0.0,0.0,0.0,0.0,0.0,0.0,0.0,0.0,0.0,0.0,0.0,0.0,1.0,1.0,9.0,#NULL!,#NULL!,#NULL!,#NULL!,#NULL!,#NULL!,1800,2500,1.0,,2.0,3.0,1.0,2.0,2.0,2.0,6.0,6.0,7.0,7.0,3.0,4.0,4.0,4.0,3.0,3.0,3.0,4.0,4.0,9.0,1.0,2.0,3.0,3.0,
1,5,4.0,12,C,3.0,,4,,stamping gaskets,3,2,2,2,2,2,2,3,3,1,3,3,2,1,,,,,0,0,,,,,2.0,1,,2.0,2.0,2.0,2.0,10.0,4.0,14.0,2.0,0.0,2.0,0.0,0.0,0.0,0.0,0.0,0.0,1.0,0.0,1.0,0.0,0.0,0.0,0.0,0.0,0.0,1.0,0.0,1.0,0.0,0.0,0.0,0.0,0.0,0.0,2.0,2.0,2.0,1200,1500,#NULL!,#NULL!,#NULL!,#NULL!,1200,1500,2.0,sukar kekal,3.0,3.0,2.0,2.0,3.0,3.0,6.0,6.0,2.0,2.0,2.0,2.0,3.0,3.0,2.0,3.0,4.0,2.0,4.0,5.0,1.0,3.0,2.0,3.0,
1,5,4.0,24,C,3.0,,4,,pemasangan kenderaan,3,2,2,3,2,3,2,3,4,4,3,4,2,1,,,,,0,0,,,,,1.0,3,2.0,2.0,2.0,2.0,2.0,42.0,3.0,45.0,10.0,0.0,10.0,0.0,0.0,0.0,2.0,0.0,2.0,3.0,0.0,3.0,0.0,0.0,0.0,0.0,0.0,0.0,5.0,0.0,5.0,0.0,0.0,0.0,0.0,0.0,0.0,3.0,2.0,1.0,2500,2500,#NULL!,#NULL!,1800,2000,1000,1100,1.0,,3.0,6.0,2.0,2.0,3.0,3.0,5.0,6.0,1.0,7.0,3.0,3.0,2.0,3.0,2.0,3.0,2.0,3.0,2.0,3.0,1.0,3.0,2.0,1.0,
1,5,3.0,12,E,1.0,,4,,kotak,1,2,3,3,3,3,3,3,3,3,3,3,3,2,1.0,,,,0,0,,,,,1.0,3,1.0,1.0,1.0,1.0,2.0,100.0,77.0,177.0,0.0,0.0,0.0,0.0,0.0,0.0,0.0,0.0,0.0,0.0,0.0,0.0,0.0,0.0,0.0,0.0,0.0,0.0,0.0,0.0,0.0,0.0,0.0,0.0,0.0,0.0,0.0,2.0,1.0,2.0,1800,2000,2200,2400,1200,1500,1000,1200,1.0,,6.0,6.0,3.0,3.0,3.0,3.0,6.0,6.0,7.0,7.0,2.0,2.0,2.0,2.0,2.0,1.0,1.0,1.0,1.0,7.0,1.0,2.0,3.0,6.0,
1,5,4.0,26,G,11.0,perkongsian,13,,services,3,2,2,2,2,2,3,2,3,3,3,3,2,1,,,,,0,0,,,,,2.0,1,,2.0,1.0,1.0,2.0,0.0,5.0,5.0,0.0,10.0,10.0,0.0,5.0,5.0,0.0,0.0,0.0,0.0,0.0,0.0,0.0,0.0,0.0,0.0,5.0,5.0,0.0,0.0,0.0,0.0,0.0,0.0,0.0,0.0,0.0,2.0,2.0,2.0,2000,2500,2500,2800,1800,2300,1000,1000,1.0,,6.0,1.0,3.0,3.0,3.0,3.0,6.0,6.0,7.0,7.0,2.0,2.0,2.0,2.0,3.0,3.0,3.0,3.0,3.0,1.0,2.0,3.0,1.0,3.0,
1,5,3.0,12,C,1.0,,4,,wave solder pallet,3,2,2,2,2,2,3,2,4,3,4,1,3,2,1.0,,,,0,1,1.0,,4.0,4.0,1.0,3,2.0,1.0,2.0,2.0,2.0,8.0,2.0,10.0,8.0,1.0,9.0,1.0,1.0,2.0,2.0,0.0,2.0,3.0,0.0,3.0,2.0,0.0,2.0,0.0,0.0,0.0,0.0,0.0,0.0,2.0,0.0,2.0,1.0,0.0,1.0,1.0,2.0,1.0,1600,2000,#NULL!,#NULL!,1200,1800,1200,1400,1.0,,2.0,1.0,3.0,2.0,3.0,3.0,5.0,6.0,2.0,2.0,1.0,1.0,1.0,1.0,3.0,2.0,1.0,2.0,1.0,1.0,2.0,3.0,1.0,3.0,
1,5,3.0,18,F,1.0,,9,,makanan dan minuman,1,1,2,1,1,3,1,3,3,2,3,3,4,2,1.0,1.0,,,0,0,,,,,2.0,1,,2.0,2.0,2.0,2.0,1.0,3.0,4.0,0.0,0.0,0.0,0.0,0.0,0.0,0.0,0.0,0.0,0.0,0.0,0.0,0.0,0.0,0.0,0.0,0.0,0.0,0.0,0.0,0.0,0.0,1.0,1.0,0.0,0.0,0.0,3.0,2.0,8.0,1300,1600,1300,1600,1300,1600,1040,1200,2.0,belia tidak rela buat kerja berat,3.0,3.0,3.0,3.0,3.0,3.0,5.0,5.0,2.0,2.0,3.0,1.0,1.0,3.0,4.0,1.0,1.0,4.0,2.0,7.0,3.0,2.0,1.0,6.0,
1,5,3.0,21,E,2.0,,8,,pengangkutan,4,2,2,2,3,3,3,3,3,3,2,1,2,2,1.0,,,,0,0,,,,,1.0,1,,2.0,2.0,1.0,1.0,5.0,1.0,6.0,0.0,0.0,0.0,0.0,0.0,0.0,0.0,0.0,0.0,0.0,0.0,0.0,0.0,0.0,0.0,0.0,0.0,0.0,0.0,0.0,0.0,0.0,0.0,0.0,0.0,0.0,0.0,2.0,2.0,8.0,#NULL!,#NULL!,#NULL!,#NULL!,#NULL!,#NULL!,800,1200,1.0,,2.0,3.0,2.0,2.0,2.0,2.0,5.0,6.0,1.0,7.0,2.0,2.0,2.0,2.0,2.0,2.0,2.0,2.0,2.0,9.0,2.0,3.0,1.0,6.0,
1,5,3.0,17,I,1.0,,17,,rawatan kesihatan,2,2,3,3,3,4,3,3,4,4,4,4,4,1,,,,,0,0,,,,,1.0,3,1.0,2.0,2.0,2.0,2.0,7.0,15.0,22.0,0.0,7.0,7.0,0.0,0.0,0.0,0.0,2.0,2.0,0.0,5.0,5.0,0.0,0.0,0.0,0.0,0.0,0.0,0.0,0.0,0.0,0.0,0.0,0.0,0.0,0.0,0.0,2.0,1.0,2.0,2000,3000,#NULL!,#NULL!,#NULL!,#NULL!,1000,5000,1.0,,5.0,1.0,3.0,1.0,3.0,3.0,2.0,6.0,1.0,7.0,2.0,2.0,3.0,3.0,3.0,3.0,2.0,3.0,2.0,2.0,2.0,3.0,1.0,5.0,
1,5,4.0,26,H,1.0,,19,pelukis pelan bangunan,perkhidmatan melukis pelan bangunan,4,4,4,4,4,4,4,4,4,4,4,4,4,1,,,,,0,0,,,,,2.0,1,,2.0,2.0,2.0,2.0,1.0,0.0,1.0,0.0,0.0,0.0,0.0,0.0,0.0,0.0,0.0,0.0,0.0,0.0,0.0,0.0,0.0,0.0,0.0,0.0,0.0,0.0,0.0,0.0,0.0,0.0,0.0,0.0,0.0,0.0,2.0,2.0,3.0,#NULL!,#NULL!,#NULL!,#NULL!,#NULL!,#NULL!,1000,1000,1.0,,4.0,4.0,2.0,2.0,2.0,2.0,5.0,5.0,2.0,2.0,3.0,2.0,2.0,2.0,2.0,2.0,2.0,2.0,2.0,2.0,3.0,2.0,1.0,1.0,
1,5,4.0,12,C,2.0,,9,,produk sejuk beku,2,3,3,2,3,3,3,3,3,3,3,4,4,1,,,,,0,0,,,,,2.0,1,,2.0,2.0,2.0,2.0,0.0,2.0,2.0,0.0,0.0,0.0,0.0,0.0,0.0,0.0,0.0,0.0,0.0,0.0,0.0,0.0,0.0,0.0,0.0,0.0,0.0,0.0,0.0,0.0,0.0,0.0,0.0,0.0,0.0,0.0,2.0,2.0,9.0,#NULL!,#NULL!,#NULL!,#NULL!,#NULL!,#NULL!,900,1200,1.0,,6.0,6.0,3.0,3.0,3.0,3.0,5.0,6.0,2.0,2.0,3.0,1.0,2.0,2.0,2.0,2.0,2.0,2.0,2.0,9.0,2.0,3.0,1.0,1.0,
1,5,1.0,12,C,3.0,,4,,plastic hanger,1,1,1,1,1,1,1,1,1,1,1,1,1,2,1.0,,,,0,0,,,,,1.0,3,3.0,1.0,1.0,1.0,1.0,15.0,28.0,43.0,13.0,12.0,25.0,4.0,0.0,4.0,4.0,4.0,8.0,5.0,8.0,13.0,0.0,0.0,0.0,0.0,0.0,0.0,0.0,0.0,0.0,1.0,17.0,18.0,0.0,0.0,0.0,2.0,1.0,1.0,2800,3500,2000,2800,2000,2800,1500,1800,2.0,attendance problem,6.0,6.0,3.0,3.0,3.0,3.0,6.0,6.0,7.0,7.0,2.0,2.0,2.0,2.0,2.0,2.0,2.0,2.0,2.0,7.0,1.0,2.0,3.0,1.0,
1,5,3.0,20,I,11.0,perkongsian,16,,education institute,2,2,2,1,1,1,2,2,1,1,2,3,3,2,1.0,1.0,,,0,0,,,,,1.0,1,,2.0,2.0,2.0,2.0,0.0,2.0,2.0,0.0,2.0,2.0,0.0,0.0,0.0,0.0,1.0,1.0,0.0,0.0,0.0,0.0,0.0,0.0,0.0,0.0,0.0,0.0,1.0,1.0,0.0,0.0,0.0,0.0,0.0,0.0,3.0,1.0,1.0,#NULL!,#NULL!,#NULL!,#NULL!,#NULL!,#NULL!,1200,1400,2.0,demanding salary,3.0,4.0,1.0,1.0,2.0,2.0,6.0,6.0,6.0,7.0,3.0,3.0,3.0,3.0,3.0,3.0,3.0,3.0,3.0,9.0,1.0,3.0,2.0,5.0,
1,5,3.0,18,F,1.0,,9,,makanan dan minuman,3,2,3,2,2,3,2,3,2,2,2,3,3,2,1.0,,,,0,0,,,,,2.0,1,,2.0,1.0,2.0,1.0,4.0,2.0,6.0,6.0,0.0,6.0,0.0,0.0,0.0,0.0,0.0,0.0,3.0,0.0,3.0,0.0,0.0,0.0,0.0,0.0,0.0,3.0,0.0,3.0,0.0,0.0,0.0,0.0,0.0,0.0,3.0,1.0,6.0,#NULL!,#NULL!,#NULL!,#NULL!,#NULL!,#NULL!,1000,1800,2.0,lack of communication skills,3.0,2.0,2.0,1.0,3.0,3.0,6.0,6.0,3.0,3.0,3.0,3.0,2.0,4.0,4.0,3.0,3.0,4.0,3.0,3.0,1.0,2.0,3.0,3.0,
1,5,3.0,12,C,5.0,,4,,produk living active-bioteknologi,2,1,1,3,2,2,2,1,2,3,2,2,1,2,1.0,1.0,,,0,0,,,,,1.0,1,,1.0,1.0,2.0,1.0,3.0,8.0,11.0,0.0,1.0,1.0,0.0,0.0,0.0,0.0,0.0,0.0,0.0,0.0,0.0,0.0,0.0,0.0,0.0,1.0,1.0,0.0,0.0,0.0,0.0,0.0,0.0,0.0,0.0,0.0,1.0,1.0,9.0,2400,2600,#NULL!,#NULL!,1900,2000,1200,1400,1.0,,2.0,1.0,2.0,1.0,1.0,1.0,1.0,6.0,6.0,6.0,1.0,2.0,3.0,2.0,2.0,2.0,3.0,3.0,3.0,2.0,3.0,1.0,2.0,5.0,
1,5,4.0,15,G,11.0,agen hartanah,14,,hartanah,2,2,1,2,4,4,4,4,4,4,4,2,4,1,,,,,0,0,,,,,2.0,1,,2.0,2.0,1.0,2.0,0.0,1.0,1.0,0.0,0.0,0.0,0.0,0.0,0.0,0.0,0.0,0.0,0.0,0.0,0.0,0.0,0.0,0.0,0.0,0.0,0.0,0.0,0.0,0.0,0.0,0.0,0.0,0.0,0.0,0.0,2.0,1.0,1.0,2500,2600,#NULL!,#NULL!,#NULL!,#NULL!,1000,1000,1.0,,2.0,1.0,1.0,2.0,1.0,1.0,1.0,1.0,1.0,1.0,3.0,1.0,2.0,2.0,1.0,2.0,1.0,2.0,1.0,2.0,3.0,2.0,1.0,6.0,
1,5,4.0,16,J,3.0,,18,,escape games,2,3,2,3,3,3,3,3,4,3,3,2,3,2,1.0,,,,0,0,,,,,2.0,1,,1.0,1.0,2.0,2.0,8.0,7.0,15.0,12.0,14.0,26.0,4.0,2.0,6.0,4.0,5.0,9.0,0.0,0.0,0.0,0.0,2.0,2.0,2.0,5.0,7.0,2.0,0.0,2.0,0.0,0.0,0.0,0.0,0.0,0.0,2.0,2.0,1.0,1700,2700,#NULL!,#NULL!,#NULL!,#NULL!,1000,1000,1.0,,2.0,1.0,3.0,3.0,3.0,3.0,6.0,6.0,6.0,6.0,3.0,3.0,3.0,3.0,4.0,3.0,3.0,4.0,4.0,3.0,1.0,2.0,3.0,1.0,
1,5,4.0,20,I,11.0,perkongsian,16,,education institute,2,2,3,3,2,3,3,3,3,3,3,4,4,2,1.0,,,,0,0,,,,,1.0,1,,1.0,2.0,2.0,2.0,0.0,31.0,31.0,0.0,13.0,13.0,0.0,0.0,0.0,0.0,0.0,0.0,0.0,0.0,0.0,0.0,0.0,0.0,0.0,0.0,0.0,0.0,13.0,13.0,0.0,0.0,0.0,0.0,0.0,0.0,2.0,2.0,9.0,#NULL!,#NULL!,#NULL!,#NULL!,#NULL!,#NULL!,900,1400,2.0,lack of skills and experience,3.0,1.0,1.0,1.0,1.0,1.0,1.0,6.0,2.0,2.0,2.0,2.0,2.0,2.0,2.0,3.0,3.0,2.0,2.0,2.0,2.0,3.0,1.0,8.0,
1,5,3.0,26,H,1.0,,14,,pengukuran semula lot,3,2,3,2,2,2,3,3,3,2,2,3,4,2,1.0,1.0,,,0,0,,,,,1.0,1,,1.0,1.0,2.0,1.0,4.0,3.0,7.0,3.0,1.0,4.0,0.0,0.0,0.0,3.0,1.0,4.0,0.0,0.0,0.0,0.0,0.0,0.0,0.0,0.0,0.0,0.0,0.0,0.0,0.0,0.0,0.0,0.0,0.0,0.0,1.0,2.0,1.0,1800,2000,#NULL!,#NULL!,1500,1600,1000,1000,1.0,,6.0,6.0,3.0,3.0,3.0,3.0,5.0,6.0,7.0,7.0,3.0,3.0,3.0,3.0,3.0,3.0,3.0,3.0,3.0,2.0,3.0,2.0,1.0,5.0,
1,5,3.0,12,B,1.0,,4,,tissue paper,2,2,2,2,2,2,2,2,2,3,3,4,2,2,1.0,,,,0,0,,,,,1.0,3,2.0,1.0,1.0,2.0,2.0,40.0,30.0,70.0,0.0,0.0,0.0,0.0,0.0,0.0,0.0,0.0,0.0,0.0,0.0,0.0,0.0,0.0,0.0,0.0,0.0,0.0,0.0,0.0,0.0,15.0,0.0,15.0,0.0,0.0,0.0,1.0,2.0,2.0,2200,4000,#NULL!,#NULL!,#NULL!,#NULL!,1000,1000,1.0,,6.0,6.0,1.0,1.0,3.0,3.0,1.0,6.0,7.0,7.0,2.0,2.0,2.0,2.0,2.0,2.0,2.0,2.0,2.0,3.0,1.0,3.0,2.0,5.0,
1,5,4.0,25,J,11.0,perkongsian,17,petkhidmatan,produk kesihatan,2,4,3,3,3,3,3,2,3,3,1,3,3,2,1.0,1.0,,,0,1,4.0,SME,1.0,1.0,2.0,1,,1.0,2.0,2.0,1.0,1.0,2.0,3.0,0.0,0.0,0.0,0.0,0.0,0.0,0.0,0.0,0.0,0.0,0.0,0.0,0.0,0.0,0.0,0.0,0.0,0.0,0.0,0.0,0.0,0.0,0.0,0.0,0.0,0.0,0.0,2.0,2.0,8.0,1200,1800,#NULL!,#NULL!,1000,1000,1000,1000,1.0,,3.0,2.0,1.0,2.0,3.0,3.0,1.0,5.0,2.0,2.0,2.0,2.0,2.0,2.0,1.0,1.0,1.0,1.0,1.0,5.0,1.0,2.0,3.0,3.0,
1,5,4.0,13,E,1.0,,7,pembekal alatan logam,industrial and machinery,4,4,1,1,4,4,4,4,3,3,4,4,4,1,,,,,0,0,,,,,2.0,1,,2.0,2.0,2.0,2.0,1.0,0.0,1.0,0.0,0.0,0.0,0.0,0.0,0.0,0.0,0.0,0.0,0.0,0.0,0.0,0.0,0.0,0.0,0.0,0.0,0.0,0.0,0.0,0.0,0.0,0.0,0.0,0.0,0.0,0.0,2.0,2.0,1.0,1800,2500,#NULL!,#NULL!,1800,2000,1200,1300,1.0,,2.0,1.0,2.0,2.0,1.0,1.0,1.0,6.0,1.0,1.0,3.0,2.0,1.0,3.0,2.0,2.0,2.0,2.0,2.0,3.0,1.0,3.0,2.0,3.0,
1,5,3.0,26,H,1.0,,14,,reka bentuk seni rumah dan bangunan,2,2,2,2,2,3,3,3,2,3,2,3,3,1,,,,,0,0,,,,,2.0,1,,2.0,2.0,2.0,2.0,2.0,5.0,7.0,2.0,4.0,6.0,0.0,0.0,0.0,1.0,2.0,3.0,0.0,0.0,0.0,1.0,2.0,3.0,0.0,0.0,0.0,0.0,0.0,0.0,0.0,0.0,0.0,0.0,0.0,0.0,2.0,2.0,1.0,1800,2300,#NULL!,#NULL!,#NULL!,#NULL!,1000,1000,1.0,,2.0,6.0,3.0,3.0,3.0,3.0,1.0,6.0,7.0,7.0,2.0,2.0,2.0,2.0,2.0,1.0,1.0,1.0,2.0,1.0,1.0,2.0,3.0,3.0,
1,5,3.0,26,H,3.0,,6,,"foundation, soil and concrete specialist",1,1,1,2,2,3,2,2,2,2,2,2,1,2,1.0,,,,0,0,,,,,1.0,1,,1.0,2.0,2.0,1.0,123.0,36.0,159.0,72.0,25.0,97.0,1.0,1.0,2.0,17.0,2.0,19.0,22.0,0.0,22.0,5.0,9.0,14.0,8.0,7.0,15.0,19.0,6.0,25.0,0.0,0.0,0.0,0.0,0.0,0.0,1.0,2.0,1.0,1800,2500,2500,3500,1300,1700,1000,1400,1.0,,6.0,1.0,3.0,2.0,3.0,3.0,1.0,5.0,6.0,7.0,2.0,3.0,4.0,3.0,2.0,3.0,4.0,3.0,3.0,2.0,3.0,1.0,2.0,12.0,depends on youth family background and upbringing.
1,5,3.0,8,J,2.0,,8,,SPORT TOTO,2,3,4,4,4,4,4,4,4,1,1,2,3,2,,1.0,,,0,1,1.0,,,,2.0,2,1.0,2.0,2.0,1.0,2.0,10.0,30.0,40.0,0.0,0.0,0.0,10.0,20.0,0.0,0.0,0.0,0.0,0.0,0.0,0.0,0.0,0.0,0.0,0.0,0.0,0.0,0.0,0.0,0.0,0.0,0.0,0.0,0.0,0.0,0.0,2.0,3.0,2.0,1100,1300,1100,1700,900,1800,800,1500,1.0,,1.0,2.0,1.0,2.0,1.0,2.0,1.0,2.0,1.0,2.0,1.0,1.0,1.0,2.0,3.0,4.0,4.0,5.0,5.0,9.0,1.0,2.0,3.0,6.0,
1,5,3.0,12,C,1.0,,4,,machine improvement and modification,2,2,1,1,2,3,2,2,3,3,2,2,3,1,,,,,0,0,,,,,2.0,1,,2.0,2.0,2.0,2.0,5.0,0.0,5.0,1.0,0.0,1.0,0.0,0.0,0.0,0.0,0.0,0.0,1.0,0.0,1.0,0.0,0.0,0.0,0.0,0.0,0.0,0.0,0.0,0.0,0.0,0.0,0.0,0.0,0.0,0.0,1.0,2.0,8.0,#NULL!,#NULL!,#NULL!,#NULL!,#NULL!,#NULL!,1000,1500,1.0,,3.0,2.0,2.0,2.0,3.0,3.0,6.0,6.0,7.0,7.0,3.0,1.0,3.0,3.0,2.0,1.0,1.0,1.0,1.0,2.0,3.0,2.0,1.0,3.0,
1,5,2.0,12,D,3.0,,5,oil and gas,industrial and special gas,3,2,2,1,1,3,3,2,3,2,3,3,2,2,1.0,,,,0,0,,,,,1.0,3,2.0,1.0,2.0,2.0,2.0,0.0,0.0,0.0,0.0,0.0,0.0,0.0,0.0,0.0,0.0,0.0,0.0,0.0,0.0,0.0,0.0,0.0,0.0,0.0,0.0,0.0,0.0,0.0,0.0,0.0,0.0,0.0,0.0,0.0,0.0,2.0,1.0,1.0,1000,1000,1000,1000,1000,1000,1000,1000,1.0,,6.0,6.0,3.0,3.0,3.0,3.0,1.0,6.0,2.0,7.0,3.0,3.0,2.0,2.0,2.0,2.0,1.0,3.0,2.0,7.0,1.0,3.0,2.0,12.0,working environment
1,5,4.0,20,I,1.0,,16,,education institute,3,1,4,3,4,4,2,4,4,3,4,4,4,2,1.0,1.0,,,0,0,,,,,2.0,1,,2.0,2.0,2.0,2.0,0.0,8.0,8.0,0.0,0.0,0.0,0.0,0.0,0.0,0.0,0.0,0.0,0.0,0.0,0.0,0.0,0.0,0.0,0.0,0.0,0.0,0.0,0.0,0.0,0.0,0.0,0.0,0.0,0.0,0.0,1.0,1.0,2.0,1000,1700,1000,1700,850,1000,850,1000,2.0,kadar keluar masuk pekerja belia tinggi,6.0,6.0,1.0,1.0,3.0,3.0,6.0,6.0,6.0,6.0,3.0,3.0,2.0,2.0,2.0,2.0,2.0,2.0,1.0,7.0,3.0,2.0,1.0,6.0,
1,5,4.0,15,G,1.0,,13,acoounting firm,chartered accountants,3,3,2,1,1,4,4,3,3,3,4,4,4,2,1.0,,,,0,0,,,,,1.0,3,1.0,2.0,2.0,2.0,2.0,0.0,8.0,8.0,0.0,0.0,0.0,0.0,0.0,0.0,0.0,0.0,0.0,0.0,0.0,0.0,0.0,0.0,0.0,0.0,0.0,0.0,0.0,0.0,0.0,0.0,0.0,0.0,0.0,0.0,0.0,2.0,2.0,2.0,1000,3000,#NULL!,#NULL!,1000,1000,1000,1000,2.0,bidang pengajian tidak sesuai,6.0,6.0,1.0,1.0,1.0,1.0,1.0,6.0,6.0,6.0,1.0,1.0,1.0,1.0,1.0,1.0,1.0,1.0,1.0,1.0,1.0,2.0,3.0,6.0,
1,5,4.0,26,G,1.0,,13,audit firm,pengauditan,4,3,1,3,2,3,3,3,3,3,3,3,4,2,1.0,1.0,,,0,0,,,,,1.0,1,,2.0,2.0,2.0,2.0,5.0,15.0,20.0,6.0,10.0,16.0,0.0,0.0,0.0,2.0,5.0,7.0,1.0,0.0,1.0,2.0,5.0,7.0,0.0,0.0,0.0,1.0,0.0,1.0,0.0,0.0,0.0,0.0,0.0,0.0,2.0,1.0,1.0,1800,2300,#NULL!,#NULL!,1500,1800,900,1500,1.0,,6.0,1.0,3.0,3.0,3.0,3.0,1.0,6.0,6.0,6.0,2.0,3.0,3.0,2.0,2.0,3.0,3.0,3.0,3.0,2.0,1.0,2.0,3.0,3.0,
1,5,4.0,16,J,1.0,,17,,spa dan kesihatan,3,2,2,2,3,3,3,2,3,3,3,4,4,2,1.0,,,,0,0,,,,,1.0,3,2.0,1.0,1.0,2.0,2.0,1.0,3.0,4.0,0.0,2.0,2.0,0.0,0.0,0.0,0.0,1.0,1.0,0.0,0.0,0.0,0.0,0.0,0.0,0.0,1.0,1.0,0.0,0.0,0.0,0.0,0.0,0.0,0.0,0.0,0.0,3.0,1.0,1.0,#NULL!,#NULL!,#NULL!,#NULL!,#NULL!,#NULL!,1000,1000,1.0,,2.0,6.0,3.0,3.0,3.0,3.0,6.0,6.0,1.0,1.0,3.0,3.0,2.0,3.0,3.0,1.0,3.0,3.0,3.0,2.0,1.0,2.0,3.0,3.0,
1,5,4.0,12,B,1.0,,4,,pembuatan baju,2,3,1,3,2,1,2,1,3,3,3,3,2,2,1.0,,,,0,0,,,,,2.0,1,,2.0,2.0,2.0,2.0,3.0,0.0,3.0,2.0,0.0,2.0,0.0,0.0,0.0,1.0,0.0,1.0,0.0,0.0,0.0,0.0,0.0,0.0,1.0,0.0,1.0,0.0,0.0,0.0,0.0,0.0,0.0,0.0,0.0,0.0,3.0,1.0,1.0,1200,1800,#NULL!,#NULL!,1000,1000,1000,1000,1.0,,3.0,2.0,1.0,2.0,3.0,1.0,3.0,4.0,1.0,7.0,2.0,1.0,1.0,2.0,1.0,2.0,2.0,2.0,3.0,6.0,2.0,3.0,1.0,10.0,
1,5,4.0,26,H,3.0,,4,,membekal t-shirt pelbagai jenis,3,2,2,2,1,4,2,3,2,1,1,3,1,2,1.0,,,,0,0,,,,,1.0,1,,1.0,2.0,2.0,2.0,3.0,8.0,11.0,6.0,16.0,22.0,2.0,1.0,3.0,1.0,7.0,8.0,0.0,0.0,0.0,1.0,2.0,3.0,0.0,5.0,5.0,2.0,1.0,3.0,0.0,0.0,0.0,0.0,0.0,0.0,1.0,1.0,1.0,2000,2200,1500,1600,1200,1300,1000,1100,1.0,,2.0,6.0,3.0,3.0,3.0,3.0,1.0,5.0,1.0,7.0,2.0,4.0,3.0,3.0,2.0,3.0,3.0,3.0,3.0,3.0,1.0,2.0,3.0,3.0,
1,5,4.0,12,F,2.0,,9,,makanan dan muniman,3,2,2,2,3,2,3,3,3,3,3,3,1,1,,,,,0,0,,,,,2.0,3,2.0,2.0,2.0,2.0,2.0,1.0,3.0,4.0,0.0,0.0,0.0,0.0,0.0,0.0,0.0,0.0,0.0,0.0,0.0,0.0,0.0,0.0,0.0,0.0,0.0,0.0,0.0,0.0,0.0,1.0,3.0,4.0,0.0,0.0,0.0,2.0,1.0,6.0,#NULL!,#NULL!,#NULL!,#NULL!,#NULL!,#NULL!,1000,1000,1.0,,6.0,6.0,3.0,3.0,3.0,3.0,6.0,6.0,7.0,7.0,2.0,2.0,2.0,2.0,3.0,2.0,2.0,2.0,2.0,6.0,2.0,1.0,3.0,10.0,
1,5,4.0,15,G,3.0,,13,credit,service,4,4,2,3,2,3,2,2,3,3,2,2,2,2,1.0,,,,0,0,,,,,1.0,3,2.0,2.0,2.0,1.0,2.0,14.0,9.0,23.0,28.0,18.0,46.0,1.0,1.0,2.0,2.0,0.0,2.0,13.0,8.0,21.0,12.0,7.0,19.0,0.0,0.0,0.0,0.0,2.0,2.0,0.0,0.0,0.0,0.0,0.0,0.0,1.0,1.0,9.0,1500,3000,1500,3000,1500,3000,1500,3000,1.0,,5.0,4.0,3.0,3.0,3.0,3.0,1.0,6.0,6.0,6.0,2.0,2.0,3.0,2.0,2.0,2.0,3.0,2.0,2.0,9.0,3.0,2.0,1.0,5.0,
1,5,4.0,25,J,2.0,,19,dobi,perkhidmatan dobi,3,3,2,2,3,2,3,3,3,3,3,3,3,2,1.0,,,,0,0,,,,,2.0,1,,1.0,2.0,2.0,2.0,0.0,2.0,2.0,0.0,2.0,2.0,0.0,0.0,0.0,0.0,2.0,2.0,0.0,0.0,0.0,0.0,0.0,0.0,0.0,0.0,0.0,0.0,0.0,0.0,0.0,0.0,0.0,0.0,0.0,0.0,2.0,1.0,8.0,1800,2200,#NULL!,#NULL!,#NULL!,#NULL!,1200,1800,2.0,take time to fill a vacancy,6.0,6.0,1.0,1.0,3.0,3.0,1.0,6.0,2.0,2.0,2.0,2.0,2.0,2.0,2.0,2.0,1.0,2.0,1.0,7.0,3.0,1.0,2.0,3.0,
1,5,3.0,17,I,3.0,,19,company secretary,company secretary,1,3,3,2,3,4,3,3,3,3,3,4,4,2,1.0,1.0,1.0,,0,0,,,,,1.0,1,,2.0,2.0,2.0,2.0,0.0,6.0,6.0,0.0,2.0,2.0,0.0,0.0,0.0,0.0,0.0,0.0,0.0,0.0,0.0,0.0,2.0,2.0,0.0,0.0,0.0,0.0,0.0,0.0,0.0,0.0,0.0,0.0,0.0,0.0,2.0,2.0,1.0,#NULL!,#NULL!,#NULL!,#NULL!,#NULL!,#NULL!,1000,1000,1.0,,6.0,6.0,3.0,3.0,3.0,3.0,1.0,6.0,1.0,1.0,2.0,2.0,2.0,2.0,2.0,2.0,2.0,2.0,2.0,1.0,2.0,1.0,3.0,5.0,
1,5,1.0,12,C,4.0,,4,,cosmetic sponge,2,2,3,4,3,2,3,3,3,3,3,3,3,2,,1.0,,,0,0,,,,,1.0,3,2.0,1.0,2.0,1.0,2.0,40.0,88.0,128.0,30.0,36.0,66.0,12.0,3.0,15.0,1.0,1.0,2.0,2.0,14.0,16.0,3.0,2.0,5.0,0.0,0.0,0.0,12.0,16.0,28.0,13.0,5.0,18.0,5.0,1.0,6.0,1.0,2.0,2.0,1800,3500,3500,4000,1700,1800,1000,1200,2.0,belia memeilih pekerjaan,2.0,6.0,3.0,3.0,3.0,3.0,1.0,6.0,1.0,2.0,3.0,2.0,3.0,4.0,2.0,2.0,2.0,2.0,3.0,2.0,3.0,1.0,2.0,4.0,
1,5,4.0,13,E,11.0,perkongsian,7,furniture sourcing agent,furniture supplier,3,2,2,2,3,3,3,3,3,3,3,3,3,2,1.0,,,,0,0,,,,,2.0,3,2.0,2.0,2.0,2.0,2.0,3.0,0.0,3.0,0.0,0.0,0.0,0.0,0.0,0.0,0.0,0.0,0.0,0.0,0.0,0.0,0.0,0.0,0.0,0.0,0.0,0.0,0.0,0.0,0.0,0.0,0.0,0.0,0.0,0.0,0.0,2.0,2.0,9.0,3000,3200,#NULL!,#NULL!,2000,2100,1000,1300,1.0,,3.0,3.0,3.0,3.0,3.0,3.0,1.0,6.0,7.0,7.0,3.0,3.0,2.0,2.0,2.0,2.0,2.0,3.0,2.0,5.0,3.0,2.0,1.0,3.0,
1,5,3.0,26,C,1.0,,4,,glass and aluminium products,3,3,3,3,4,3,3,3,3,3,4,3,4,1,,,,,0,0,,,,,2.0,1,,2.0,2.0,2.0,2.0,3.0,1.0,4.0,0.0,0.0,0.0,0.0,0.0,0.0,0.0,0.0,0.0,0.0,0.0,0.0,0.0,0.0,0.0,0.0,0.0,0.0,0.0,0.0,0.0,0.0,0.0,0.0,0.0,0.0,0.0,2.0,2.0,9.0,#NULL!,#NULL!,#NULL!,#NULL!,#NULL!,#NULL!,1500,3000,1.0,,3.0,3.0,2.0,2.0,3.0,3.0,6.0,6.0,6.0,6.0,3.0,1.0,3.0,3.0,3.0,2.0,2.0,2.0,2.0,2.0,3.0,1.0,2.0,3.0,
1,5,4.0,13,E,3.0,,7,tyres service,tyres service centre,3,2,2,1,2,3,2,2,3,3,3,3,4,2,1.0,,,,0,0,,,,,2.0,1,,2.0,2.0,2.0,2.0,4.0,2.0,6.0,6.0,4.0,10.0,0.0,2.0,2.0,0.0,0.0,0.0,3.0,0.0,3.0,0.0,0.0,0.0,0.0,0.0,0.0,3.0,2.0,5.0,0.0,0.0,0.0,0.0,0.0,0.0,2.0,2.0,8.0,#NULL!,#NULL!,#NULL!,#NULL!,#NULL!,#NULL!,1400,2000,2.0,kadar keluar masuk pekerja belia tinggi,6.0,2.0,3.0,2.0,3.0,3.0,6.0,6.0,7.0,7.0,2.0,2.0,3.0,3.0,3.0,2.0,2.0,3.0,2.0,2.0,3.0,1.0,2.0,3.0,
1,5,4.0,15,G,3.0,,19,development,residential commercial industry,2,1,1,1,3,2,2,3,2,3,3,3,2,1,,,,,0,0,,,,,1.0,1,,2.0,2.0,2.0,2.0,5.0,5.0,10.0,4.0,6.0,10.0,1.0,1.0,2.0,0.0,0.0,0.0,1.0,2.0,3.0,0.0,0.0,0.0,0.0,0.0,0.0,2.0,3.0,5.0,0.0,0.0,0.0,0.0,0.0,0.0,1.0,1.0,1.0,#NULL!,#NULL!,#NULL!,#NULL!,#NULL!,#NULL!,1500,4000,2.0,not fulfill the job requirements,3.0,6.0,3.0,3.0,3.0,3.0,6.0,6.0,1.0,3.0,3.0,3.0,3.0,4.0,3.0,3.0,3.0,2.0,2.0,7.0,1.0,3.0,2.0,3.0,
1,5,3.0,18,F,2.0,,9,,makanan dan minuman,2,2,1,1,4,3,4,4,4,4,4,4,1,1,,,,,0,0,,,,,2.0,1,,2.0,2.0,2.0,2.0,6.0,2.0,8.0,4.0,2.0,6.0,0.0,1.0,1.0,0.0,0.0,0.0,2.0,0.0,2.0,0.0,0.0,0.0,0.0,0.0,0.0,2.0,1.0,3.0,2.0,2.0,4.0,0.0,0.0,0.0,1.0,1.0,8.0,#NULL!,#NULL!,#NULL!,#NULL!,#NULL!,#NULL!,1200,1800,1.0,,6.0,6.0,3.0,3.0,3.0,3.0,1.0,6.0,6.0,6.0,3.0,1.0,2.0,2.0,3.0,1.0,1.0,2.0,1.0,2.0,3.0,2.0,1.0,3.0,
1,5,4.0,13,E,2.0,,7,,jual karpet,4,4,1,1,4,4,4,4,4,4,4,4,1,1,,,,,0,0,,,,,2.0,1,,2.0,2.0,2.0,2.0,1.0,0.0,1.0,0.0,0.0,0.0,0.0,0.0,0.0,0.0,0.0,0.0,0.0,0.0,0.0,0.0,0.0,0.0,0.0,0.0,0.0,0.0,0.0,0.0,1.0,0.0,1.0,0.0,0.0,0.0,2.0,2.0,8.0,#NULL!,#NULL!,#NULL!,#NULL!,#NULL!,#NULL!,1200,1800,1.0,,6.0,6.0,3.0,3.0,3.0,3.0,6.0,6.0,6.0,6.0,3.0,2.0,1.0,2.0,3.0,3.0,1.0,3.0,1.0,9.0,2.0,3.0,1.0,5.0,
1,5,4.0,25,E,11.0,perkongsian,7,,stationery supplier,3,3,1,1,1,4,3,4,4,4,4,4,1,2,1.0,,,,0,0,,,,,2.0,1,,2.0,2.0,2.0,2.0,15.0,9.0,24.0,24.0,4.0,28.0,2.0,2.0,4.0,0.0,0.0,0.0,10.0,0.0,10.0,0.0,0.0,0.0,0.0,0.0,0.0,12.0,2.0,14.0,0.0,0.0,0.0,0.0,0.0,0.0,1.0,1.0,2.0,#NULL!,#NULL!,#NULL!,#NULL!,#NULL!,#NULL!,1500,1800,1.0,,3.0,2.0,1.0,1.0,3.0,3.0,6.0,6.0,6.0,6.0,4.0,1.0,1.0,3.0,1.0,2.0,1.0,1.0,1.0,9.0,2.0,3.0,1.0,3.0,
1,5,3.0,4,A,3.0,,1,,makanan dan buah-buahan,3,2,1,1,3,2,2,3,3,3,2,3,1,2,1.0,,,,0,0,,,,,2.0,3,1.0,2.0,2.0,2.0,2.0,6.0,3.0,9.0,8.0,1.0,9.0,0.0,1.0,1.0,2.0,0.0,2.0,2.0,0.0,2.0,0.0,0.0,0.0,0.0,0.0,0.0,4.0,0.0,4.0,0.0,0.0,0.0,0.0,0.0,0.0,2.0,1.0,6.0,#NULL!,#NULL!,#NULL!,#NULL!,#NULL!,#NULL!,1100,1600,1.0,,6.0,6.0,1.0,2.0,3.0,3.0,6.0,6.0,1.0,2.0,3.0,1.0,2.0,2.0,1.0,1.0,1.0,2.0,1.0,9.0,3.0,2.0,1.0,3.0,
1,5,2.0,12,I,3.0,,13,consultant firm,company secretarial services,2,2,1,1,1,3,3,3,3,3,1,3,1,2,1.0,,,,0,0,,,,,2.0,1,,2.0,2.0,2.0,2.0,0.0,3.0,3.0,2.0,4.0,6.0,0.0,0.0,0.0,2.0,2.0,4.0,0.0,0.0,0.0,0.0,0.0,0.0,0.0,0.0,0.0,0.0,2.0,2.0,0.0,0.0,0.0,0.0,0.0,0.0,2.0,1.0,8.0,#NULL!,#NULL!,#NULL!,#NULL!,#NULL!,#NULL!,1200,5000,2.0,go to SG,6.0,6.0,3.0,3.0,3.0,3.0,6.0,6.0,6.0,6.0,2.0,1.0,1.0,1.0,1.0,1.0,1.0,2.0,1.0,7.0,1.0,2.0,3.0,4.0,
1,5,3.0,4,B,3.0,,1,,oil palm,3,2,1,1,2,3,2,3,3,3,1,3,1,2,1.0,,,,0,0,,,,,2.0,3,2.0,1.0,2.0,2.0,2.0,30.0,20.0,50.0,30.0,30.0,60.0,10.0,15.0,25.0,0.0,0.0,0.0,5.0,0.0,5.0,10.0,15.0,25.0,0.0,0.0,0.0,5.0,0.0,5.0,40.0,0.0,40.0,0.0,0.0,0.0,1.0,1.0,1.0,2000,2500,#NULL!,#NULL!,#NULL!,#NULL!,1200,1800,1.0,,2.0,2.0,3.0,3.0,3.0,3.0,1.0,6.0,6.0,6.0,1.0,1.0,1.0,1.0,1.0,1.0,1.0,1.0,1.0,7.0,2.0,1.0,3.0,3.0,
1,5,3.0,12,I,1.0,,13,consultant firm,company secretarial services,3,3,1,2,2,3,2,3,3,3,2,3,1,1,,,,,0,0,,,,,2.0,1,,2.0,2.0,2.0,2.0,1.0,7.0,8.0,0.0,8.0,8.0,0.0,1.0,1.0,0.0,3.0,3.0,0.0,0.0,0.0,0.0,2.0,2.0,0.0,0.0,0.0,0.0,2.0,2.0,0.0,0.0,0.0,0.0,0.0,0.0,1.0,1.0,8.0,2000,3000,#NULL!,#NULL!,#NULL!,#NULL!,1500,1800,1.0,,2.0,2.0,3.0,3.0,3.0,3.0,6.0,6.0,6.0,6.0,2.0,1.0,1.0,1.0,1.0,1.0,1.0,1.0,1.0,5.0,2.0,1.0,3.0,3.0,
1,5,3.0,12,D,3.0,,12,,online booking tool,3,4,1,2,2,4,4,4,4,4,3,4,1,2,,,,latihan di Singapore,0,0,,,,,1.0,3,2.0,1.0,1.0,2.0,2.0,2.0,8.0,10.0,0.0,16.0,16.0,0.0,8.0,8.0,0.0,0.0,0.0,0.0,0.0,0.0,0.0,4.0,4.0,0.0,0.0,0.0,0.0,4.0,4.0,0.0,0.0,0.0,0.0,0.0,0.0,3.0,2.0,5.0,2000,3000,#NULL!,#NULL!,#NULL!,#NULL!,1500,2000,1.0,,6.0,6.0,3.0,3.0,3.0,3.0,1.0,6.0,6.0,6.0,2.0,1.0,2.0,2.0,1.0,1.0,1.0,1.0,1.0,5.0,2.0,1.0,3.0,1.0,
1,5,4.0,25,E,2.0,,11,,menjual telefon bimbit,2,2,1,1,3,4,4,4,4,1,3,4,1,1,,,,,0,0,,,,,2.0,1,,2.0,2.0,2.0,2.0,2.0,1.0,3.0,2.0,0.0,2.0,0.0,0.0,0.0,0.0,0.0,0.0,1.0,0.0,1.0,0.0,0.0,0.0,0.0,0.0,0.0,1.0,0.0,1.0,0.0,0.0,0.0,0.0,0.0,0.0,3.0,1.0,8.0,#NULL!,#NULL!,#NULL!,#NULL!,#NULL!,#NULL!,1000,1300,2.0,belia inginkan gaji tinggi,1.0,1.0,3.0,3.0,3.0,3.0,6.0,6.0,6.0,6.0,5.0,3.0,1.0,2.0,3.0,1.0,1.0,1.0,4.0,7.0,1.0,2.0,3.0,3.0,
1,5,4.0,17,G,3.0,,13,,accounting firm,2,2,1,1,2,4,2,3,3,3,2,3,2,2,1.0,,,,0,0,,,,,2.0,1,,2.0,2.0,2.0,2.0,2.0,5.0,7.0,4.0,10.0,14.0,2.0,5.0,7.0,0.0,0.0,0.0,0.0,0.0,0.0,2.0,5.0,7.0,0.0,0.0,0.0,0.0,0.0,0.0,0.0,0.0,0.0,0.0,0.0,0.0,1.0,2.0,1.0,2000,3000,#NULL!,#NULL!,#NULL!,#NULL!,1000,1000,1.0,,2.0,2.0,3.0,3.0,3.0,3.0,1.0,6.0,6.0,7.0,1.0,1.0,1.0,1.0,1.0,1.0,1.0,1.0,1.0,2.0,2.0,1.0,3.0,3.0,
1,5,4.0,12,E,3.0,,4,,packaging,3,3,1,1,4,3,4,4,4,3,3,4,1,1,,,,,0,0,,,,,2.0,1,,2.0,2.0,2.0,2.0,4.0,1.0,5.0,0.0,0.0,0.0,0.0,0.0,0.0,0.0,0.0,0.0,0.0,0.0,0.0,0.0,0.0,0.0,0.0,0.0,0.0,0.0,0.0,0.0,0.0,0.0,0.0,0.0,0.0,0.0,2.0,1.0,2.0,#NULL!,#NULL!,#NULL!,#NULL!,#NULL!,#NULL!,1500,2000,2.0,kawasan/tempat kerja,2.0,3.0,3.0,3.0,3.0,3.0,6.0,6.0,6.0,6.0,1.0,1.0,2.0,2.0,2.0,2.0,1.0,3.0,2.0,1.0,2.0,3.0,1.0,3.0,
1,5,3.0,18,F,1.0,,9,,makanan dan minuman,2,3,1,1,2,3,3,3,3,3,3,3,1,1,,,,,0,0,,,,,2.0,1,,2.0,2.0,2.0,2.0,4.0,2.0,6.0,0.0,4.0,4.0,0.0,2.0,2.0,0.0,0.0,0.0,0.0,0.0,0.0,0.0,0.0,0.0,0.0,0.0,0.0,0.0,2.0,2.0,0.0,1.0,1.0,0.0,0.0,0.0,2.0,2.0,1.0,#NULL!,#NULL!,#NULL!,#NULL!,#NULL!,#NULL!,1500,3000,1.0,,6.0,6.0,3.0,3.0,3.0,3.0,6.0,6.0,3.0,3.0,3.0,1.0,1.0,3.0,3.0,1.0,1.0,1.0,1.0,9.0,2.0,3.0,1.0,3.0,
1,5,3.0,25,C,1.0,,7,,kedai cermin mata,3,2,1,2,4,4,4,3,3,3,3,3,1,1,,,,,0,0,,,,,2.0,1,,2.0,2.0,2.0,2.0,0.0,0.0,0.0,0.0,0.0,0.0,0.0,0.0,0.0,0.0,0.0,0.0,0.0,0.0,0.0,0.0,0.0,0.0,0.0,0.0,0.0,0.0,0.0,0.0,0.0,0.0,0.0,0.0,0.0,0.0,2.0,1.0,8.0,#NULL!,#NULL!,#NULL!,#NULL!,#NULL!,#NULL!,1500,1800,2.0,gaji rendah,2.0,2.0,1.0,1.0,3.0,3.0,6.0,6.0,6.0,6.0,3.0,2.0,1.0,3.0,2.0,1.0,1.0,1.0,1.0,3.0,1.0,2.0,3.0,3.0,
1,5,4.0,12,E,1.0,,7,,jual beli car spare parts,2,3,1,1,2,4,3,4,4,4,3,4,1,1,,,,,0,0,,,,,2.0,1,,2.0,2.0,2.0,2.0,5.0,0.0,5.0,6.0,0.0,6.0,0.0,0.0,0.0,0.0,0.0,0.0,3.0,0.0,3.0,0.0,0.0,0.0,0.0,0.0,0.0,3.0,0.0,3.0,0.0,0.0,0.0,0.0,0.0,0.0,1.0,1.0,9.0,#NULL!,#NULL!,#NULL!,#NULL!,#NULL!,#NULL!,2000,5000,1.0,,6.0,6.0,2.0,2.0,3.0,3.0,6.0,6.0,7.0,7.0,4.0,2.0,2.0,2.0,3.0,1.0,1.0,3.0,1.0,9.0,2.0,1.0,3.0,3.0,
1,5,4.0,13,E,1.0,,7,,agent (newspaper),4,4,1,1,4,3,4,4,4,4,4,4,1,1,,,,,0,0,,,,,2.0,1,,2.0,2.0,2.0,2.0,3.0,1.0,4.0,0.0,0.0,0.0,0.0,0.0,0.0,0.0,0.0,0.0,0.0,0.0,0.0,0.0,0.0,0.0,0.0,0.0,0.0,0.0,0.0,0.0,0.0,0.0,0.0,0.0,0.0,0.0,2.0,2.0,8.0,#NULL!,#NULL!,#NULL!,#NULL!,#NULL!,#NULL!,1000,2000,2.0,"inginkan gaji tinggi, kerja senang",6.0,6.0,3.0,3.0,3.0,3.0,6.0,6.0,3.0,3.0,3.0,3.0,2.0,3.0,4.0,2.0,1.0,4.0,2.0,9.0,2.0,3.0,1.0,5.0,
1,5,4.0,12,B,1.0,,7,,kain,3,3,1,1,4,4,4,4,4,4,4,4,1,1,,,,,0,0,,,,,2.0,1,,2.0,2.0,2.0,2.0,1.0,0.0,1.0,0.0,0.0,0.0,0.0,0.0,0.0,0.0,0.0,0.0,0.0,0.0,0.0,0.0,0.0,0.0,0.0,0.0,0.0,0.0,0.0,0.0,0.0,0.0,0.0,0.0,0.0,0.0,2.0,2.0,8.0,#NULL!,#NULL!,#NULL!,#NULL!,#NULL!,#NULL!,1500,1800,1.0,,6.0,6.0,3.0,3.0,3.0,3.0,6.0,6.0,6.0,3.0,4.0,1.0,2.0,3.0,4.0,3.0,1.0,2.0,2.0,9.0,3.0,2.0,1.0,5.0,
1,5,3.0,17,G,2.0,,13,kedai pajak gadai,kedai pajak gadai,3,2,1,1,3,4,3,3,3,3,3,3,1,1,,,,,0,0,,,,,2.0,1,,2.0,2.0,2.0,2.0,1.0,1.0,2.0,0.0,0.0,0.0,0.0,0.0,0.0,0.0,0.0,0.0,0.0,0.0,0.0,0.0,0.0,0.0,0.0,0.0,0.0,0.0,0.0,0.0,0.0,0.0,0.0,0.0,0.0,0.0,2.0,2.0,8.0,#NULL!,#NULL!,#NULL!,#NULL!,#NULL!,#NULL!,1200,1500,1.0,,6.0,6.0,3.0,3.0,3.0,3.0,6.0,6.0,6.0,6.0,3.0,2.0,1.0,3.0,1.0,1.0,1.0,1.0,1.0,9.0,1.0,2.0,3.0,3.0,
1,5,3.0,24,H,3.0,,18,perlancongan,menawarkan pakej-pakej pelancongan,3,4,1,1,3,4,4,4,4,4,4,4,1,1,,,,,0,0,,,,,2.0,1,,1.0,2.0,2.0,2.0,2.0,3.0,5.0,0.0,0.0,0.0,0.0,0.0,0.0,0.0,0.0,0.0,0.0,0.0,0.0,0.0,0.0,0.0,0.0,0.0,0.0,0.0,0.0,0.0,0.0,0.0,0.0,0.0,0.0,0.0,1.0,1.0,8.0,#NULL!,#NULL!,#NULL!,#NULL!,#NULL!,#NULL!,2000,4000,1.0,,6.0,6.0,3.0,3.0,3.0,3.0,6.0,6.0,6.0,6.0,2.0,2.0,1.0,2.0,1.0,1.0,1.0,3.0,1.0,9.0,2.0,3.0,1.0,1.0,
1,5,4.0,26,G,11.0,perkongsian,19,law firm,law firm,2,3,1,1,1,4,2,3,3,3,2,2,1,2,1.0,,,,0,0,,,,,1.0,1,,2.0,2.0,2.0,2.0,1.0,1.0,2.0,2.0,2.0,4.0,1.0,1.0,2.0,0.0,0.0,0.0,0.0,0.0,0.0,0.0,1.0,1.0,0.0,0.0,0.0,1.0,0.0,1.0,0.0,0.0,0.0,0.0,0.0,0.0,2.0,1.0,1.0,2500,3500,#NULL!,#NULL!,#NULL!,#NULL!,1500,1800,1.0,,2.0,6.0,3.0,3.0,3.0,3.0,1.0,6.0,6.0,7.0,1.0,2.0,1.0,1.0,1.0,1.0,1.0,1.0,1.0,7.0,1.0,2.0,3.0,1.0,
1,5,3.0,24,H,1.0,,18,pelancongan,travel agency,3,4,1,3,3,4,4,4,4,4,4,4,1,1,,,,,0,0,,,,,2.0,1,,2.0,2.0,2.0,2.0,1.0,4.0,5.0,0.0,2.0,2.0,0.0,1.0,1.0,0.0,0.0,0.0,0.0,0.0,0.0,0.0,0.0,0.0,0.0,0.0,0.0,0.0,1.0,1.0,0.0,0.0,0.0,0.0,0.0,0.0,2.0,2.0,8.0,#NULL!,#NULL!,#NULL!,#NULL!,#NULL!,#NULL!,1400,3000,1.0,,6.0,6.0,3.0,3.0,3.0,3.0,6.0,6.0,1.0,1.0,3.0,3.0,2.0,3.0,3.0,2.0,2.0,3.0,3.0,7.0,3.0,2.0,1.0,3.0,
1,5,4.0,12,C,3.0,,7,,machining and handler spares,3,3,1,2,3,3,3,3,4,4,2,4,1,2,1.0,,,,0,0,,,,,1.0,1,,1.0,2.0,2.0,2.0,0.0,1.0,1.0,0.0,2.0,2.0,0.0,1.0,1.0,0.0,0.0,0.0,0.0,0.0,0.0,0.0,0.0,0.0,0.0,1.0,1.0,0.0,0.0,0.0,0.0,0.0,0.0,0.0,0.0,0.0,2.0,2.0,1.0,1500,3000,#NULL!,#NULL!,#NULL!,#NULL!,1000,1500,1.0,,6.0,6.0,3.0,3.0,1.0,1.0,6.0,6.0,3.0,3.0,4.0,4.0,1.0,1.0,1.0,1.0,1.0,1.0,1.0,7.0,1.0,2.0,3.0,3.0,
1,5,3.0,12,C,1.0,,4,,glass,3,3,1,1,3,3,3,4,4,4,4,4,1,1,,,,,0,0,,,,,2.0,1,,2.0,2.0,2.0,2.0,16.0,4.0,20.0,6.0,0.0,6.0,0.0,0.0,0.0,0.0,0.0,0.0,3.0,0.0,3.0,0.0,0.0,0.0,0.0,0.0,0.0,3.0,0.0,3.0,10.0,0.0,10.0,0.0,0.0,0.0,1.0,1.0,8.0,#NULL!,#NULL!,#NULL!,#NULL!,#NULL!,#NULL!,1400,2500,1.0,,6.0,6.0,3.0,3.0,3.0,3.0,6.0,6.0,6.0,6.0,2.0,1.0,2.0,2.0,2.0,2.0,1.0,3.0,2.0,9.0,1.0,3.0,2.0,5.0,
1,5,2.0,13,E,3.0,,7,,import and export buah-buahan,2,2,1,1,2,3,2,3,3,3,1,3,1,2,1.0,,,,0,0,,,,,1.0,3,2.0,1.0,2.0,2.0,2.0,15.0,13.0,28.0,10.0,20.0,30.0,0.0,3.0,3.0,0.0,7.0,7.0,5.0,0.0,5.0,0.0,7.0,7.0,0.0,0.0,0.0,5.0,3.0,8.0,0.0,0.0,0.0,0.0,0.0,0.0,1.0,1.0,2.0,2000,3000,#NULL!,#NULL!,#NULL!,#NULL!,1500,1800,1.0,,2.0,6.0,3.0,3.0,3.0,3.0,1.0,6.0,6.0,7.0,1.0,1.0,1.0,1.0,1.0,1.0,1.0,1.0,1.0,7.0,2.0,1.0,3.0,3.0,
1,5,4.0,24,H,1.0,,18,photographic studio,"pre-wedding, wedding and family portrait",3,3,1,1,3,4,4,4,4,4,4,4,1,1,,,,,0,0,,,,,2.0,1,,1.0,2.0,2.0,2.0,0.0,1.0,1.0,0.0,1.0,1.0,0.0,0.0,0.0,0.0,0.0,0.0,0.0,0.0,0.0,0.0,0.0,0.0,0.0,1.0,1.0,0.0,0.0,0.0,0.0,0.0,0.0,0.0,0.0,0.0,3.0,1.0,8.0,#NULL!,#NULL!,#NULL!,#NULL!,1500,3000,1500,2500,2.0,lack of experience,2.0,6.0,3.0,3.0,3.0,3.0,5.0,6.0,6.0,6.0,3.0,1.0,1.0,3.0,1.0,1.0,1.0,1.0,1.0,9.0,3.0,2.0,1.0,1.0,
1,5,4.0,12,D,1.0,,4,,membungkus dan membaiki sofa,2,2,1,1,2,2,3,4,4,4,4,4,1,1,,,,,0,0,,,,,2.0,1,,2.0,2.0,2.0,2.0,0.0,0.0,0.0,0.0,0.0,0.0,0.0,0.0,0.0,0.0,0.0,0.0,0.0,0.0,0.0,0.0,0.0,0.0,0.0,0.0,0.0,0.0,0.0,0.0,0.0,0.0,0.0,0.0,0.0,0.0,2.0,2.0,8.0,#NULL!,#NULL!,#NULL!,#NULL!,#NULL!,#NULL!,1800,2400,2.0,"inginkan gaji tinggi, kerja senang",6.0,6.0,3.0,3.0,3.0,3.0,6.0,6.0,3.0,3.0,4.0,1.0,2.0,3.0,4.0,2.0,1.0,4.0,2.0,9.0,3.0,2.0,1.0,12.0,inginkan masa kerja yang pendek
1,5,4.0,12,C,11.0,perkongsian,4,,steel doors,4,3,1,1,1,1,1,3,4,4,3,4,1,1,,,,,0,0,,,,,2.0,1,,1.0,2.0,2.0,2.0,2.0,0.0,2.0,0.0,0.0,0.0,0.0,0.0,0.0,0.0,0.0,0.0,0.0,0.0,0.0,0.0,0.0,0.0,0.0,0.0,0.0,0.0,0.0,0.0,2.0,0.0,2.0,0.0,0.0,0.0,3.0,2.0,8.0,#NULL!,#NULL!,#NULL!,#NULL!,#NULL!,#NULL!,1600,1800,2.0,belia tidak rela buat kerja berat,6.0,2.0,3.0,3.0,3.0,3.0,6.0,6.0,3.0,2.0,5.0,1.0,1.0,5.0,5.0,2.0,1.0,1.0,1.0,7.0,3.0,2.0,1.0,3.0,
1,5,4.0,25,J,1.0,,17,kedai gunting rambut,gunting rambut,4,3,2,1,2,3,2,4,4,4,2,4,1,1,,,,,0,0,,,,,2.0,1,,2.0,2.0,2.0,2.0,0.0,0.0,0.0,0.0,0.0,0.0,0.0,0.0,0.0,0.0,0.0,0.0,0.0,0.0,0.0,0.0,0.0,0.0,0.0,0.0,0.0,0.0,0.0,0.0,0.0,0.0,0.0,0.0,0.0,0.0,2.0,1.0,8.0,#NULL!,#NULL!,#NULL!,#NULL!,#NULL!,#NULL!,1200,1600,2.0,belia berhenti kerja selepas mendapat pengalaman,1.0,1.0,1.0,1.0,3.0,3.0,5.0,6.0,3.0,3.0,5.0,1.0,1.0,3.0,3.0,1.0,1.0,1.0,1.0,2.0,3.0,1.0,2.0,6.0,
1,5,4.0,12,B,3.0,,4,,bun manufacturer,3,3,1,1,2,3,2,2,4,4,2,4,1,2,1.0,1.0,,,0,0,,,,,1.0,3,2.0,1.0,2.0,2.0,2.0,26.0,20.0,46.0,0.0,0.0,0.0,0.0,0.0,0.0,0.0,0.0,0.0,0.0,0.0,0.0,0.0,0.0,0.0,0.0,0.0,0.0,0.0,0.0,0.0,0.0,0.0,0.0,0.0,0.0,0.0,1.0,1.0,1.0,2000,3000,#NULL!,#NULL!,#NULL!,#NULL!,1600,2000,1.0,,6.0,6.0,3.0,3.0,3.0,3.0,1.0,6.0,6.0,6.0,1.0,1.0,1.0,1.0,1.0,1.0,1.0,1.0,1.0,1.0,3.0,1.0,2.0,3.0,
1,5,4.0,12,B,11.0,perkongsian,17,perkhidmatan keranda,kedai keranda,2,1,1,1,1,3,1,3,3,3,2,3,1,1,,,,,0,0,,,,,2.0,1,,2.0,2.0,2.0,2.0,5.0,0.0,5.0,5.0,0.0,5.0,1.0,0.0,1.0,3.0,0.0,3.0,1.0,0.0,1.0,0.0,0.0,0.0,0.0,0.0,0.0,0.0,0.0,0.0,0.0,0.0,0.0,0.0,0.0,0.0,2.0,1.0,9.0,#NULL!,#NULL!,#NULL!,#NULL!,3000,4000,1000,2000,2.0,belia tidak berminat dengan kerja ini,6.0,6.0,2.0,2.0,3.0,3.0,5.0,6.0,3.0,2.0,4.0,1.0,2.0,3.0,3.0,1.0,1.0,3.0,1.0,7.0,2.0,1.0,3.0,3.0,
1,5,4.0,25,J,1.0,,18,,hair and beauty saloon,2,2,1,1,1,4,2,3,3,3,1,3,1,2,1.0,,,,0,0,,,,,2.0,1,,2.0,2.0,2.0,2.0,0.0,0.0,0.0,0.0,0.0,0.0,0.0,0.0,0.0,0.0,0.0,0.0,0.0,0.0,0.0,0.0,0.0,0.0,0.0,0.0,0.0,0.0,0.0,0.0,0.0,0.0,0.0,0.0,0.0,0.0,2.0,1.0,8.0,#NULL!,#NULL!,#NULL!,#NULL!,#NULL!,#NULL!,1200,1500,2.0,can't stick for a long time,2.0,2.0,1.0,1.0,3.0,3.0,6.0,6.0,6.0,6.0,3.0,1.0,1.0,3.0,3.0,1.0,1.0,1.0,1.0,8.0,2.0,1.0,3.0,1.0,
1,5,4.0,17,J,2.0,,16,sektor agama,feng shui,1,3,1,4,4,4,2,4,4,4,4,4,1,1,,,,,0,0,,,,,2.0,1,,2.0,2.0,2.0,2.0,0.0,0.0,0.0,0.0,0.0,0.0,0.0,0.0,0.0,0.0,0.0,0.0,0.0,0.0,0.0,0.0,0.0,0.0,0.0,0.0,0.0,0.0,0.0,0.0,0.0,0.0,0.0,0.0,0.0,0.0,3.0,2.0,8.0,#NULL!,#NULL!,#NULL!,#NULL!,#NULL!,#NULL!,2000,3000,1.0,,6.0,6.0,3.0,3.0,3.0,3.0,6.0,6.0,3.0,3.0,5.0,1.0,1.0,4.0,3.0,2.0,1.0,1.0,1.0,2.0,3.0,1.0,2.0,6.0,
1,5,3.0,18,F,1.0,,9,,makanan dan minuman,3,2,1,1,3,3,2,3,4,4,4,3,1,1,,,,,0,0,,,,,2.0,1,,2.0,2.0,2.0,2.0,1.0,1.0,2.0,1.0,1.0,2.0,0.0,0.0,0.0,0.0,0.0,0.0,0.0,0.0,0.0,0.0,0.0,0.0,0.0,0.0,0.0,0.0,0.0,0.0,0.0,0.0,0.0,0.0,0.0,0.0,1.0,2.0,8.0,#NULL!,#NULL!,#NULL!,#NULL!,#NULL!,#NULL!,1000,1500,1.0,,2.0,1.0,3.0,3.0,3.0,3.0,6.0,6.0,6.0,7.0,4.0,1.0,1.0,4.0,3.0,1.0,1.0,3.0,1.0,9.0,1.0,3.0,2.0,3.0,
1,5,4.0,26,H,1.0,,18,interior design,interior design,3,3,1,1,4,4,4,4,4,4,4,4,1,1,,,,,0,0,,,,,2.0,1,,2.0,2.0,2.0,2.0,0.0,0.0,0.0,0.0,0.0,0.0,0.0,0.0,0.0,0.0,0.0,0.0,0.0,0.0,0.0,0.0,0.0,0.0,0.0,0.0,0.0,0.0,0.0,0.0,0.0,0.0,0.0,0.0,0.0,0.0,2.0,2.0,8.0,#NULL!,#NULL!,#NULL!,#NULL!,#NULL!,#NULL!,1500,1800,1.0,,3.0,6.0,3.0,3.0,3.0,3.0,1.0,6.0,6.0,6.0,2.0,1.0,1.0,2.0,1.0,1.0,1.0,1.0,1.0,2.0,3.0,2.0,1.0,3.0,
1,5,2.0,12,C,3.0,,4,,supplying non metalic materials,3,2,1,1,2,3,2,3,3,3,1,4,1,2,1.0,,,,0,0,,,,,2.0,1,,1.0,2.0,1.0,2.0,3.0,11.0,14.0,0.0,6.0,6.0,0.0,0.0,0.0,0.0,0.0,0.0,0.0,3.0,3.0,0.0,0.0,0.0,0.0,0.0,0.0,0.0,3.0,3.0,6.0,0.0,6.0,0.0,0.0,0.0,1.0,1.0,2.0,#NULL!,#NULL!,#NULL!,#NULL!,#NULL!,#NULL!,1000,2000,2.0,belia tidak rela buat kerja berat,6.0,6.0,3.0,3.0,3.0,3.0,1.0,6.0,6.0,6.0,2.0,1.0,1.0,1.0,1.0,1.0,1.0,2.0,1.0,2.0,3.0,1.0,2.0,3.0,
1,5,3.0,17,I,1.0,,17,,clinic,3,3,1,1,2,3,2,3,3,3,1,3,1,1,,,,,0,0,,,,,2.0,1,,2.0,2.0,2.0,2.0,0.0,5.0,5.0,0.0,4.0,4.0,0.0,0.0,0.0,0.0,0.0,0.0,0.0,2.0,2.0,0.0,0.0,0.0,0.0,0.0,0.0,0.0,2.0,2.0,0.0,0.0,0.0,0.0,0.0,0.0,2.0,1.0,9.0,#NULL!,#NULL!,#NULL!,#NULL!,#NULL!,#NULL!,1200,1600,1.0,,3.0,2.0,3.0,1.0,3.0,3.0,1.0,6.0,6.0,7.0,2.0,2.0,1.0,1.0,2.0,1.0,1.0,3.0,1.0,7.0,2.0,1.0,3.0,3.0,
1,5,3.0,12,C,3.0,,4,,mould,2,2,1,1,4,3,2,2,4,1,2,4,1,2,1.0,,,,0,0,,,,,2.0,1,,2.0,2.0,2.0,2.0,8.0,3.0,11.0,4.0,2.0,6.0,0.0,1.0,1.0,0.0,0.0,0.0,2.0,0.0,2.0,0.0,0.0,0.0,0.0,0.0,0.0,2.0,1.0,3.0,7.0,0.0,7.0,0.0,0.0,0.0,1.0,1.0,1.0,2000,3000,#NULL!,#NULL!,#NULL!,#NULL!,1200,1500,1.0,,2.0,2.0,3.0,3.0,3.0,3.0,1.0,6.0,6.0,7.0,1.0,1.0,1.0,1.0,1.0,1.0,1.0,1.0,1.0,2.0,3.0,1.0,2.0,3.0,
1,5,2.0,12,C,3.0,,4,,metal parts,3,3,1,1,3,3,2,3,3,3,2,3,1,2,1.0,,,,0,0,,,,,2.0,3,2.0,1.0,1.0,1.0,1.0,12.0,23.0,35.0,0.0,0.0,0.0,0.0,10.0,10.0,6.0,0.0,6.0,0.0,4.0,4.0,6.0,10.0,16.0,0.0,0.0,0.0,0.0,4.0,4.0,0.0,0.0,0.0,0.0,0.0,0.0,1.0,1.0,1.0,2000,3000,#NULL!,#NULL!,#NULL!,#NULL!,1200,1600,1.0,,6.0,6.0,3.0,3.0,3.0,3.0,1.0,6.0,6.0,7.0,1.0,1.0,1.0,1.0,1.0,1.0,1.0,1.0,1.0,2.0,2.0,1.0,3.0,3.0,
1,5,2.0,12,C,3.0,,4,,high tensile deformed prestressing steel bars,3,3,1,2,4,4,4,4,4,4,4,4,1,2,1.0,1.0,,,0,0,,,,,1.0,2,2.0,2.0,2.0,1.0,2.0,48.0,6.0,54.0,33.0,2.0,35.0,1.0,0.0,1.0,0.0,0.0,0.0,24.0,0.0,24.0,1.0,0.0,1.0,1.0,1.0,2.0,6.0,1.0,7.0,0.0,0.0,0.0,0.0,0.0,0.0,2.0,2.0,1.0,2000,3000,#NULL!,#NULL!,1800,2500,#NULL!,#NULL!,2.0,not fulfill the job requirements,2.0,2.0,3.0,2.0,3.0,3.0,3.0,6.0,6.0,2.0,3.0,3.0,3.0,3.0,3.0,4.0,3.0,3.0,3.0,1.0,1.0,3.0,2.0,1.0,
1,5,1.0,20,I,10.0,,16,,education institute,1,2,2,1,3,3,3,2,2,2,2,3,3,2,1.0,1.0,,,0,0,,,,,1.0,1,,1.0,1.0,1.0,1.0,90.0,92.0,182.0,7.0,8.0,15.0,1.0,1.0,2.0,2.0,0.0,2.0,0.0,0.0,0.0,4.0,7.0,11.0,0.0,0.0,0.0,0.0,0.0,0.0,0.0,0.0,0.0,1.0,0.0,1.0,1.0,1.0,1.0,2300,5000,#NULL!,#NULL!,2800,5500,1600,2800,1.0,,6.0,2.0,3.0,3.0,3.0,3.0,3.0,5.0,1.0,3.0,1.0,2.0,2.0,2.0,2.0,2.0,2.0,2.0,2.0,1.0,3.0,1.0,2.0,3.0,
1,5,1.0,12,D,6.0,,4,,medical product,3,2,2,2,2,3,2,4,3,3,4,4,4,2,1.0,,1.0,,0,0,,,,,1.0,1,,1.0,2.0,2.0,1.0,138.0,331.0,469.0,496.0,500.0,996.0,16.0,10.0,26.0,102.0,114.0,216.0,130.0,126.0,256.0,81.0,100.0,181.0,37.0,24.0,61.0,130.0,126.0,256.0,0.0,0.0,0.0,2.0,1.0,3.0,1.0,1.0,1.0,2000,3000,#NULL!,#NULL!,#NULL!,#NULL!,1200,1500,1.0,,6.0,6.0,3.0,3.0,3.0,3.0,1.0,6.0,6.0,6.0,3.0,3.0,3.0,3.0,3.0,3.0,3.0,3.0,3.0,2.0,3.0,2.0,1.0,12.0,different people with different aspect
1,5,1.0,12,C,6.0,,4,,"detergent, soap",3,3,3,2,3,2,3,3,3,3,3,3,2,2,1.0,1.0,,,0,0,,,,,1.0,3,2.0,1.0,1.0,1.0,1.0,312.0,138.0,450.0,26.0,31.0,57.0,0.0,3.0,3.0,6.0,14.0,20.0,0.0,0.0,0.0,0.0,0.0,0.0,8.0,1.0,9.0,12.0,13.0,25.0,6.0,0.0,6.0,3.0,1.0,4.0,1.0,1.0,1.0,2100,2600,#NULL!,#NULL!,1100,1500,1000,1000,2.0,can't stick for a long time,2.0,1.0,3.0,2.0,3.0,3.0,1.0,6.0,6.0,2.0,2.0,3.0,3.0,3.0,2.0,3.0,3.0,2.0,2.0,2.0,2.0,1.0,3.0,5.0,
1,5,4.0,17,G,1.0,,13,,insurans,3,4,3,1,2,2,4,4,4,3,3,4,4,2,,1.0,,,0,0,,,,,2.0,1,,2.0,2.0,2.0,2.0,0.0,0.0,0.0,0.0,0.0,0.0,0.0,0.0,0.0,0.0,0.0,0.0,0.0,0.0,0.0,0.0,0.0,0.0,0.0,0.0,0.0,0.0,0.0,0.0,0.0,0.0,0.0,0.0,0.0,0.0,3.0,2.0,9.0,#NULL!,2000,#NULL!,2000,#NULL!,2000,#NULL!,2000,1.0,,6.0,6.0,3.0,3.0,3.0,3.0,6.0,6.0,6.0,6.0,2.0,1.0,1.0,1.0,1.0,2.0,1.0,2.0,1.0,1.0,3.0,2.0,1.0,3.0,
1,5,3.0,25,C,2.0,,7,,machine,2,2,2,2,2,2,2,2,3,3,2,3,2,1,,,,,0,0,,,,,2.0,1,,2.0,2.0,2.0,2.0,2.0,2.0,4.0,0.0,0.0,0.0,0.0,0.0,0.0,0.0,0.0,0.0,0.0,0.0,0.0,0.0,0.0,0.0,0.0,0.0,0.0,0.0,0.0,0.0,0.0,0.0,0.0,0.0,0.0,0.0,2.0,1.0,1.0,#NULL!,#NULL!,#NULL!,#NULL!,#NULL!,#NULL!,1000,2500,2.0,tiada pengalaman,2.0,6.0,2.0,3.0,2.0,3.0,3.0,6.0,6.0,7.0,2.0,2.0,2.0,3.0,3.0,2.0,2.0,2.0,2.0,2.0,3.0,1.0,2.0,6.0,
1,5,3.0,12,E,1.0,,8,bengkel,servis kenderaan dan alat ganti,2,2,1,3,2,2,2,3,4,1,4,3,3,1,,,,,0,0,,,,,2.0,1,,2.0,2.0,2.0,2.0,2.0,0.0,2.0,2.0,0.0,2.0,0.0,0.0,0.0,0.0,0.0,0.0,0.0,0.0,0.0,0.0,0.0,0.0,0.0,0.0,0.0,2.0,0.0,2.0,0.0,0.0,0.0,0.0,0.0,0.0,2.0,1.0,2.0,#NULL!,#NULL!,#NULL!,#NULL!,1200,1200,1200,1200,1.0,,6.0,6.0,2.0,3.0,3.0,3.0,5.0,5.0,3.0,3.0,3.0,3.0,3.0,4.0,3.0,3.0,3.0,5.0,3.0,2.0,3.0,1.0,2.0,3.0,
1,5,4.0,12,B,1.0,,4,,kuih,4,3,4,3,4,4,4,2,3,4,4,4,4,1,,,,,0,0,,,,,2.0,1,,2.0,2.0,2.0,2.0,0.0,0.0,0.0,0.0,0.0,0.0,0.0,0.0,0.0,0.0,0.0,0.0,0.0,0.0,0.0,0.0,0.0,0.0,0.0,0.0,0.0,0.0,0.0,0.0,0.0,0.0,0.0,0.0,0.0,0.0,2.0,2.0,8.0,#NULL!,#NULL!,#NULL!,#NULL!,#NULL!,#NULL!,#NULL!,#NULL!,1.0,,6.0,1.0,3.0,3.0,3.0,3.0,6.0,6.0,7.0,7.0,2.0,2.0,1.0,2.0,1.0,1.0,2.0,2.0,1.0,8.0,1.0,2.0,1.0,6.0,
1,5,3.0,12,E,2.0,,6,,simen dan pasir,3,2,2,3,2,2,2,2,3,2,2,4,4,1,,,,,0,0,,,,,2.0,1,,2.0,2.0,2.0,2.0,4.0,1.0,5.0,0.0,0.0,0.0,0.0,0.0,0.0,0.0,0.0,0.0,0.0,0.0,0.0,0.0,0.0,0.0,0.0,0.0,0.0,0.0,0.0,0.0,0.0,0.0,0.0,0.0,0.0,0.0,3.0,2.0,9.0,#NULL!,#NULL!,#NULL!,#NULL!,#NULL!,#NULL!,1100,2500,2.0,tidak berminat,6.0,6.0,3.0,3.0,3.0,3.0,6.0,6.0,7.0,7.0,3.0,3.0,2.0,2.0,3.0,3.0,3.0,3.0,3.0,2.0,3.0,1.0,2.0,1.0,
1,5,4.0,4,E,1.0,,1,,durian,2,2,2,1,3,3,3,4,3,3,4,4,4,1,,,,,0,0,,,,,2.0,3,2.0,2.0,2.0,2.0,2.0,12.0,0.0,12.0,7.0,0.0,7.0,0.0,0.0,0.0,0.0,0.0,0.0,0.0,0.0,0.0,0.0,0.0,0.0,0.0,0.0,0.0,7.0,0.0,7.0,6.0,0.0,6.0,0.0,0.0,0.0,2.0,2.0,6.0,#NULL!,#NULL!,#NULL!,#NULL!,#NULL!,#NULL!,1500,3000,1.0,,2.0,6.0,2.0,2.0,3.0,3.0,6.0,6.0,7.0,7.0,3.0,2.0,2.0,2.0,4.0,2.0,2.0,2.0,2.0,9.0,3.0,2.0,1.0,3.0,
1,5,4.0,13,E,1.0,,15,,jual tayar dan servis kereta,3,3,3,2,3,3,3,3,3,3,3,3,3,2,1.0,,,,0,0,,,,,2.0,1,,1.0,2.0,2.0,2.0,4.0,1.0,5.0,4.0,1.0,5.0,0.0,1.0,1.0,0.0,0.0,0.0,3.0,0.0,3.0,0.0,0.0,0.0,0.0,0.0,0.0,1.0,0.0,1.0,0.0,0.0,0.0,0.0,0.0,0.0,2.0,2.0,9.0,#NULL!,#NULL!,#NULL!,#NULL!,#NULL!,#NULL!,900,1200,1.0,,6.0,2.0,3.0,2.0,3.0,3.0,6.0,6.0,6.0,6.0,3.0,3.0,3.0,3.0,3.0,2.0,4.0,2.0,2.0,7.0,3.0,1.0,2.0,3.0,
1,5,4.0,25,E,1.0,,12,,pakaian dan makanan,3,4,3,2,4,4,4,2,3,2,4,4,4,1,,,,,0,0,,,,,2.0,1,,2.0,2.0,2.0,2.0,2.0,3.0,5.0,2.0,2.0,4.0,0.0,1.0,1.0,1.0,0.0,1.0,0.0,0.0,0.0,1.0,1.0,2.0,0.0,0.0,0.0,0.0,0.0,0.0,0.0,0.0,0.0,0.0,0.0,0.0,2.0,1.0,8.0,#NULL!,#NULL!,#NULL!,#NULL!,#NULL!,#NULL!,#NULL!,#NULL!,1.0,,2.0,3.0,3.0,3.0,3.0,3.0,1.0,6.0,2.0,2.0,2.0,2.0,2.0,2.0,2.0,2.0,2.0,2.0,2.0,7.0,2.0,1.0,3.0,3.0,
1,5,3.0,12,B,1.0,,9,,makanan dan minuman,2,2,3,3,2,2,2,2,3,4,4,3,4,1,,,,,0,0,,,,,2.0,1,,2.0,2.0,2.0,2.0,2.0,2.0,4.0,2.0,1.0,3.0,0.0,0.0,0.0,0.0,1.0,1.0,1.0,0.0,1.0,0.0,0.0,0.0,0.0,0.0,0.0,1.0,0.0,1.0,0.0,0.0,0.0,0.0,0.0,0.0,2.0,1.0,1.0,#NULL!,#NULL!,#NULL!,#NULL!,#NULL!,#NULL!,900,1300,2.0,memilih pekerjaan,4.0,1.0,3.0,3.0,3.0,3.0,6.0,6.0,2.0,2.0,3.0,1.0,2.0,2.0,3.0,2.0,2.0,3.0,2.0,9.0,1.0,3.0,2.0,3.0,
1,5,4.0,25,J,3.0,,17,wellness centre,spa and foot reflexology,3,3,3,3,3,3,3,3,3,3,3,3,3,2,,1.0,,,0,0,,,,,1.0,1,,2.0,2.0,2.0,2.0,0.0,5.0,5.0,0.0,0.0,0.0,0.0,0.0,0.0,0.0,0.0,0.0,0.0,0.0,0.0,0.0,0.0,0.0,0.0,0.0,0.0,0.0,0.0,0.0,0.0,4.0,4.0,0.0,0.0,0.0,2.0,2.0,8.0,#NULL!,#NULL!,#NULL!,#NULL!,#NULL!,#NULL!,1200,1200,1.0,,6.0,2.0,1.0,1.0,3.0,3.0,6.0,6.0,1.0,2.0,3.0,3.0,3.0,3.0,3.0,3.0,3.0,3.0,3.0,7.0,3.0,2.0,1.0,3.0,
1,5,3.0,12,D,1.0,,4,,pasang kusyen perabot,3,3,3,3,3,3,3,3,3,4,4,4,3,1,,,,,0,0,,,,,2.0,1,,2.0,2.0,2.0,2.0,6.0,0.0,6.0,6.0,0.0,6.0,0.0,0.0,0.0,0.0,0.0,0.0,3.0,0.0,3.0,0.0,0.0,0.0,0.0,0.0,0.0,3.0,0.0,3.0,0.0,0.0,0.0,0.0,0.0,0.0,2.0,2.0,8.0,#NULL!,#NULL!,#NULL!,#NULL!,#NULL!,#NULL!,900,1200,2.0,belia kurang minat kerja buruh,6.0,1.0,3.0,2.0,3.0,3.0,6.0,6.0,3.0,2.0,3.0,3.0,3.0,3.0,3.0,3.0,3.0,3.0,3.0,9.0,3.0,1.0,2.0,3.0,
1,5,4.0,4,E,3.0,,6,,sukan,3,3,3,3,3,3,3,3,3,2,3,3,3,1,,,,,0,0,,,,,2.0,1,,1.0,2.0,2.0,2.0,5.0,5.0,10.0,6.0,8.0,14.0,1.0,0.0,1.0,1.0,1.0,2.0,2.0,3.0,5.0,0.0,0.0,0.0,2.0,1.0,3.0,0.0,3.0,3.0,0.0,0.0,0.0,0.0,0.0,0.0,1.0,1.0,1.0,2200,2500,#NULL!,#NULL!,1500,1800,1200,1300,1.0,,6.0,6.0,3.0,3.0,3.0,3.0,6.0,6.0,3.0,3.0,3.0,3.0,3.0,3.0,3.0,3.0,3.0,3.0,3.0,2.0,3.0,2.0,1.0,1.0,
1,5,3.0,12,E,1.0,,7,,sanitary ware,3,2,2,2,2,3,2,3,3,2,2,3,2,1,,,,,0,0,,,,,2.0,1,,2.0,2.0,2.0,2.0,25.0,10.0,35.0,6.0,4.0,10.0,4.0,2.0,6.0,1.0,1.0,2.0,1.0,1.0,2.0,0.0,0.0,0.0,0.0,0.0,0.0,0.0,0.0,0.0,2.0,1.0,3.0,0.0,0.0,0.0,2.0,1.0,1.0,1000,1500,#NULL!,#NULL!,1000,1500,1000,1500,1.0,,6.0,6.0,3.0,3.0,3.0,3.0,6.0,6.0,7.0,7.0,4.0,2.0,2.0,3.0,4.0,2.0,2.0,2.0,2.0,7.0,3.0,2.0,1.0,3.0,
1,5,3.0,12,D,3.0,,4,,perabot,3,3,2,3,3,3,3,2,3,2,2,2,3,2,1.0,,,,0,0,,,,,2.0,1,,1.0,2.0,2.0,2.0,25.0,1.0,26.0,0.0,0.0,0.0,0.0,0.0,0.0,0.0,0.0,0.0,0.0,0.0,0.0,0.0,0.0,0.0,0.0,0.0,0.0,0.0,0.0,0.0,24.0,0.0,24.0,0.0,0.0,0.0,1.0,1.0,8.0,#NULL!,#NULL!,#NULL!,#NULL!,#NULL!,#NULL!,#NULL!,#NULL!,1.0,,6.0,6.0,3.0,3.0,3.0,3.0,6.0,6.0,7.0,7.0,3.0,2.0,3.0,3.0,3.0,3.0,3.0,2.0,3.0,2.0,3.0,1.0,2.0,1.0,
1,5,3.0,12,D,3.0,,4,,kabinet tv,3,2,2,3,3,3,3,3,3,1,3,3,1,2,1.0,,,,0,0,,,,,1.0,3,2.0,2.0,1.0,1.0,1.0,17.0,8.0,25.0,0.0,0.0,0.0,0.0,1.0,1.0,0.0,1.0,1.0,0.0,0.0,0.0,0.0,1.0,1.0,0.0,0.0,0.0,0.0,0.0,0.0,0.0,0.0,0.0,0.0,0.0,0.0,1.0,2.0,9.0,1600,5000,#NULL!,#NULL!,#NULL!,#NULL!,1000,#NULL!,1.0,,6.0,6.0,3.0,3.0,3.0,3.0,6.0,6.0,7.0,7.0,3.0,2.0,3.0,3.0,3.0,3.0,3.0,3.0,3.0,7.0,1.0,3.0,2.0,3.0,
1,5,3.0,12,D,2.0,,4,,perabot,3,3,3,3,2,2,3,3,3,3,3,3,3,1,,,,,0,0,,,,,2.0,1,,2.0,2.0,2.0,2.0,4.0,2.0,6.0,0.0,0.0,0.0,0.0,0.0,0.0,0.0,0.0,0.0,0.0,0.0,0.0,0.0,0.0,0.0,0.0,0.0,0.0,0.0,0.0,0.0,0.0,0.0,0.0,0.0,0.0,0.0,2.0,1.0,8.0,2000,#NULL!,#NULL!,#NULL!,#NULL!,#NULL!,#NULL!,#NULL!,2.0,attitude problem,6.0,6.0,3.0,3.0,3.0,3.0,6.0,6.0,7.0,7.0,4.0,2.0,2.0,2.0,2.0,2.0,2.0,2.0,2.0,2.0,3.0,1.0,2.0,6.0,
1,5,4.0,12,D,3.0,,4,,perabot,3,3,2,2,3,3,2,3,3,4,3,3,3,1,,,,,0,0,,,,,2.0,1,,2.0,2.0,2.0,2.0,12.0,0.0,12.0,0.0,0.0,0.0,0.0,0.0,0.0,0.0,0.0,0.0,0.0,0.0,0.0,0.0,0.0,0.0,0.0,0.0,0.0,0.0,0.0,0.0,0.0,0.0,0.0,0.0,0.0,0.0,2.0,1.0,9.0,#NULL!,#NULL!,#NULL!,#NULL!,#NULL!,#NULL!,#NULL!,#NULL!,1.0,,6.0,6.0,2.0,2.0,3.0,3.0,6.0,6.0,7.0,7.0,4.0,2.0,4.0,4.0,4.0,4.0,3.0,3.0,3.0,2.0,3.0,1.0,2.0,6.0,
1,5,3.0,12,B,1.0,,4,,mee,3,3,3,3,2,3,3,3,3,3,3,3,3,1,,,,,0,0,,,,,2.0,1,,2.0,2.0,2.0,2.0,40.0,30.0,70.0,7.0,7.0,14.0,2.0,3.0,5.0,1.0,1.0,2.0,1.0,1.0,2.0,0.0,0.0,0.0,0.0,0.0,0.0,3.0,2.0,5.0,0.0,0.0,0.0,0.0,0.0,0.0,1.0,1.0,2.0,1000,1000,1000,1000,#NULL!,#NULL!,#NULL!,#NULL!,2.0,gaji dan pekerja,6.0,6.0,3.0,3.0,3.0,3.0,1.0,6.0,2.0,7.0,3.0,2.0,3.0,3.0,3.0,3.0,3.0,3.0,3.0,7.0,2.0,3.0,1.0,6.0,
1,5,4.0,12,D,3.0,,4,,perabot/sofa,1,1,1,2,2,2,2,2,2,2,3,3,3,2,1.0,,,,0,0,,,,,1.0,3,2.0,1.0,1.0,1.0,1.0,29.0,6.0,35.0,25.0,8.0,33.0,1.0,4.0,5.0,1.0,0.0,1.0,21.0,0.0,21.0,1.0,0.0,1.0,0.0,2.0,2.0,1.0,2.0,3.0,21.0,0.0,21.0,0.0,0.0,0.0,1.0,1.0,5.0,1800,2000,2100,2300,1600,1800,1300,1500,2.0,most of young worker prefer to work at Singapore especially for johorean,2.0,6.0,3.0,3.0,3.0,3.0,1.0,6.0,1.0,2.0,2.0,2.0,2.0,3.0,3.0,3.0,3.0,3.0,3.0,2.0,2.0,2.0,2.0,3.0,
1,5,4.0,12,B,2.0,,9,,"nasi lemak, kuih-muih",3,3,3,3,4,4,4,4,4,3,4,3,3,1,,,,,0,0,,,,,2.0,1,,2.0,2.0,2.0,2.0,1.0,1.0,2.0,0.0,0.0,0.0,0.0,0.0,0.0,0.0,0.0,0.0,0.0,0.0,0.0,0.0,0.0,0.0,0.0,0.0,0.0,0.0,0.0,0.0,0.0,0.0,0.0,0.0,0.0,0.0,2.0,2.0,8.0,#NULL!,#NULL!,#NULL!,#NULL!,#NULL!,#NULL!,800,1000,1.0,,6.0,6.0,3.0,3.0,3.0,3.0,6.0,6.0,2.0,2.0,2.0,2.0,2.0,3.0,3.0,2.0,2.0,3.0,3.0,2.0,3.0,1.0,2.0,3.0,
1,5,3.0,12,C,2.0,,8,,membuat badan lori,3,3,3,2,3,3,3,4,3,3,3,3,3,1,,,,,0,0,,,,,2.0,3,2.0,2.0,2.0,2.0,2.0,0.0,4.0,4.0,0.0,2.0,2.0,0.0,0.0,0.0,0.0,0.0,0.0,0.0,0.0,0.0,0.0,0.0,0.0,0.0,1.0,1.0,0.0,1.0,1.0,1.0,0.0,1.0,0.0,0.0,0.0,1.0,2.0,2.0,#NULL!,#NULL!,#NULL!,#NULL!,1000,4000,1000,4000,1.0,,1.0,1.0,3.0,3.0,3.0,3.0,5.0,6.0,7.0,7.0,3.0,5.0,2.0,2.0,2.0,2.0,2.0,3.0,2.0,5.0,3.0,1.0,2.0,5.0,
1,5,3.0,12,D,3.0,,4,,"kerusi, katil dan meja",2,3,2,3,3,1,2,2,2,2,2,3,3,1,,,,,0,0,,,,,2.0,2,2.0,2.0,2.0,2.0,2.0,2.0,1.0,3.0,1.0,2.0,3.0,0.0,2.0,2.0,1.0,0.0,1.0,0.0,0.0,0.0,0.0,0.0,0.0,0.0,0.0,0.0,0.0,0.0,0.0,0.0,0.0,0.0,0.0,0.0,0.0,1.0,1.0,6.0,2000,2500,#NULL!,#NULL!,#NULL!,#NULL!,1000,1500,1.0,,2.0,6.0,1.0,2.0,3.0,3.0,1.0,6.0,7.0,7.0,2.0,1.0,1.0,1.0,1.0,2.0,1.0,1.0,1.0,7.0,3.0,2.0,1.0,9.0,
1,5,4.0,4,A,1.0,,4,,barangan plastik,1,2,2,2,1,1,3,4,3,3,3,3,2,1,,,,,0,0,,,,,2.0,3,1.0,2.0,2.0,2.0,2.0,0.0,0.0,0.0,0.0,0.0,0.0,0.0,0.0,0.0,0.0,0.0,0.0,0.0,0.0,0.0,0.0,0.0,0.0,0.0,0.0,0.0,0.0,0.0,0.0,0.0,0.0,0.0,0.0,0.0,0.0,2.0,2.0,9.0,#NULL!,#NULL!,#NULL!,#NULL!,#NULL!,#NULL!,1000,1800,1.0,,6.0,6.0,2.0,2.0,3.0,3.0,6.0,6.0,7.0,7.0,3.0,2.0,3.0,3.0,3.0,3.0,3.0,3.0,3.0,9.0,3.0,2.0,1.0,5.0,
1,5,4.0,12,B,2.0,,4,,otak-otak,2,3,1,2,1,1,2,3,3,3,3,1,1,1,,,,,0,0,,,,,2.0,1,,2.0,2.0,2.0,2.0,7.0,4.0,11.0,0.0,0.0,0.0,0.0,0.0,0.0,0.0,0.0,0.0,0.0,0.0,0.0,0.0,0.0,0.0,0.0,0.0,0.0,0.0,0.0,0.0,0.0,0.0,0.0,0.0,0.0,0.0,1.0,1.0,2.0,#NULL!,#NULL!,#NULL!,#NULL!,#NULL!,#NULL!,1100,1800,1.0,,6.0,6.0,3.0,3.0,1.0,1.0,6.0,6.0,7.0,7.0,3.0,3.0,4.0,3.0,3.0,1.0,1.0,4.0,2.0,9.0,1.0,3.0,2.0,7.0,
1,5,3.0,12,D,2.0,,4,,sofa,1,1,3,1,1,1,1,3,1,1,3,2,1,1,,,,,0,0,,,,,2.0,3,1.0,2.0,2.0,1.0,2.0,4.0,6.0,10.0,0.0,0.0,0.0,1.0,2.0,3.0,1.0,0.0,1.0,0.0,0.0,0.0,0.0,0.0,0.0,0.0,0.0,0.0,0.0,0.0,0.0,0.0,0.0,0.0,0.0,0.0,0.0,1.0,1.0,6.0,2000,5000,#NULL!,#NULL!,#NULL!,#NULL!,1000,1800,1.0,,3.0,6.0,3.0,3.0,3.0,3.0,6.0,6.0,7.0,7.0,3.0,3.0,3.0,3.0,3.0,3.0,3.0,3.0,3.0,7.0,1.0,3.0,2.0,1.0,
1,5,3.0,12,D,3.0,,4,,kayu spray,3,2,2,3,3,3,3,4,3,3,3,3,3,1,,,,,0,0,,,,,2.0,3,2.0,2.0,2.0,2.0,2.0,0.0,1.0,1.0,0.0,0.0,0.0,0.0,0.0,0.0,0.0,0.0,0.0,0.0,0.0,0.0,0.0,0.0,0.0,0.0,0.0,0.0,0.0,0.0,0.0,0.0,0.0,0.0,0.0,0.0,0.0,2.0,1.0,9.0,#NULL!,#NULL!,#NULL!,#NULL!,#NULL!,#NULL!,1000,1000,1.0,,6.0,6.0,3.0,3.0,3.0,3.0,5.0,6.0,7.0,7.0,3.0,2.0,3.0,3.0,3.0,1.0,2.0,3.0,3.0,9.0,3.0,1.0,2.0,3.0,
1,5,4.0,25,C,1.0,,11,,"computers, printers and accesories",2,4,2,2,3,4,3,4,3,3,3,3,4,2,1.0,,,,0,0,,,,,2.0,1,,1.0,2.0,2.0,2.0,3.0,0.0,3.0,3.0,0.0,3.0,0.0,0.0,0.0,0.0,0.0,0.0,0.0,0.0,0.0,0.0,0.0,0.0,3.0,0.0,3.0,0.0,0.0,0.0,0.0,0.0,0.0,0.0,0.0,0.0,2.0,2.0,9.0,#NULL!,#NULL!,#NULL!,#NULL!,1000,1000,#NULL!,#NULL!,1.0,,6.0,1.0,3.0,3.0,3.0,1.0,6.0,5.0,7.0,7.0,3.0,2.0,3.0,3.0,2.0,2.0,2.0,3.0,2.0,5.0,2.0,1.0,3.0,1.0,
1,5,3.0,24,I,3.0,,13,secretarial and management,secretarial and management services,3,3,3,2,3,4,3,4,3,3,3,4,3,2,1.0,,,,0,0,,,,,1.0,1,,1.0,2.0,2.0,2.0,1.0,14.0,15.0,0.0,11.0,11.0,0.0,0.0,0.0,0.0,3.0,3.0,0.0,0.0,0.0,0.0,8.0,8.0,0.0,0.0,0.0,0.0,0.0,0.0,0.0,0.0,0.0,0.0,0.0,0.0,2.0,2.0,1.0,1100,#NULL!,1100,#NULL!,1100,#NULL!,1100,#NULL!,1.0,,2.0,1.0,3.0,3.0,3.0,3.0,6.0,6.0,7.0,7.0,2.0,2.0,2.0,2.0,2.0,2.0,2.0,2.0,2.0,2.0,1.0,3.0,2.0,6.0,
1,5,4.0,26,H,8.0,,6,,telco,2,4,4,4,4,4,4,4,4,4,4,4,4,2,1.0,,,,0,0,,,,,1.0,3,2.0,1.0,1.0,1.0,2.0,50.0,25.0,75.0,70.0,20.0,90.0,0.0,0.0,0.0,35.0,10.0,45.0,0.0,0.0,0.0,35.0,10.0,45.0,0.0,0.0,0.0,0.0,0.0,0.0,0.0,0.0,0.0,0.0,0.0,0.0,1.0,1.0,3.0,#NULL!,#NULL!,#NULL!,#NULL!,#NULL!,#NULL!,#NULL!,#NULL!,1.0,,4.0,1.0,3.0,3.0,3.0,3.0,5.0,6.0,7.0,7.0,3.0,2.0,2.0,3.0,2.0,2.0,1.0,2.0,2.0,2.0,3.0,1.0,2.0,3.0,
1,5,4.0,12,B,1.0,,4,,garment,3,2,2,2,3,2,3,3,3,2,3,4,4,1,,,,,0,0,,,,,2.0,1,,2.0,2.0,2.0,2.0,1.0,7.0,8.0,0.0,1.0,1.0,0.0,1.0,1.0,0.0,0.0,0.0,0.0,0.0,0.0,0.0,0.0,0.0,0.0,0.0,0.0,0.0,0.0,0.0,0.0,0.0,0.0,0.0,0.0,0.0,1.0,1.0,1.0,1200,2000,1200,2000,1200,2000,1200,2000,1.0,,6.0,6.0,3.0,3.0,3.0,3.0,6.0,6.0,6.0,6.0,2.0,1.0,1.0,1.0,1.0,1.0,1.0,3.0,1.0,9.0,1.0,2.0,3.0,10.0,
1,5,2.0,20,I,1.0,,16,,pendidikan awal kanak-kanak bermula dari 4-6 tahun,3,3,2,2,2,4,2,2,1,2,2,1,4,2,,1.0,,,0,0,,,,,1.0,1,,2.0,2.0,2.0,2.0,1.0,4.0,5.0,1.0,3.0,4.0,0.0,0.0,0.0,1.0,3.0,4.0,0.0,0.0,0.0,0.0,0.0,0.0,0.0,0.0,0.0,0.0,0.0,0.0,0.0,0.0,0.0,0.0,0.0,0.0,2.0,1.0,1.0,#NULL!,#NULL!,#NULL!,#NULL!,1000,1100,400,700,2.0,belia tidak mempunyai komitmen yang serius untuk bekerja,2.0,6.0,3.0,3.0,3.0,3.0,5.0,6.0,6.0,7.0,1.0,2.0,2.0,2.0,2.0,1.0,1.0,1.0,2.0,7.0,1.0,2.0,3.0,2.0,
1,5,3.0,12,E,3.0,,4,,perabot pejabat (siap & eksport),4,3,3,2,2,2,2,2,3,3,3,3,3,2,1.0,,,,0,0,,,,,2.0,3,1.0,1.0,2.0,1.0,1.0,15.0,3.0,18.0,28.0,6.0,34.0,0.0,3.0,3.0,0.0,0.0,0.0,14.0,0.0,14.0,0.0,1.0,1.0,4.0,1.0,5.0,10.0,1.0,11.0,5.0,0.0,5.0,0.0,0.0,0.0,2.0,1.0,1.0,1500,1700,#NULL!,#NULL!,1300,1400,1000,1500,1.0,,6.0,2.0,3.0,3.0,3.0,3.0,5.0,6.0,7.0,7.0,3.0,2.0,2.0,2.0,2.0,2.0,2.0,3.0,2.0,2.0,3.0,2.0,1.0,3.0,
1,5,4.0,13,E,1.0,,7,,pakaian,3,3,2,3,3,3,3,3,3,1,3,4,3,1,,,,,0,0,,,,,2.0,1,,2.0,2.0,2.0,2.0,0.0,2.0,2.0,0.0,4.0,4.0,0.0,0.0,0.0,0.0,0.0,0.0,0.0,2.0,2.0,0.0,0.0,0.0,0.0,0.0,0.0,0.0,2.0,2.0,0.0,0.0,0.0,0.0,0.0,0.0,2.0,2.0,9.0,#NULL!,#NULL!,#NULL!,#NULL!,#NULL!,#NULL!,1000,1500,1.0,,6.0,2.0,3.0,3.0,3.0,3.0,6.0,6.0,6.0,3.0,3.0,3.0,2.0,3.0,3.0,3.0,2.0,3.0,3.0,3.0,1.0,3.0,2.0,1.0,
1,5,3.0,12,B,3.0,,7,,buat pakaian siap,2,2,2,2,2,2,2,3,3,3,3,3,3,2,1.0,,,,0,0,,,,,2.0,1,,2.0,2.0,2.0,2.0,15.0,25.0,40.0,0.0,2.0,2.0,0.0,1.0,1.0,0.0,0.0,0.0,0.0,0.0,0.0,0.0,0.0,0.0,0.0,1.0,1.0,0.0,0.0,0.0,30.0,10.0,40.0,0.0,0.0,0.0,1.0,1.0,2.0,#NULL!,#NULL!,2000,2500,#NULL!,#NULL!,1000,1500,1.0,,6.0,2.0,3.0,1.0,3.0,3.0,5.0,6.0,7.0,7.0,2.0,2.0,2.0,2.0,2.0,2.0,2.0,2.0,2.0,9.0,1.0,2.0,3.0,3.0,
1,5,3.0,17,H,4.0,,9,shopping centre management,manage the shopping centre,1,2,2,2,1,4,4,4,4,2,4,4,4,1,,,,,0,0,,,,,1.0,3,3.0,2.0,1.0,2.0,2.0,13.0,17.0,30.0,4.0,10.0,14.0,2.0,5.0,7.0,0.0,0.0,0.0,0.0,0.0,0.0,1.0,2.0,3.0,1.0,3.0,4.0,0.0,0.0,0.0,0.0,0.0,0.0,0.0,0.0,0.0,2.0,2.0,1.0,1800,2000,#NULL!,#NULL!,1500,1700,1100,1500,2.0,lack of work experiance,3.0,2.0,3.0,3.0,3.0,3.0,1.0,5.0,1.0,1.0,3.0,3.0,3.0,3.0,3.0,3.0,3.0,3.0,3.0,1.0,3.0,2.0,1.0,3.0,
1,5,4.0,24,I,3.0,,1,pest control,pest control,3,3,2,1,2,2,2,2,4,3,3,4,4,2,1.0,,,,0,0,,,,,2.0,1,,2.0,2.0,2.0,2.0,2.0,0.0,2.0,0.0,0.0,0.0,0.0,0.0,0.0,0.0,0.0,0.0,0.0,0.0,0.0,0.0,0.0,0.0,0.0,0.0,0.0,0.0,0.0,0.0,0.0,0.0,0.0,0.0,0.0,0.0,2.0,2.0,9.0,#NULL!,#NULL!,#NULL!,#NULL!,#NULL!,#NULL!,1000,1200,2.0,"kerja sekejap, kemudian berhenti",6.0,2.0,3.0,2.0,3.0,3.0,6.0,6.0,6.0,2.0,3.0,3.0,3.0,3.0,3.0,2.0,2.0,2.0,2.0,9.0,2.0,3.0,1.0,3.0,
1,5,4.0,2,A,4.0,,11,,sektor penanaman getah,2,1,2,3,3,3,2,3,3,3,3,3,3,2,1.0,,,,0,0,,,,,2.0,1,,2.0,2.0,2.0,2.0,3.0,0.0,3.0,6.0,0.0,6.0,0.0,0.0,0.0,0.0,0.0,0.0,3.0,0.0,3.0,0.0,0.0,0.0,0.0,0.0,0.0,3.0,0.0,3.0,0.0,0.0,0.0,0.0,0.0,0.0,2.0,2.0,8.0,#NULL!,#NULL!,#NULL!,#NULL!,#NULL!,#NULL!,1500,2000,2.0,tiada orang muda tinggal di kampung,6.0,1.0,3.0,2.0,3.0,3.0,6.0,6.0,7.0,7.0,3.0,3.0,3.0,3.0,3.0,3.0,3.0,3.0,3.0,9.0,2.0,1.0,3.0,3.0,
1,5,4.0,16,J,3.0,,18,loteri,loteri,2,2,2,2,2,2,2,2,3,3,3,3,2,1,,,,,0,0,,,,,2.0,1,,2.0,2.0,2.0,2.0,0.0,3.0,3.0,0.0,2.0,2.0,0.0,1.0,1.0,0.0,0.0,0.0,0.0,0.0,0.0,0.0,0.0,0.0,0.0,0.0,0.0,0.0,1.0,1.0,0.0,0.0,0.0,0.0,0.0,0.0,2.0,2.0,2.0,#NULL!,#NULL!,#NULL!,#NULL!,#NULL!,#NULL!,1500,2000,1.0,,6.0,6.0,1.0,1.0,3.0,3.0,6.0,6.0,7.0,7.0,3.0,3.0,3.0,3.0,3.0,3.0,3.0,3.0,3.0,9.0,2.0,1.0,3.0,3.0,
1,5,1.0,12,C,6.0,,4,,elektronik,3,2,2,3,3,3,3,3,3,3,3,4,3,2,1.0,1.0,,,0,0,,,,,1.0,3,2.0,1.0,1.0,1.0,2.0,270.0,153.0,423.0,160.0,140.0,300.0,5.0,17.0,22.0,0.0,0.0,0.0,75.0,53.0,128.0,5.0,17.0,22.0,0.0,0.0,0.0,75.0,53.0,128.0,163.0,21.0,184.0,10.0,0.0,10.0,3.0,1.0,1.0,2000,3000,#NULL!,#NULL!,#NULL!,#NULL!,1000,1500,1.0,,6.0,1.0,1.0,2.0,3.0,3.0,1.0,6.0,1.0,2.0,2.0,3.0,3.0,3.0,3.0,2.0,2.0,2.0,3.0,1.0,3.0,2.0,1.0,3.0,
1,5,3.0,13,E,1.0,,4,,hardware trading,3,2,2,1,3,3,3,2,3,4,2,3,2,1,,,,,0,0,,,,,2.0,1,,2.0,2.0,2.0,2.0,2.0,2.0,4.0,0.0,2.0,2.0,0.0,2.0,2.0,0.0,0.0,0.0,0.0,0.0,0.0,0.0,0.0,0.0,0.0,0.0,0.0,0.0,0.0,0.0,0.0,0.0,0.0,0.0,0.0,0.0,1.0,1.0,2.0,2000,2200,#NULL!,#NULL!,#NULL!,#NULL!,1000,1500,1.0,,2.0,6.0,3.0,3.0,3.0,3.0,1.0,6.0,6.0,7.0,2.0,2.0,1.0,1.0,1.0,1.0,1.0,2.0,1.0,7.0,1.0,2.0,3.0,3.0,
1,5,3.0,19,H,3.0,,19,consultancy firm,consultation,2,2,2,1,2,4,2,3,3,3,3,2,2,1,,,,,0,0,,,,,2.0,1,,2.0,2.0,2.0,2.0,3.0,17.0,20.0,0.0,2.0,2.0,0.0,2.0,2.0,0.0,0.0,0.0,0.0,0.0,0.0,0.0,0.0,0.0,0.0,0.0,0.0,0.0,0.0,0.0,0.0,0.0,0.0,0.0,0.0,0.0,1.0,1.0,1.0,2000,5500,#NULL!,#NULL!,#NULL!,#NULL!,1200,1300,1.0,,3.0,6.0,3.0,3.0,3.0,3.0,2.0,6.0,6.0,6.0,1.0,1.0,1.0,1.0,1.0,1.0,1.0,1.0,1.0,1.0,1.0,3.0,2.0,1.0,
1,5,3.0,12,C,3.0,,4,,"rubber compression tool, jig and fixture",2,2,2,2,2,2,1,3,4,4,2,3,2,2,1.0,,,,0,0,,,,,2.0,1,,2.0,2.0,2.0,2.0,17.0,1.0,18.0,28.0,2.0,30.0,0.0,1.0,1.0,0.0,0.0,0.0,14.0,0.0,14.0,0.0,0.0,0.0,0.0,0.0,0.0,14.0,1.0,15.0,3.0,0.0,3.0,0.0,0.0,0.0,1.0,2.0,8.0,#NULL!,#NULL!,#NULL!,#NULL!,#NULL!,#NULL!,1100,1200,2.0,lack of skills,2.0,2.0,2.0,2.0,3.0,3.0,6.0,6.0,6.0,6.0,3.0,1.0,3.0,3.0,2.0,1.0,1.0,1.0,1.0,7.0,1.0,2.0,3.0,3.0,
1,5,1.0,12,C,3.0,,4,,"double sided tape, label and sticker",2,2,1,1,2,3,2,2,3,4,2,3,2,2,1.0,,,,0,0,,,,,2.0,1,,2.0,2.0,2.0,2.0,23.0,20.0,43.0,32.0,28.0,60.0,0.0,4.0,4.0,0.0,0.0,0.0,16.0,10.0,26.0,0.0,0.0,0.0,0.0,0.0,0.0,16.0,14.0,30.0,0.0,5.0,5.0,0.0,0.0,0.0,1.0,1.0,8.0,#NULL!,#NULL!,#NULL!,#NULL!,#NULL!,#NULL!,1000,1500,1.0,,2.0,1.0,3.0,2.0,3.0,3.0,1.0,6.0,6.0,6.0,2.0,1.0,1.0,1.0,1.0,1.0,1.0,1.0,1.0,2.0,2.0,1.0,3.0,3.0,
1,5,4.0,12,E,1.0,,7,,menjual batik,3,2,2,2,3,3,2,3,3,4,3,2,2,1,,,,,0,0,,,,,2.0,1,,2.0,2.0,2.0,2.0,0.0,7.0,7.0,0.0,14.0,14.0,0.0,2.0,2.0,0.0,0.0,0.0,0.0,5.0,5.0,0.0,0.0,0.0,0.0,0.0,0.0,0.0,7.0,7.0,0.0,0.0,0.0,0.0,0.0,0.0,1.0,2.0,1.0,#NULL!,#NULL!,#NULL!,#NULL!,#NULL!,#NULL!,1000,1500,1.0,,2.0,2.0,1.0,1.0,3.0,3.0,1.0,6.0,6.0,6.0,3.0,1.0,1.0,1.0,1.0,1.0,1.0,1.0,1.0,3.0,1.0,2.0,3.0,1.0,
1,5,4.0,20,H,1.0,,11,,kedai foto,2,2,2,2,3,3,3,4,3,3,4,2,4,2,1.0,,,,0,0,,,,,2.0,1,,1.0,2.0,2.0,2.0,2.0,2.0,4.0,2.0,4.0,6.0,0.0,0.0,0.0,0.0,0.0,0.0,1.0,2.0,3.0,0.0,0.0,0.0,0.0,0.0,0.0,1.0,2.0,3.0,0.0,0.0,0.0,0.0,0.0,0.0,2.0,2.0,2.0,1500,1500,1500,1500,1500,1500,1500,1500,1.0,,6.0,6.0,3.0,3.0,3.0,3.0,6.0,6.0,6.0,6.0,2.0,1.0,1.0,2.0,1.0,1.0,2.0,2.0,2.0,9.0,2.0,3.0,1.0,3.0,
1,5,4.0,17,E,1.0,,7,,"barangan penjagaan kulit, rambut dan ubatan",1,4,4,2,2,2,4,4,3,3,4,3,4,2,1.0,,,,0,0,,,,,1.0,1,,1.0,2.0,2.0,2.0,0.0,4.0,4.0,0.0,2.0,2.0,0.0,0.0,0.0,0.0,0.0,0.0,0.0,1.0,1.0,0.0,0.0,0.0,0.0,0.0,0.0,0.0,1.0,1.0,0.0,0.0,0.0,0.0,0.0,0.0,2.0,1.0,1.0,1000,1200,1000,1200,1000,1200,1000,1200,1.0,,3.0,3.0,3.0,3.0,3.0,3.0,6.0,6.0,6.0,6.0,2.0,2.0,2.0,2.0,2.0,2.0,2.0,2.0,2.0,1.0,1.0,3.0,2.0,3.0,
1,5,4.0,13,E,1.0,,7,,barangan runcit,3,2,2,2,3,3,3,2,3,3,3,3,4,1,,,,,0,0,,,,,2.0,1,,2.0,2.0,2.0,2.0,5.0,0.0,5.0,0.0,0.0,0.0,0.0,0.0,0.0,0.0,0.0,0.0,0.0,0.0,0.0,0.0,0.0,0.0,0.0,0.0,0.0,0.0,0.0,0.0,4.0,0.0,4.0,0.0,0.0,0.0,2.0,2.0,6.0,1200,1500,1200,1500,1200,1500,1200,1500,1.0,,6.0,3.0,3.0,2.0,3.0,3.0,6.0,6.0,6.0,6.0,3.0,2.0,3.0,3.0,3.0,2.0,2.0,3.0,3.0,9.0,3.0,2.0,1.0,3.0,
1,5,4.0,12,E,1.0,,7,,buku dan peralatan tulis,2,2,2,1,3,3,3,2,3,3,3,3,4,2,1.0,,,,0,0,,,,,2.0,1,,1.0,2.0,2.0,2.0,3.0,3.0,6.0,5.0,2.0,7.0,1.0,0.0,1.0,0.0,0.0,0.0,2.0,2.0,4.0,0.0,0.0,0.0,1.0,0.0,1.0,1.0,0.0,1.0,0.0,0.0,0.0,0.0,0.0,0.0,2.0,1.0,2.0,1000,1200,1000,1200,1000,1200,1000,1200,1.0,,6.0,6.0,3.0,3.0,3.0,3.0,5.0,6.0,6.0,6.0,2.0,2.0,1.0,2.0,3.0,1.0,2.0,3.0,2.0,7.0,1.0,3.0,2.0,3.0,
1,5,4.0,13,E,6.0,,7,,pelbagai barang,2,3,3,2,3,3,3,3,3,3,4,4,4,2,1.0,,,,0,0,,,,,2.0,1,,1.0,2.0,2.0,2.0,17.0,2.0,19.0,30.0,2.0,32.0,4.0,0.0,4.0,0.0,0.0,0.0,11.0,1.0,12.0,2.0,0.0,2.0,0.0,0.0,0.0,13.0,1.0,14.0,10.0,0.0,10.0,0.0,0.0,0.0,3.0,2.0,2.0,1000,1200,1000,1200,1000,1200,1000,1200,1.0,,6.0,6.0,3.0,3.0,3.0,3.0,6.0,6.0,7.0,7.0,2.0,2.0,2.0,2.0,3.0,2.0,2.0,2.0,2.0,7.0,3.0,2.0,1.0,3.0,
1,5,4.0,17,E,6.0,,7,,personel care and health,1,3,3,2,2,2,4,4,4,3,3,3,3,2,1.0,,,,0,0,,,,,2.0,3,1.0,1.0,2.0,1.0,2.0,2.0,5.0,7.0,6.0,9.0,15.0,2.0,1.0,3.0,2.0,1.0,3.0,0.0,3.0,3.0,1.0,1.0,2.0,0.0,0.0,0.0,1.0,3.0,4.0,0.0,0.0,0.0,0.0,0.0,0.0,2.0,1.0,2.0,1000,1250,1000,1250,1000,1250,1000,1250,1.0,,6.0,6.0,3.0,3.0,1.0,1.0,1.0,6.0,6.0,6.0,2.0,2.0,2.0,2.0,3.0,3.0,3.0,3.0,2.0,7.0,2.0,1.0,3.0,3.0,
1,5,4.0,20,I,1.0,,16,,pendidikan,2,2,2,1,2,2,4,4,4,4,4,4,4,1,,,,,0,0,,,,,2.0,1,,2.0,2.0,2.0,2.0,3.0,17.0,20.0,3.0,17.0,20.0,1.0,1.0,2.0,0.0,0.0,0.0,0.0,0.0,0.0,2.0,16.0,18.0,0.0,0.0,0.0,0.0,0.0,0.0,0.0,0.0,0.0,0.0,0.0,0.0,2.0,1.0,1.0,1000,1000,1000,1000,1000,1000,1000,1000,1.0,,2.0,2.0,3.0,3.0,3.0,3.0,1.0,1.0,6.0,6.0,2.0,3.0,3.0,3.0,3.0,3.0,3.0,3.0,3.0,1.0,1.0,3.0,2.0,3.0,
1,5,4.0,18,F,6.0,,9,,makanan dan minuman,2,4,3,2,4,4,4,4,4,4,4,4,4,2,1.0,,,,0,0,,,,,2.0,1,,2.0,2.0,1.0,2.0,8.0,6.0,14.0,9.0,8.0,17.0,1.0,2.0,3.0,0.0,0.0,0.0,0.0,0.0,0.0,0.0,0.0,0.0,1.0,1.0,2.0,7.0,5.0,12.0,2.0,0.0,2.0,0.0,0.0,0.0,2.0,2.0,2.0,1100,1100,1100,1100,1100,1100,1100,1100,1.0,,6.0,6.0,3.0,3.0,3.0,3.0,6.0,6.0,6.0,6.0,2.0,1.0,2.0,1.0,2.0,1.0,1.0,2.0,1.0,9.0,1.0,3.0,2.0,4.0,
1,5,4.0,18,F,6.0,,9,,makanan dan minuman,4,4,2,3,4,4,4,4,3,3,4,4,4,2,1.0,,,,0,0,,,,,2.0,1,,1.0,1.0,2.0,2.0,8.0,4.0,12.0,17.0,9.0,26.0,1.0,2.0,3.0,1.0,2.0,3.0,7.0,1.0,8.0,0.0,0.0,0.0,0.0,1.0,1.0,8.0,3.0,11.0,2.0,0.0,2.0,0.0,0.0,0.0,2.0,3.0,1.0,1200,1250,1200,1250,1200,1250,1200,1250,1.0,,1.0,1.0,3.0,3.0,3.0,3.0,6.0,6.0,6.0,6.0,3.0,3.0,2.0,2.0,4.0,2.0,2.0,2.0,3.0,7.0,1.0,3.0,2.0,3.0,
1,5,4.0,18,F,6.0,,9,,makanan dan minuman,2,4,4,4,3,3,4,4,4,4,4,4,4,2,1.0,,,,0,0,,,,,2.0,3,2.0,2.0,2.0,2.0,2.0,5.0,1.0,6.0,7.0,1.0,8.0,2.0,0.0,2.0,0.0,0.0,0.0,0.0,0.0,0.0,0.0,1.0,1.0,0.0,0.0,0.0,5.0,0.0,5.0,0.0,0.0,0.0,0.0,0.0,0.0,2.0,2.0,2.0,1100,1100,1100,1100,1100,1100,1100,1100,2.0,polisi HR,1.0,1.0,3.0,3.0,3.0,3.0,6.0,6.0,6.0,6.0,2.0,2.0,2.0,2.0,3.0,2.0,2.0,3.0,3.0,6.0,2.0,3.0,1.0,5.0,
1,5,4.0,13,E,1.0,,7,,barangan runcit,3,3,2,1,3,3,4,4,3,3,4,3,4,2,1.0,,,,0,0,,,,,2.0,1,,1.0,2.0,2.0,2.0,9.0,12.0,21.0,9.0,23.0,32.0,0.0,3.0,3.0,1.0,3.0,4.0,5.0,7.0,12.0,0.0,9.0,9.0,0.0,0.0,0.0,3.0,1.0,4.0,3.0,0.0,3.0,0.0,0.0,0.0,3.0,3.0,2.0,1100,1400,1100,1400,1100,1400,1100,1400,2.0,peraturan syarikat,6.0,6.0,3.0,3.0,3.0,3.0,6.0,6.0,6.0,6.0,2.0,2.0,2.0,2.0,3.0,2.0,3.0,3.0,3.0,7.0,1.0,3.0,2.0,2.0,
1,5,3.0,18,E,6.0,,9,,ayam panggang,2,4,2,2,2,2,3,2,2,4,4,3,4,1,,,,,0,0,,,,,1.0,3,2.0,1.0,2.0,1.0,2.0,4.0,5.0,9.0,8.0,11.0,19.0,1.0,1.0,2.0,1.0,1.0,2.0,3.0,4.0,7.0,1.0,1.0,2.0,0.0,0.0,0.0,2.0,4.0,6.0,0.0,0.0,0.0,0.0,0.0,0.0,2.0,2.0,1.0,1200,3000,1200,3000,1200,3000,1200,3000,2.0,tidak tertarik untuk bekerja,6.0,6.0,3.0,3.0,3.0,3.0,1.0,6.0,6.0,7.0,3.0,3.0,2.0,2.0,3.0,2.0,2.0,2.0,3.0,7.0,1.0,2.0,3.0,3.0,
1,5,,2,A,7.0,,2,,membantu nelayan,1,4,2,3,3,3,4,4,3,3,3,3,3,2,1.0,1.0,,,0,0,,,,,1.0,1,,1.0,2.0,2.0,2.0,48.0,30.0,78.0,4.0,8.0,12.0,2.0,4.0,6.0,0.0,0.0,0.0,0.0,0.0,0.0,0.0,2.0,2.0,1.0,1.0,2.0,1.0,1.0,2.0,0.0,0.0,0.0,0.0,0.0,0.0,3.0,1.0,4.0,1000,1000,1000,1000,1000,1000,1000,1000,1.0,,6.0,6.0,3.0,3.0,3.0,3.0,1.0,5.0,7.0,7.0,1.0,2.0,1.0,1.0,1.0,1.0,1.0,1.0,1.0,9.0,1.0,2.0,3.0,5.0,
1,5,4.0,25,H,2.0,,18,,pakej pelancongan,2,2,2,3,3,3,3,3,3,3,3,3,2,2,,,1.0,,0,1,1.0,,6.0,1.0,1.0,1,,1.0,1.0,2.0,1.0,3.0,6.0,9.0,4.0,5.0,9.0,1.0,1.0,2.0,1.0,1.0,2.0,0.0,0.0,0.0,1.0,1.0,2.0,1.0,2.0,3.0,0.0,0.0,0.0,0.0,0.0,0.0,0.0,0.0,0.0,3.0,2.0,1.0,900,1800,900,1800,900,1800,900,1800,1.0,,6.0,6.0,3.0,2.0,3.0,3.0,5.0,6.0,6.0,6.0,2.0,2.0,2.0,2.0,2.0,1.0,2.0,1.0,2.0,2.0,1.0,2.0,3.0,10.0,
1,5,4.0,1,J,5.0,,18,,kemudahan rekreasi untuk ahli,2,4,3,3,3,3,3,4,3,1,2,4,3,1,,,,,0,0,,,,,2.0,3,1.0,2.0,2.0,2.0,2.0,30.0,10.0,40.0,8.0,2.0,10.0,0.0,1.0,1.0,0.0,0.0,0.0,4.0,0.0,4.0,0.0,0.0,0.0,0.0,1.0,1.0,4.0,0.0,4.0,0.0,0.0,0.0,0.0,0.0,0.0,2.0,1.0,2.0,1000,1000,1000,1000,1000,1000,1000,1000,1.0,,6.0,6.0,3.0,3.0,3.0,3.0,3.0,3.0,6.0,6.0,2.0,2.0,2.0,1.0,2.0,3.0,3.0,2.0,2.0,9.0,2.0,3.0,1.0,3.0,
1,5,4.0,26,G,11.0,pemilik bersama (berhad),13,koperasi,"kredit, hartanah",2,3,2,3,3,3,3,3,3,3,3,3,3,2,1.0,,1.0,,0,0,,,,,1.0,1,,1.0,2.0,2.0,2.0,8.0,8.0,16.0,1.0,0.0,1.0,0.0,0.0,0.0,0.0,0.0,0.0,1.0,0.0,1.0,0.0,0.0,0.0,0.0,0.0,0.0,0.0,0.0,0.0,0.0,0.0,0.0,0.0,0.0,0.0,1.0,1.0,2.0,1300,1700,1300,1700,1300,1700,1300,1700,1.0,,2.0,6.0,3.0,3.0,3.0,3.0,5.0,6.0,6.0,6.0,2.0,2.0,2.0,2.0,2.0,3.0,3.0,2.0,2.0,7.0,2.0,3.0,1.0,3.0,
1,5,4.0,26,J,1.0,,11,,membaiki telefon pintar dan komputer,3,4,2,3,3,3,3,3,3,2,3,3,4,2,1.0,,,,0,0,,,,,2.0,1,,1.0,2.0,2.0,2.0,3.0,1.0,4.0,6.0,2.0,8.0,0.0,1.0,1.0,2.0,0.0,2.0,1.0,0.0,1.0,1.0,0.0,1.0,2.0,0.0,2.0,0.0,1.0,1.0,0.0,0.0,0.0,0.0,0.0,0.0,2.0,1.0,1.0,1000,1000,1000,1000,1000,1000,1000,1000,1.0,,6.0,6.0,3.0,3.0,3.0,3.0,6.0,6.0,7.0,7.0,3.0,1.0,2.0,2.0,1.0,1.0,1.0,2.0,1.0,5.0,2.0,1.0,3.0,10.0,
1,5,4.0,13,C,1.0,,7,,hardware,3,2,2,1,3,3,3,3,3,3,4,3,3,2,1.0,,,,0,0,,,,,2.0,1,,2.0,2.0,2.0,2.0,2.0,1.0,3.0,4.0,2.0,6.0,1.0,0.0,1.0,1.0,1.0,2.0,0.0,0.0,0.0,0.0,0.0,0.0,2.0,0.0,2.0,0.0,1.0,1.0,0.0,0.0,0.0,0.0,0.0,0.0,3.0,1.0,2.0,1200,1500,1200,1500,1200,1500,1200,1500,1.0,,6.0,6.0,3.0,3.0,3.0,3.0,6.0,6.0,6.0,6.0,2.0,3.0,2.0,2.0,3.0,1.0,1.0,2.0,2.0,9.0,1.0,2.0,3.0,6.0,
1,5,3.0,12,B,1.0,,4,,membuat baju lelaki,3,2,1,2,3,3,3,3,3,3,3,3,3,2,1.0,,,,0,0,,,,,1.0,1,,1.0,1.0,2.0,1.0,10.0,7.0,17.0,2.0,0.0,2.0,0.0,0.0,0.0,0.0,0.0,0.0,1.0,0.0,1.0,0.0,0.0,0.0,0.0,0.0,0.0,1.0,0.0,1.0,5.0,0.0,5.0,0.0,0.0,0.0,2.0,2.0,3.0,1000,1200,1000,1200,1000,1200,1000,1200,2.0,perlukan kemahiran,6.0,6.0,3.0,3.0,3.0,3.0,6.0,6.0,6.0,6.0,2.0,2.0,2.0,2.0,2.0,2.0,2.0,2.0,2.0,2.0,3.0,1.0,2.0,10.0,
1,5,4.0,14,E,1.0,,7,,"pakaian wanita, lelaki & kanak-kanak",2,3,2,3,3,3,3,4,3,3,4,4,4,2,1.0,,,,0,0,,,,,2.0,1,,1.0,2.0,2.0,2.0,1.0,4.0,5.0,0.0,2.0,2.0,0.0,0.0,0.0,0.0,0.0,0.0,0.0,1.0,1.0,0.0,1.0,1.0,0.0,0.0,0.0,0.0,0.0,0.0,0.0,0.0,0.0,0.0,0.0,0.0,1.0,1.0,2.0,1200,1300,1200,1300,1200,1300,1200,1300,1.0,,1.0,1.0,3.0,3.0,3.0,3.0,3.0,3.0,6.0,6.0,2.0,2.0,2.0,2.0,2.0,2.0,3.0,2.0,2.0,9.0,1.0,3.0,2.0,1.0,
1,5,4.0,25,J,1.0,,18,,boling dan snookey,1,3,2,3,3,3,3,3,3,3,4,4,4,2,1.0,,1.0,,0,0,,,,,2.0,1,,2.0,2.0,2.0,2.0,24.0,6.0,30.0,38.0,10.0,48.0,3.0,1.0,4.0,0.0,0.0,0.0,16.0,4.0,20.0,5.0,1.0,6.0,0.0,0.0,0.0,14.0,4.0,18.0,0.0,0.0,0.0,0.0,0.0,0.0,1.0,1.0,1.0,1200,1600,1200,1600,1200,1600,1200,1600,1.0,,6.0,6.0,3.0,3.0,3.0,3.0,6.0,6.0,6.0,6.0,2.0,1.0,2.0,2.0,3.0,1.0,2.0,3.0,3.0,9.0,1.0,3.0,2.0,1.0,
1,5,4.0,4,E,1.0,,7,,perabot,1,3,2,2,1,1,2,4,3,3,3,3,4,2,1.0,,,,0,0,,,,,2.0,3,1.0,1.0,1.0,1.0,2.0,3.0,7.0,10.0,1.0,4.0,5.0,0.0,1.0,1.0,0.0,0.0,0.0,0.0,1.0,1.0,0.0,0.0,0.0,0.0,0.0,0.0,1.0,2.0,3.0,0.0,0.0,0.0,0.0,0.0,0.0,2.0,2.0,2.0,1100,1300,1100,1300,1100,1300,1100,1300,2.0,pencari kerja merasakan sukar bekerja disini,3.0,3.0,3.0,3.0,3.0,3.0,6.0,6.0,7.0,7.0,2.0,1.0,1.0,1.0,3.0,2.0,3.0,3.0,3.0,9.0,1.0,2.0,3.0,5.0,
1,5,4.0,23,G,1.0,,19,law firm,"khidmat guaman untuk perumahan, saman & kemalangan",2,3,1,3,3,3,3,3,3,2,3,4,4,1,,,,,0,0,,,,,2.0,1,,2.0,2.0,2.0,2.0,2.0,3.0,5.0,0.0,2.0,2.0,0.0,0.0,0.0,0.0,0.0,0.0,0.0,1.0,1.0,0.0,0.0,0.0,0.0,0.0,0.0,0.0,1.0,1.0,0.0,0.0,0.0,0.0,0.0,0.0,2.0,1.0,8.0,2000,4000,2000,4000,2000,4000,2000,4000,2.0,susah mencari perkerja berpengalaman dalam bidang guaman,6.0,6.0,3.0,3.0,3.0,3.0,1.0,6.0,6.0,6.0,2.0,1.0,2.0,2.0,2.0,2.0,2.0,2.0,2.0,2.0,1.0,3.0,2.0,3.0,
1,5,4.0,26,H,2.0,,19,pengurusan,pengurusan bangunan danga city mall,2,2,1,2,3,3,3,3,3,3,4,4,4,2,1.0,,1.0,,0,0,,,,,1.0,1,,2.0,2.0,2.0,2.0,3.0,7.0,10.0,2.0,2.0,4.0,0.0,0.0,0.0,1.0,1.0,2.0,0.0,0.0,0.0,1.0,0.0,1.0,0.0,1.0,1.0,0.0,0.0,0.0,2.0,0.0,2.0,0.0,0.0,0.0,3.0,2.0,6.0,1000,1500,1000,1500,1000,1500,1000,1500,1.0,,6.0,6.0,3.0,3.0,3.0,3.0,1.0,6.0,7.0,7.0,1.0,1.0,2.0,1.0,2.0,1.0,2.0,2.0,2.0,2.0,2.0,3.0,1.0,3.0,
1,5,3.0,12,E,1.0,,18,,alatan muzik dan servis,2,3,2,2,3,3,3,2,3,3,4,3,4,2,1.0,1.0,,,0,0,,,,,1.0,1,,1.0,2.0,2.0,2.0,5.0,0.0,5.0,6.0,0.0,6.0,0.0,0.0,0.0,0.0,0.0,0.0,3.0,0.0,3.0,0.0,0.0,0.0,1.0,0.0,1.0,2.0,0.0,2.0,0.0,0.0,0.0,0.0,0.0,0.0,3.0,2.0,1.0,1500,1800,1500,1800,1500,1800,1500,1800,2.0,perlukan pekerja yang tahu alatan musik,6.0,6.0,2.0,2.0,3.0,3.0,6.0,6.0,6.0,6.0,2.0,2.0,1.0,3.0,2.0,2.0,3.0,2.0,3.0,7.0,3.0,2.0,1.0,3.0,
1,5,4.0,11,E,2.0,,11,,menjual&servis komputer,3,2,1,1,3,3,3,3,3,3,3,4,4,2,1.0,,,,0,0,,,,,2.0,1,,2.0,2.0,2.0,2.0,5.0,0.0,5.0,8.0,0.0,8.0,2.0,0.0,2.0,1.0,0.0,1.0,1.0,0.0,1.0,0.0,0.0,0.0,0.0,0.0,0.0,4.0,0.0,4.0,0.0,0.0,0.0,0.0,0.0,0.0,2.0,1.0,8.0,1200,1500,1200,1500,1200,1500,1200,1500,1.0,,6.0,6.0,3.0,3.0,3.0,3.0,6.0,6.0,6.0,6.0,2.0,1.0,2.0,3.0,1.0,3.0,3.0,4.0,3.0,2.0,2.0,3.0,1.0,1.0,
1,5,4.0,25,J,1.0,,11,,apple service centre,1,3,3,3,2,3,3,4,3,3,4,3,4,2,1.0,,,,0,0,,,,,2.0,3,2.0,2.0,2.0,2.0,2.0,3.0,3.0,6.0,4.0,6.0,10.0,0.0,1.0,1.0,2.0,0.0,2.0,0.0,2.0,2.0,2.0,3.0,5.0,0.0,0.0,0.0,0.0,0.0,0.0,0.0,0.0,0.0,0.0,0.0,0.0,1.0,1.0,1.0,1400,1600,1400,1600,1400,1600,1400,1600,1.0,,6.0,6.0,3.0,3.0,3.0,3.0,1.0,5.0,7.0,7.0,2.0,1.0,1.0,1.0,1.0,1.0,1.0,3.0,1.0,7.0,3.0,2.0,1.0,5.0,
1,5,4.0,12,J,1.0,,11,,computer service,1,2,2,1,3,3,3,3,3,3,3,4,4,2,1.0,,,,0,0,,,,,2.0,1,,1.0,2.0,2.0,2.0,10.0,7.0,17.0,12.0,9.0,21.0,1.0,1.0,2.0,2.0,1.0,3.0,3.0,2.0,5.0,4.0,3.0,7.0,1.0,1.0,2.0,1.0,1.0,2.0,0.0,0.0,0.0,0.0,0.0,0.0,1.0,1.0,1.0,1200,1400,1200,1400,1200,1400,1200,1400,1.0,,6.0,6.0,3.0,3.0,3.0,3.0,5.0,5.0,6.0,6.0,2.0,1.0,2.0,3.0,1.0,1.0,2.0,3.0,2.0,9.0,2.0,1.0,3.0,3.0,
1,5,4.0,11,J,1.0,,11,,computer accessories,2,3,2,2,3,3,3,3,2,2,3,3,3,1,,,,,0,0,,,,,2.0,1,,2.0,2.0,2.0,2.0,4.0,2.0,6.0,6.0,2.0,8.0,0.0,0.0,0.0,3.0,1.0,4.0,0.0,0.0,0.0,0.0,0.0,0.0,0.0,0.0,0.0,3.0,1.0,4.0,0.0,0.0,0.0,0.0,0.0,0.0,2.0,1.0,1.0,1200,1400,1200,1400,1200,1400,1200,1400,1.0,,2.0,2.0,3.0,3.0,3.0,3.0,6.0,6.0,6.0,6.0,2.0,2.0,1.0,2.0,1.0,2.0,2.0,2.0,2.0,3.0,1.0,2.0,3.0,3.0,
1,5,4.0,26,J,1.0,,11,,sale & sevices on it products,1,3,2,3,2,4,3,2,2,3,3,3,3,2,1.0,1.0,,,0,0,,,,,2.0,3,1.0,2.0,2.0,2.0,2.0,2.0,4.0,6.0,4.0,6.0,10.0,2.0,1.0,3.0,0.0,2.0,2.0,0.0,0.0,0.0,0.0,2.0,2.0,0.0,0.0,0.0,2.0,1.0,3.0,0.0,0.0,0.0,0.0,0.0,0.0,2.0,2.0,1.0,1000,1200,1000,1200,1000,1200,1000,1200,2.0,kekurangan pengalaman dan hubungan,6.0,6.0,3.0,3.0,3.0,3.0,6.0,6.0,1.0,1.0,1.0,1.0,1.0,2.0,1.0,1.0,2.0,1.0,1.0,9.0,1.0,2.0,3.0,3.0,
1,5,3.0,24,E,1.0,,11,,printer and networking,2,2,2,2,1,2,1,2,1,1,1,4,1,2,1.0,1.0,,,0,0,,,,,1.0,1,,1.0,1.0,2.0,2.0,11.0,10.0,21.0,10.0,8.0,18.0,4.0,4.0,8.0,0.0,2.0,2.0,0.0,0.0,0.0,0.0,0.0,0.0,1.0,1.0,2.0,5.0,1.0,6.0,0.0,0.0,0.0,0.0,0.0,0.0,1.0,1.0,9.0,1100,1800,1100,1800,1100,1800,1100,1800,2.0,tidak berminat dan memilih,2.0,1.0,3.0,3.0,3.0,3.0,6.0,6.0,6.0,6.0,1.0,1.0,1.0,1.0,1.0,1.0,1.0,1.0,1.0,3.0,1.0,2.0,3.0,3.0,
1,5,4.0,25,E,2.0,,17,,produk raihanaz,2,2,2,1,2,3,3,3,1,1,2,1,2,1,,,,,0,0,,,,,2.0,1,,2.0,2.0,2.0,2.0,0.0,5.0,5.0,0.0,4.0,4.0,0.0,0.0,0.0,0.0,0.0,0.0,0.0,0.0,0.0,0.0,2.0,2.0,0.0,1.0,1.0,0.0,1.0,1.0,0.0,0.0,0.0,0.0,0.0,0.0,2.0,2.0,9.0,900,1100,900,1100,900,1100,900,1100,1.0,,1.0,3.0,1.0,1.0,3.0,3.0,1.0,3.0,7.0,7.0,2.0,2.0,1.0,2.0,2.0,2.0,2.0,2.0,2.0,2.0,1.0,1.0,2.0,3.0,
1,5,3.0,17,E,3.0,,17,,ubat-ubatan dan produk kesihatan,3,1,1,1,2,2,2,2,3,3,2,2,4,2,1.0,1.0,,,0,0,,,,,2.0,1,,1.0,1.0,2.0,1.0,1.0,4.0,5.0,3.0,8.0,11.0,1.0,1.0,2.0,1.0,0.0,1.0,0.0,3.0,3.0,1.0,0.0,1.0,0.0,2.0,2.0,0.0,2.0,2.0,0.0,0.0,0.0,0.0,0.0,0.0,1.0,1.0,1.0,2000,4000,2000,4000,1200,1500,1000,1200,1.0,,2.0,1.0,3.0,3.0,3.0,1.0,1.0,6.0,1.0,7.0,2.0,4.0,4.0,4.0,4.0,4.0,3.0,4.0,3.0,2.0,1.0,2.0,3.0,3.0,
1,5,4.0,18,F,2.0,,9,,nasi beriani,4,4,2,3,3,3,2,3,3,3,3,3,3,1,,,,,0,0,,,,,2.0,1,,2.0,2.0,2.0,2.0,3.0,3.0,6.0,1.0,3.0,4.0,0.0,0.0,0.0,0.0,0.0,0.0,0.0,0.0,0.0,1.0,1.0,2.0,0.0,0.0,0.0,0.0,2.0,2.0,0.0,0.0,0.0,0.0,0.0,0.0,2.0,1.0,9.0,900,1800,1000,2000,1000,1100,900,1300,1.0,,6.0,6.0,3.0,3.0,3.0,3.0,5.0,6.0,7.0,7.0,3.0,3.0,2.0,3.0,3.0,1.0,1.0,3.0,1.0,7.0,2.0,2.0,2.0,3.0,
1,5,4.0,26,G,3.0,,13,,perkhidmatan pengiriman wang bagi warga asing,1,3,2,2,3,4,3,3,3,3,3,3,2,2,1.0,1.0,,,0,0,,,,,1.0,3,1.0,1.0,1.0,1.0,2.0,30.0,43.0,73.0,42.0,54.0,96.0,12.0,20.0,32.0,7.0,10.0,17.0,8.0,7.0,15.0,15.0,17.0,32.0,0.0,0.0,0.0,0.0,0.0,0.0,5.0,5.0,10.0,0.0,0.0,0.0,1.0,1.0,1.0,900,1100,1000,1100,1000,1100,1000,1100,1.0,,2.0,1.0,3.0,3.0,3.0,3.0,1.0,6.0,6.0,6.0,3.0,1.0,3.0,1.0,3.0,1.0,2.0,2.0,1.0,7.0,2.0,2.0,2.0,5.0,
1,5,4.0,18,F,1.0,,9,,makanan dan minuman,3,1,1,1,3,3,3,2,4,4,4,3,4,1,,,,,0,0,,,,,2.0,1,,2.0,2.0,2.0,2.0,6.0,4.0,10.0,5.0,4.0,9.0,0.0,0.0,0.0,0.0,0.0,0.0,0.0,0.0,0.0,0.0,0.0,0.0,0.0,0.0,0.0,5.0,4.0,9.0,0.0,0.0,0.0,0.0,0.0,0.0,3.0,2.0,1.0,900,1100,1000,1100,1000,1100,600,800,2.0,tidak rajin mencari peluang pekerjaan,1.0,1.0,2.0,2.0,1.0,1.0,6.0,6.0,7.0,7.0,3.0,3.0,2.0,2.0,3.0,1.0,1.0,2.0,2.0,3.0,1.0,1.0,2.0,3.0,
1,5,3.0,12,E,3.0,,4,,sports attire,1,1,2,3,3,3,2,4,4,4,3,4,2,2,1.0,1.0,,,0,0,,,,,1.0,1,,1.0,2.0,2.0,2.0,41.0,137.0,178.0,16.0,27.0,43.0,0.0,0.0,0.0,0.0,1.0,1.0,3.0,0.0,3.0,1.0,8.0,9.0,12.0,18.0,30.0,0.0,0.0,0.0,16.0,0.0,16.0,0.0,3.0,3.0,3.0,2.0,9.0,1800,2900,1800,3000,1000,1100,900,1000,2.0,demanding,2.0,6.0,3.0,3.0,3.0,3.0,1.0,5.0,6.0,6.0,3.0,3.0,2.0,2.0,1.0,1.0,2.0,3.0,2.0,1.0,1.0,2.0,2.0,12.0,to survive living
1,5,3.0,26,H,3.0,,19,pelancongan,pakej umrah dan pelancongan ke luar negara,2,2,2,2,3,3,3,4,4,4,4,4,2,2,1.0,,,,0,0,,,,,1.0,1,,1.0,2.0,2.0,2.0,1.0,2.0,3.0,0.0,1.0,1.0,0.0,1.0,1.0,0.0,0.0,0.0,0.0,0.0,0.0,0.0,0.0,0.0,0.0,0.0,0.0,0.0,0.0,0.0,0.0,0.0,0.0,0.0,0.0,0.0,1.0,1.0,8.0,1100,2000,1000,2500,1000,1100,1000,1100,1.0,,2.0,2.0,3.0,3.0,3.0,3.0,1.0,6.0,7.0,7.0,2.0,2.0,2.0,1.0,1.0,3.0,3.0,3.0,2.0,3.0,3.0,1.0,1.0,3.0,
1,5,4.0,25,H,3.0,,8,pengangkutan awam,menjual tiket bas,2,4,3,2,3,3,3,2,3,2,3,1,2,1,,,,,0,0,,,,,2.0,1,,1.0,2.0,2.0,2.0,13.0,20.0,33.0,5.0,10.0,15.0,0.0,0.0,0.0,0.0,0.0,0.0,0.0,0.0,0.0,2.0,4.0,6.0,2.0,3.0,5.0,1.0,3.0,4.0,0.0,0.0,0.0,0.0,0.0,0.0,1.0,1.0,1.0,1000,3000,1800,3000,1000,1100,1000,1100,1.0,,6.0,6.0,3.0,3.0,3.0,3.0,6.0,6.0,6.0,6.0,3.0,3.0,3.0,3.0,3.0,3.0,3.0,3.0,3.0,7.0,2.0,2.0,2.0,12.0,mencari pengalaman
1,5,4.0,12,E,1.0,,7,perniagaan barang bayi,barang keperluan bayi,3,3,3,2,3,3,3,3,3,3,3,3,2,2,1.0,1.0,,,0,0,,,,,1.0,1,,2.0,2.0,2.0,2.0,0.0,4.0,4.0,0.0,0.0,0.0,0.0,0.0,0.0,0.0,0.0,0.0,0.0,0.0,0.0,0.0,0.0,0.0,0.0,0.0,0.0,0.0,0.0,0.0,0.0,0.0,0.0,0.0,0.0,0.0,1.0,2.0,1.0,#NULL!,#NULL!,#NULL!,#NULL!,#NULL!,#NULL!,1000,1200,1.0,,6.0,6.0,3.0,3.0,3.0,3.0,6.0,6.0,7.0,7.0,2.0,2.0,2.0,2.0,2.0,2.0,2.0,2.0,2.0,3.0,1.0,2.0,3.0,1.0,
1,5,4.0,12,E,2.0,,7,,panasonic products,1,1,1,1,2,2,2,1,2,1,2,4,3,1,,,,,0,0,,,,,2.0,1,,1.0,2.0,2.0,2.0,1.0,1.0,2.0,1.0,1.0,2.0,0.0,0.0,0.0,0.0,0.0,0.0,0.0,0.0,0.0,1.0,0.0,1.0,0.0,0.0,0.0,0.0,1.0,1.0,0.0,0.0,0.0,0.0,0.0,0.0,3.0,2.0,7.0,2000,3500,1200,2000,1500,2500,1000,1500,1.0,,6.0,6.0,3.0,3.0,3.0,3.0,6.0,6.0,7.0,7.0,3.0,3.0,2.0,2.0,2.0,3.0,3.0,2.0,3.0,3.0,1.0,2.0,3.0,3.0,
1,5,4.0,17,I,1.0,,17,perubatan,klinik perubatan,1,1,3,3,3,3,3,3,3,2,3,3,3,1,,,,,0,0,,,,,2.0,1,,2.0,2.0,2.0,2.0,6.0,16.0,22.0,1.0,1.0,2.0,0.0,0.0,0.0,0.0,0.0,0.0,0.0,0.0,0.0,0.0,0.0,0.0,0.0,1.0,1.0,1.0,0.0,1.0,0.0,0.0,0.0,0.0,0.0,0.0,2.0,2.0,8.0,1000,1100,1000,1100,1000,1100,1000,1100,1.0,,6.0,6.0,3.0,3.0,3.0,3.0,6.0,6.0,6.0,6.0,3.0,3.0,3.0,3.0,3.0,3.0,4.0,4.0,4.0,7.0,1.0,2.0,3.0,5.0,
1,5,3.0,17,I,1.0,,17,,pergigian,4,3,3,2,3,3,3,3,3,3,3,3,3,1,,,,,0,0,,,,,2.0,1,,2.0,2.0,2.0,2.0,0.0,5.0,5.0,0.0,4.0,4.0,0.0,0.0,0.0,0.0,2.0,2.0,0.0,0.0,0.0,0.0,0.0,0.0,0.0,0.0,0.0,0.0,2.0,2.0,0.0,0.0,0.0,0.0,0.0,0.0,2.0,2.0,2.0,1100,1400,1100,1400,1100,1400,1100,1400,1.0,,3.0,3.0,1.0,1.0,3.0,3.0,6.0,6.0,2.0,2.0,1.0,2.0,2.0,2.0,2.0,2.0,2.0,2.0,2.0,7.0,1.0,1.0,1.0,10.0,
1,5,4.0,24,F,3.0,,15,,pengeposan barang,4,3,3,1,3,3,3,4,4,1,3,4,4,2,1.0,,,,0,0,,,,,1.0,1,,2.0,2.0,2.0,2.0,8.0,2.0,10.0,18.0,3.0,21.0,6.0,1.0,7.0,0.0,1.0,1.0,6.0,0.0,6.0,0.0,1.0,1.0,0.0,0.0,0.0,6.0,0.0,6.0,0.0,0.0,0.0,0.0,0.0,0.0,2.0,2.0,2.0,1500,1800,1500,1800,1100,1200,900,1100,1.0,,3.0,1.0,3.0,3.0,3.0,3.0,2.0,6.0,6.0,2.0,2.0,2.0,3.0,3.0,1.0,1.0,2.0,1.0,2.0,3.0,2.0,3.0,1.0,5.0,
1,5,4.0,12,E,6.0,,4,,barangan elektronik,3,3,1,1,3,2,2,4,4,1,3,3,1,1,,,,,0,0,,,,,2.0,2,1.0,1.0,2.0,1.0,2.0,130.0,90.0,220.0,212.0,114.0,326.0,36.0,45.0,81.0,38.0,0.0,38.0,0.0,0.0,0.0,67.0,34.0,101.0,36.0,35.0,71.0,35.0,0.0,35.0,0.0,0.0,0.0,0.0,0.0,0.0,2.0,2.0,1.0,2500,3700,2800,4000,1800,2500,1500,2200,1.0,,1.0,1.0,3.0,3.0,3.0,3.0,2.0,6.0,6.0,6.0,2.0,1.0,1.0,1.0,1.0,3.0,1.0,1.0,1.0,3.0,2.0,2.0,1.0,3.0,
1,5,3.0,12,F,1.0,,9,bakery,kuih muih dan roti roti,4,2,2,1,3,4,2,3,4,4,4,4,3,1,,,,,0,0,,,,,2.0,1,,2.0,2.0,2.0,2.0,1.0,3.0,4.0,2.0,6.0,8.0,0.0,0.0,0.0,1.0,3.0,4.0,0.0,0.0,0.0,1.0,1.0,2.0,0.0,0.0,0.0,0.0,2.0,2.0,0.0,0.0,0.0,0.0,0.0,0.0,2.0,2.0,8.0,900,1100,1100,1500,900,1000,900,1000,1.0,,2.0,2.0,3.0,3.0,3.0,3.0,6.0,6.0,2.0,2.0,3.0,3.0,3.0,3.0,3.0,3.0,2.0,2.0,1.0,6.0,1.0,2.0,1.0,3.0,
1,5,3.0,13,E,2.0,,3,petrol station,"petrol, diesel",1,1,1,1,1,1,1,1,1,1,4,1,1,1,,,,,0,0,,,,,2.0,1,,2.0,2.0,2.0,2.0,4.0,2.0,6.0,6.0,4.0,10.0,0.0,2.0,2.0,3.0,0.0,3.0,0.0,0.0,0.0,0.0,2.0,2.0,3.0,0.0,3.0,0.0,0.0,0.0,0.0,0.0,0.0,0.0,0.0,0.0,2.0,2.0,8.0,1100,1400,1100,1400,1100,1400,1100,1400,1.0,,2.0,2.0,3.0,3.0,3.0,3.0,1.0,6.0,2.0,2.0,2.0,3.0,3.0,2.0,3.0,1.0,2.0,1.0,1.0,2.0,1.0,1.0,1.0,3.0,
1,5,3.0,12,C,6.0,,4,,insulation parts & components,1,2,1,1,3,2,1,4,4,1,3,4,1,1,,,,,0,0,,,,,1.0,3,2.0,2.0,2.0,2.0,2.0,14.0,61.0,75.0,1.0,9.0,10.0,0.0,0.0,0.0,0.0,0.0,0.0,0.0,0.0,0.0,1.0,0.0,1.0,0.0,0.0,0.0,0.0,9.0,9.0,10.0,39.0,49.0,3.0,1.0,4.0,2.0,2.0,2.0,2000,3000,#NULL!,#NULL!,#NULL!,#NULL!,1000,1200,1.0,,1.0,6.0,3.0,1.0,3.0,3.0,2.0,6.0,1.0,2.0,2.0,2.0,3.0,3.0,2.0,3.0,3.0,3.0,3.0,1.0,1.0,1.0,1.0,5.0,
1,5,4.0,12,B,1.0,,4,,beverage and chocolates,2,2,2,1,2,2,3,2,2,1,2,2,1,2,1.0,1.0,,,0,0,,,,,1.0,3,2.0,1.0,2.0,2.0,2.0,14.0,9.0,23.0,11.0,6.0,17.0,2.0,3.0,5.0,0.0,0.0,0.0,8.0,1.0,9.0,1.0,2.0,3.0,0.0,0.0,0.0,0.0,0.0,0.0,16.0,7.0,23.0,0.0,0.0,0.0,2.0,1.0,2.0,2500,3000,2800,3000,1000,1300,1000,1200,1.0,,6.0,6.0,2.0,2.0,3.0,3.0,2.0,6.0,1.0,2.0,2.0,3.0,3.0,2.0,2.0,3.0,1.0,2.0,2.0,3.0,1.0,3.0,3.0,5.0,
1,5,4.0,13,E,2.0,,7,,barangan runcit,2,1,2,1,3,2,3,4,3,3,3,3,3,2,1.0,,1.0,kursus HR,0,0,,,,,1.0,1,,1.0,2.0,2.0,2.0,44.0,52.0,96.0,70.0,90.0,160.0,10.0,20.0,30.0,0.0,0.0,0.0,25.0,25.0,50.0,7.0,7.0,14.0,0.0,0.0,0.0,28.0,38.0,66.0,14.0,0.0,14.0,0.0,0.0,0.0,3.0,3.0,2.0,1100,2300,1100,2300,1100,2300,1100,2300,2.0,tidak berminat untuk bekerja secara shift and berasal dari bidang berbeza,6.0,6.0,3.0,3.0,3.0,3.0,5.0,6.0,6.0,6.0,2.0,3.0,3.0,3.0,3.0,1.0,2.0,2.0,2.0,9.0,2.0,3.0,1.0,3.0,
1,5,4.0,25,E,1.0,,18,,alatan sukan,2,4,2,2,3,3,3,4,2,2,4,4,4,2,,,1.0,,0,0,,,,,1.0,1,,1.0,2.0,2.0,2.0,1.0,3.0,4.0,2.0,4.0,6.0,0.0,1.0,1.0,0.0,1.0,1.0,1.0,0.0,1.0,0.0,0.0,0.0,0.0,1.0,1.0,1.0,1.0,2.0,0.0,0.0,0.0,0.0,0.0,0.0,2.0,2.0,2.0,900,1500,900,1500,900,1500,900,1500,1.0,,6.0,6.0,3.0,3.0,3.0,3.0,5.0,6.0,6.0,6.0,2.0,3.0,2.0,3.0,3.0,2.0,2.0,3.0,3.0,7.0,3.0,1.0,2.0,12.0,team work
1,5,4.0,12,J,1.0,,4,,"design and printing (clothes, cards, stickers)",2,1,1,1,2,3,2,2,3,3,2,3,2,2,1.0,,,,0,0,,,,,2.0,1,,1.0,2.0,2.0,2.0,7.0,3.0,10.0,10.0,2.0,12.0,0.0,0.0,0.0,3.0,0.0,3.0,2.0,1.0,3.0,1.0,0.0,1.0,4.0,1.0,5.0,0.0,0.0,0.0,0.0,0.0,0.0,0.0,0.0,0.0,1.0,1.0,1.0,1200,1500,1200,1500,1200,1500,1200,1500,1.0,,6.0,6.0,3.0,3.0,3.0,3.0,5.0,6.0,7.0,7.0,2.0,1.0,1.0,2.0,1.0,1.0,2.0,1.0,2.0,2.0,3.0,1.0,2.0,3.0,
1,5,4.0,25,A,5.0,,3,,minyak petrol,2,2,3,2,2,2,3,4,3,3,4,4,4,2,1.0,,,,0,0,,,,,2.0,3,2.0,1.0,2.0,2.0,2.0,8.0,0.0,8.0,10.0,0.0,10.0,3.0,0.0,3.0,0.0,0.0,0.0,2.0,0.0,2.0,0.0,0.0,0.0,1.0,0.0,1.0,4.0,0.0,4.0,1.0,0.0,1.0,0.0,0.0,0.0,2.0,2.0,2.0,1000,1000,1000,1000,1000,1000,1000,1000,1.0,,6.0,6.0,2.0,2.0,1.0,1.0,6.0,6.0,7.0,7.0,2.0,2.0,2.0,2.0,2.0,3.0,2.0,2.0,2.0,9.0,1.0,3.0,2.0,3.0,
1,5,4.0,25,J,1.0,,18,,"boling, karaoke dan kafe",2,4,4,3,3,3,3,4,3,2,4,3,4,2,1.0,,,,0,0,,,,,2.0,1,,1.0,2.0,2.0,2.0,15.0,0.0,15.0,24.0,0.0,24.0,0.0,0.0,0.0,0.0,0.0,0.0,12.0,0.0,12.0,0.0,0.0,0.0,0.0,0.0,0.0,12.0,0.0,12.0,2.0,0.0,2.0,0.0,0.0,0.0,2.0,2.0,2.0,1000,1000,1000,1000,1000,1000,1000,1000,1.0,,6.0,6.0,3.0,3.0,1.0,1.0,6.0,6.0,6.0,6.0,3.0,3.0,2.0,3.0,1.0,1.0,3.0,3.0,2.0,9.0,2.0,3.0,1.0,3.0,
1,5,4.0,26,E,1.0,,16,,buku dan peralatan tulis,2,1,1,3,2,2,2,3,3,2,3,4,4,1,,,,,0,0,,,,,2.0,1,,2.0,2.0,2.0,2.0,10.0,25.0,35.0,14.0,10.0,24.0,0.0,0.0,0.0,0.0,0.0,0.0,7.0,5.0,12.0,0.0,2.0,2.0,0.0,0.0,0.0,7.0,3.0,10.0,0.0,0.0,0.0,0.0,0.0,0.0,3.0,2.0,2.0,1000,1000,1000,1000,1000,1000,1000,1000,1.0,,1.0,1.0,3.0,3.0,3.0,3.0,6.0,6.0,7.0,7.0,3.0,3.0,3.0,3.0,3.0,3.0,3.0,3.0,3.0,9.0,1.0,2.0,3.0,3.0,
2,5,4.0,15,E,1.0,,15,,PHOTO AND STATIONARY,3,3,2,2,3,3,2,2,3,2,3,3,2,1,,,,,1,0,,,,,2.0,1,,2.0,2.0,2.0,2.0,1.0,2.0,3.0,,,,,,,,,,,,,,,,,,,,,,,,,,,,2.0,1.0,,#NULL!,#NULL!,#NULL!,#NULL!,#NULL!,#NULL!,#NULL!,#NULL!,1.0,,,,,,,,,,,,2.0,2.0,2.0,2.0,2.0,2.0,2.0,2.0,2.0,9.0,1.0,2.0,3.0,3.0,
2,5,3.0,7,E,11.0,ONLINE,7,,CEK LAWA,2,2,2,2,3,4,3,3,3,3,3,3,3,1,,,,,0,0,,,,,1.0,1,,2.0,2.0,2.0,2.0,15.0,15.0,30.0,,,,,3.0,,,,,,,,7.0,5.0,12.0,,,,,,,,,,,,,2.0,1.0,1.0,1000,#NULL!,#NULL!,#NULL!,#NULL!,#NULL!,#NULL!,#NULL!,1.0,,2.0,2.0,3.0,3.0,3.0,3.0,1.0,6.0,2.0,2.0,2.0,2.0,2.0,2.0,2.0,2.0,2.0,2.0,2.0,7.0,1.0,2.0,3.0,3.0,
2,5,4.0,19,E,2.0,,7,PERMAIDANI,PERMAIDANI,4,1,4,4,4,4,4,4,4,4,4,4,4,1,,,,,0,0,,,,,2.0,1,,2.0,2.0,2.0,2.0,1.0,,,,,,,,,,,,,,,1.0,,,,,,,,,,,,,,,3.0,2.0,1.0,#NULL!,#NULL!,#NULL!,#NULL!,#NULL!,#NULL!,900,#NULL!,1.0,,2.0,,2.0,,1.0,,2.0,,1.0,,1.0,1.0,1.0,1.0,1.0,1.0,1.0,1.0,1.0,1.0,1.0,2.0,3.0,1.0,
2,5,4.0,19,E,1.0,,10,COMMUNICATION,TELEPHONE BIMBIT,1,1,1,1,3,4,3,3,4,3,3,3,4,1,,,,,0,0,,,,,2.0,1,,2.0,2.0,2.0,2.0,1.0,2.0,3.0,,,,,,,,,,1.0,2.0,3.0,,,,,,,,,,,,,,,,2.0,1.0,1.0,#NULL!,#NULL!,#NULL!,#NULL!,1000,#NULL!,#NULL!,#NULL!,2.0,PEKERJA TIDAK KEKAL,2.0,2.0,1.0,2.0,1.0,1.0,5.0,,1.0,,2.0,2.0,2.0,2.0,2.0,2.0,2.0,2.0,2.0,3.0,3.0,2.0,1.0,5.0,
2,5,4.0,19,D,1.0,,19,ADVERTISING AND SIGNCRAF,PAPAN TANDA,2,2,2,1,1,1,2,2,3,3,2,2,2,2,1.0,,,,0,0,,,,,,1,,1.0,1.0,2.0,1.0,1.0,1.0,2.0,,,,,,,,,,,,,,,,,,,,,,,,,,,,2.0,1.0,8.0,#NULL!,#NULL!,#NULL!,#NULL!,#NULL!,#NULL!,1000,#NULL!,,,,6.0,,2.0,,3.0,,6.0,,2.0,3.0,3.0,2.0,2.0,3.0,2.0,2.0,3.0,3.0,2.0,1.0,3.0,2.0,2.0,
2,5,3.0,13,A,1.0,,19,,,4,4,4,4,4,4,4,4,4,4,4,4,4,1,,,,,0,0,,,,,,1,,,,,,5.0,1.0,6.0,,,,,,,,,,,,,,,,,,,,,,,,,,,,,,,#NULL!,#NULL!,#NULL!,#NULL!,#NULL!,#NULL!,1500,#NULL!,,,,,,,,,,,,,,,,,,,,,,,,,,,
2,5,3.0,16,I,3.0,,16,,"PENYEDIA LATIHAN, KONSULTANSI",2,3,4,2,3,2,3,3,3,4,3,4,2,2,,,,,0,0,,,,,1.0,2,2.0,1.0,1.0,1.0,2.0,25.0,25.0,50.0,,,,10.0,15.0,25.0,20.0,25.0,45.0,5.0,5.0,10.0,15.0,24.0,39.0,10.0,,,,,,,,,2.0,5.0,7.0,1.0,1.0,1.0,1500,3500,1800,4000,1200,2000,1000,1800,1.0,,3.0,1.0,3.0,3.0,3.0,3.0,1.0,5.0,7.0,7.0,2.0,2.0,2.0,2.0,2.0,2.0,2.0,2.0,2.0,2.0,3.0,2.0,1.0,5.0,
2,5,4.0,7,E,1.0,,7,,MINI MARKET,2,2,2,2,4,4,4,4,1,3,3,3,3,1,,,,,0,0,,,,,2.0,1,,2.0,2.0,2.0,2.0,,1.0,,,,,,,,,,,,,,,,,,,,,1.0,,,,,,,,3.0,2.0,9.0,#NULL!,#NULL!,#NULL!,#NULL!,#NULL!,#NULL!,730,900,1.0,,3.0,,1.0,,1.0,,6.0,,7.0,,3.0,3.0,3.0,3.0,3.0,3.0,3.0,3.0,3.0,9.0,2.0,3.0,1.0,1.0,
2,5,4.0,18,F,2.0,,9,,NASI CAMPUR DAN MAKANAN,3,3,1,2,3,3,3,3,3,4,4,3,3,1,,,,,0,0,,,,,2.0,1,,2.0,2.0,2.0,2.0,1.0,1.0,2.0,,,,,,,,,,,,,,,,,,,,,,,,,,,,2.0,1.0,8.0,#NULL!,#NULL!,#NULL!,#NULL!,#NULL!,#NULL!,780,780,1.0,,6.0,6.0,3.0,3.0,3.0,3.0,6.0,6.0,7.0,7.0,3.0,3.0,3.0,3.0,3.0,3.0,3.0,3.0,3.0,9.0,3.0,2.0,1.0,3.0,
2,5,4.0,19,F,1.0,,9,KEDAI MAKAN,MAKANAN,3,2,2,2,4,4,4,2,3,3,3,3,4,1,,,,,1,0,,,,,2.0,1,,2.0,2.0,2.0,2.0,,1.0,,,,,,,,,,,,,,,,,,,,,1.0,,,,,,,,2.0,1.0,9.0,#NULL!,#NULL!,#NULL!,#NULL!,#NULL!,#NULL!,500,#NULL!,1.0,,6.0,6.0,,1.0,,2.0,,6.0,,2.0,3.0,3.0,3.0,3.0,3.0,3.0,3.0,3.0,3.0,9.0,3.0,2.0,1.0,5.0,
2,5,3.0,13,E,1.0,,8,KEDAI MOTORSIKAL,MOTORSIKAL,2,2,2,2,2,2,2,2,2,2,2,2,2,2,,,,,0,0,,,,,2.0,1,,2.0,2.0,2.0,2.0,4.0,1.0,5.0,,,,,,,,,,,,,,,,,,,,,,,,,,,,3.0,2.0,8.0,#NULL!,#NULL!,#NULL!,#NULL!,#NULL!,#NULL!,#NULL!,#NULL!,,,4.0,,2.0,,2.0,,,6.0,,2.0,3.0,3.0,3.0,3.0,3.0,3.0,3.0,3.0,3.0,9.0,1.0,2.0,3.0,1.0,
2,5,4.0,18,F,1.0,,9,,MAKANAN,2,2,2,2,3,4,4,3,3,3,3,3,3,1,,,,,0,0,,,,,2.0,1,,2.0,2.0,2.0,2.0,1.0,1.0,2.0,,,,,,,,,,,,,,,,,,,,,,,,,,,,2.0,1.0,9.0,#NULL!,#NULL!,#NULL!,#NULL!,#NULL!,#NULL!,500,#NULL!,1.0,,,5.0,,3.0,,2.0,,6.0,,2.0,3.0,4.0,4.0,3.0,3.0,4.0,4.0,3.0,3.0,9.0,1.0,2.0,3.0,1.0,
2,5,4.0,19,B,2.0,,7,TUKANG JAHIT,MENJAHIT,3,3,3,3,3,3,3,3,3,4,4,4,4,1,,,,,0,0,,,,,2.0,1,,2.0,2.0,2.0,2.0,1.0,0.0,1.0,1.0,0.0,1.0,0.0,0.0,0.0,0.0,0.0,0.0,1.0,0.0,1.0,0.0,0.0,0.0,0.0,0.0,0.0,0.0,0.0,0.0,0.0,0.0,0.0,0.0,0.0,0.0,,1.0,,#NULL!,#NULL!,#NULL!,#NULL!,#NULL!,#NULL!,#NULL!,#NULL!,2.0,TIADA KEMAHIRAN,,6.0,,2.0,,3.0,,6.0,,7.0,3.0,3.0,3.0,3.0,3.0,3.0,3.0,3.0,3.0,9.0,2.0,3.0,1.0,3.0,
2,5,4.0,19,J,1.0,,17,SALON RAMBUT,GUNTING RAMBUT,3,2,2,2,2,2,2,2,3,3,4,3,4,1,,,,,0,0,,,,,2.0,1,,2.0,2.0,2.0,2.0,0.0,1.0,1.0,0.0,1.0,1.0,0.0,0.0,0.0,0.0,0.0,0.0,0.0,1.0,1.0,0.0,0.0,0.0,0.0,0.0,0.0,0.0,0.0,0.0,0.0,0.0,0.0,0.0,0.0,0.0,2.0,1.0,9.0,#NULL!,#NULL!,#NULL!,#NULL!,#NULL!,#NULL!,700,#NULL!,2.0,KURANG KEMAHIRAN,2.0,2.0,1.0,1.0,3.0,3.0,,6.0,,7.0,3.0,3.0,3.0,3.0,4.0,3.0,3.0,3.0,3.0,2.0,1.0,3.0,2.0,1.0,
2,5,4.0,2,E,1.0,,2,,PERALATAN MEMANCING,4,4,2,2,2,3,3,2,2,2,2,2,2,2,1.0,,,,0,0,,,,,2.0,1,,2.0,2.0,2.0,2.0,2.0,1.0,3.0,1.0,0.0,1.0,0.0,0.0,0.0,0.0,0.0,0.0,0.0,0.0,0.0,0.0,0.0,0.0,0.0,0.0,0.0,1.0,0.0,1.0,0.0,0.0,0.0,0.0,0.0,0.0,1.0,1.0,7.0,1000,#NULL!,1000,#NULL!,1000,#NULL!,1000,#NULL!,1.0,,6.0,6.0,3.0,3.0,3.0,3.0,,6.0,7.0,7.0,,,,,,,,,,3.0,1.0,2.0,3.0,1.0,
2,5,3.0,19,E,2.0,,7,PERABOT,PERABOT,3,3,2,2,3,3,3,3,4,4,4,3,4,1,,,,,0,0,,,,,2.0,1,,2.0,2.0,2.0,2.0,6.0,1.0,7.0,0.0,0.0,0.0,0.0,0.0,0.0,0.0,0.0,0.0,0.0,0.0,0.0,0.0,0.0,0.0,0.0,0.0,0.0,0.0,0.0,0.0,0.0,0.0,0.0,0.0,0.0,0.0,2.0,1.0,9.0,#NULL!,#NULL!,#NULL!,#NULL!,#NULL!,#NULL!,700,#NULL!,1.0,,6.0,6.0,,2.0,3.0,3.0,,6.0,,7.0,3.0,3.0,3.0,3.0,3.0,3.0,3.0,3.0,3.0,3.0,1.0,2.0,3.0,6.0,
2,5,3.0,18,B,1.0,,9,,,3,2,2,2,3,3,3,3,4,4,4,3,4,1,,,,,0,0,,,,,2.0,1,,2.0,2.0,2.0,2.0,0.0,0.0,0.0,2.0,2.0,4.0,0.0,0.0,0.0,0.0,0.0,0.0,0.0,0.0,0.0,0.0,0.0,0.0,0.0,0.0,0.0,2.0,2.0,4.0,0.0,0.0,0.0,0.0,0.0,0.0,1.0,1.0,9.0,#NULL!,#NULL!,#NULL!,#NULL!,#NULL!,#NULL!,800,#NULL!,1.0,,6.0,6.0,3.0,3.0,3.0,3.0,,6.0,,7.0,3.0,3.0,3.0,3.0,3.0,3.0,3.0,3.0,3.0,9.0,1.0,2.0,3.0,5.0,
2,5,4.0,18,J,1.0,,18,,,3,3,2,2,2,4,3,3,4,4,4,4,4,2,,,,LATIHAN KEMAHIRAN,0,0,,,,,2.0,1,,2.0,2.0,2.0,2.0,0.0,1.0,1.0,0.0,0.0,0.0,0.0,0.0,0.0,0.0,0.0,0.0,0.0,0.0,0.0,0.0,0.0,0.0,0.0,0.0,0.0,0.0,0.0,0.0,0.0,0.0,0.0,0.0,0.0,0.0,1.0,1.0,9.0,#NULL!,#NULL!,#NULL!,#NULL!,#NULL!,#NULL!,600,#NULL!,1.0,,,6.0,,1.0,,3.0,,6.0,,7.0,3.0,3.0,3.0,3.0,3.0,3.0,3.0,3.0,3.0,2.0,1.0,2.0,3.0,6.0,
2,5,3.0,19,E,3.0,,7,PAKAIAN,,3,3,2,2,3,3,3,3,4,4,4,3,4,1,,,,,0,0,,,,,2.0,1,,2.0,2.0,2.0,2.0,3.0,4.0,7.0,0.0,2.0,2.0,0.0,0.0,0.0,0.0,0.0,0.0,0.0,0.0,0.0,0.0,0.0,0.0,0.0,0.0,0.0,0.0,2.0,2.0,0.0,0.0,0.0,0.0,0.0,0.0,2.0,1.0,8.0,#NULL!,#NULL!,#NULL!,#NULL!,#NULL!,#NULL!,600,#NULL!,1.0,,,6.0,,3.0,,3.0,,6.0,,7.0,3.0,3.0,3.0,3.0,3.0,3.0,3.0,3.0,3.0,9.0,1.0,2.0,3.0,3.0,
2,5,4.0,7,E,3.0,,7,,KEDAI MINYAK KERETA,3,2,2,2,3,3,3,3,4,4,4,3,4,1,,,,,0,0,,,,,2.0,1,,2.0,2.0,2.0,2.0,0.0,0.0,0.0,4.0,0.0,4.0,0.0,0.0,0.0,0.0,0.0,0.0,0.0,0.0,0.0,0.0,0.0,0.0,3.0,0.0,3.0,1.0,0.0,1.0,0.0,0.0,0.0,0.0,0.0,0.0,2.0,1.0,9.0,#NULL!,#NULL!,#NULL!,#NULL!,1000,#NULL!,700,#NULL!,1.0,,,6.0,,3.0,,3.0,,5.0,,7.0,3.0,3.0,3.0,3.0,3.0,3.0,3.0,3.0,3.0,9.0,1.0,2.0,3.0,3.0,
2,5,4.0,18,B,2.0,,9,,,3,3,2,2,3,3,3,3,3,4,4,3,4,1,,,,,0,0,,,,,2.0,1,,2.0,2.0,2.0,2.0,0.0,0.0,0.0,0.0,2.0,2.0,0.0,0.0,0.0,0.0,0.0,0.0,0.0,0.0,0.0,0.0,0.0,0.0,0.0,0.0,0.0,0.0,2.0,2.0,0.0,0.0,0.0,0.0,0.0,0.0,1.0,1.0,9.0,#NULL!,#NULL!,#NULL!,#NULL!,#NULL!,#NULL!,700,#NULL!,1.0,,,6.0,,3.0,,3.0,,6.0,,7.0,3.0,2.0,2.0,3.0,3.0,3.0,3.0,3.0,3.0,9.0,1.0,2.0,3.0,6.0,
2,5,3.0,19,I,3.0,,16,PUSAT ASUHAN KANAK-KANAK,PUSAT ASUHAN KANAK-KANAK,1,2,2,2,1,4,1,2,3,3,3,1,3,2,1.0,,,,0,0,,,,,1.0,3,1.0,1.0,1.0,2.0,1.0,1.0,4.0,5.0,1.0,0.0,1.0,0.0,0.0,0.0,0.0,0.0,0.0,0.0,0.0,0.0,0.0,0.0,0.0,1.0,0.0,1.0,0.0,0.0,0.0,0.0,0.0,0.0,0.0,0.0,0.0,2.0,1.0,3.0,600,1000,#NULL!,#NULL!,#NULL!,#NULL!,#NULL!,#NULL!,2.0,TIDAK SANGGUP TANGGUNG TUGAS YANG DIBERI,2.0,,1.0,,3.0,,3.0,,2.0,,1.0,2.0,1.0,1.0,1.0,1.0,1.0,2.0,1.0,9.0,1.0,3.0,2.0,5.0,
2,5,3.0,18,F,1.0,,9,,MAKANAN,3,2,2,2,4,4,2,4,4,4,4,4,4,1,,,,,0,0,1.0,,,,2.0,1,,2.0,2.0,2.0,2.0,1.0,4.0,5.0,0.0,0.0,0.0,0.0,0.0,0.0,0.0,0.0,0.0,0.0,0.0,0.0,0.0,0.0,0.0,0.0,0.0,0.0,0.0,0.0,0.0,0.0,0.0,0.0,0.0,0.0,0.0,1.0,1.0,1.0,1200,#NULL!,#NULL!,#NULL!,#NULL!,#NULL!,#NULL!,#NULL!,1.0,,6.0,6.0,3.0,3.0,3.0,3.0,6.0,6.0,7.0,7.0,2.0,1.0,1.0,2.0,2.0,2.0,1.0,2.0,2.0,7.0,2.0,1.0,3.0,2.0,
2,5,3.0,19,E,5.0,,7,KEDAI KAIN,,3,3,3,3,4,4,3,4,4,4,4,4,4,1,,,,,0,0,,,,,2.0,1,,1.0,2.0,2.0,2.0,2.0,3.0,5.0,,,,,,,,,,,,,,,,,,,2.0,3.0,5.0,,,,,,,1.0,1.0,9.0,#NULL!,#NULL!,#NULL!,#NULL!,#NULL!,#NULL!,600,#NULL!,1.0,,6.0,6.0,3.0,3.0,3.0,3.0,6.0,6.0,7.0,7.0,3.0,3.0,3.0,3.0,3.0,3.0,3.0,3.0,3.0,9.0,2.0,1.0,3.0,3.0,
2,5,3.0,19,E,2.0,,7,KEDAI PERABOT,,2,2,2,2,3,2,3,3,3,3,3,3,3,1,,,,,0,0,,,,,2.0,1,,2.0,2.0,2.0,2.0,7.0,3.0,10.0,,,,,3.0,,,,,,,,,,,,,,7.0,,,,,,,,,2.0,1.0,9.0,#NULL!,#NULL!,#NULL!,#NULL!,#NULL!,#NULL!,1000,#NULL!,1.0,,6.0,6.0,3.0,3.0,3.0,3.0,5.0,6.0,7.0,7.0,2.0,2.0,2.0,2.0,2.0,2.0,2.0,2.0,2.0,9.0,1.0,2.0,3.0,3.0,
2,5,3.0,19,E,1.0,,7,KEDAI PERABOT,,3,3,2,2,3,3,3,3,3,4,4,4,4,1,,,,,0,0,,,,,2.0,1,,2.0,2.0,2.0,2.0,3.0,,,,,,,,,,,,,,,,,,,,,3.0,,,,,,,,,1.0,1.0,9.0,#NULL!,#NULL!,#NULL!,#NULL!,#NULL!,#NULL!,2000,#NULL!,1.0,,6.0,6.0,2.0,2.0,3.0,3.0,6.0,6.0,7.0,7.0,3.0,3.0,3.0,3.0,3.0,3.0,3.0,3.0,3.0,9.0,2.0,1.0,3.0,3.0,
2,5,3.0,19,E,3.0,,7,KEDAI KAIN,,1,1,1,1,3,4,3,3,4,3,3,3,4,1,,,,,0,0,,,,,2.0,1,,2.0,2.0,2.0,2.0,3.0,10.0,13.0,,,,,,,,,,,,,,,,,,,3.0,10.0,13.0,,,,,,,2.0,1.0,1.0,#NULL!,#NULL!,#NULL!,#NULL!,#NULL!,#NULL!,700,#NULL!,1.0,,6.0,6.0,1.0,1.0,3.0,3.0,6.0,6.0,7.0,7.0,2.0,2.0,2.0,2.0,2.0,2.0,2.0,2.0,2.0,9.0,1.0,2.0,3.0,3.0,
2,5,4.0,19,B,1.0,,7,TAILOR,,2,2,2,1,1,1,2,2,3,3,2,2,2,1,,,,,0,0,,,,,2.0,1,,2.0,2.0,2.0,2.0,1.0,1.0,2.0,,,,,,,,,,,,,,,,,,,1.0,1.0,2.0,,,,,,,1.0,1.0,8.0,#NULL!,#NULL!,#NULL!,#NULL!,#NULL!,#NULL!,1000,#NULL!,1.0,,6.0,6.0,3.0,3.0,3.0,3.0,6.0,6.0,7.0,7.0,3.0,3.0,2.0,2.0,3.0,2.0,2.0,3.0,3.0,2.0,1.0,3.0,2.0,1.0,
2,5,3.0,19,E,3.0,,7,PAKAIAN,,2,2,2,2,3,3,3,3,4,4,4,3,4,1,,,,,0,0,,,,,2.0,1,,2.0,2.0,2.0,2.0,4.0,6.0,10.0,,,,,,,,,,,,,,,,,,,10.0,,,,,,,,,2.0,1.0,9.0,#NULL!,#NULL!,#NULL!,#NULL!,#NULL!,#NULL!,700,#NULL!,1.0,,6.0,6.0,3.0,3.0,3.0,3.0,6.0,6.0,7.0,7.0,3.0,3.0,3.0,3.0,3.0,3.0,3.0,3.0,3.0,9.0,1.0,3.0,2.0,5.0,
2,5,3.0,19,J,1.0,,18,BUTIK,,2,3,4,2,3,2,3,3,3,4,3,4,2,1,,,,,0,0,,,,,2.0,1,,2.0,2.0,2.0,2.0,3.0,1.0,4.0,,,,,,,,,,,,,,1.0,,,,,4.0,,,,,,,,,1.0,1.0,8.0,2000,#NULL!,#NULL!,#NULL!,#NULL!,#NULL!,1000,#NULL!,1.0,,2.0,2.0,1.0,2.0,3.0,3.0,6.0,6.0,7.0,7.0,2.0,2.0,2.0,2.0,2.0,2.0,2.0,2.0,2.0,9.0,3.0,2.0,1.0,1.0,
2,5,4.0,19,J,1.0,,17,BEAUTY SALON,,2,2,2,2,4,4,4,4,1,3,3,3,3,1,,,,,0,0,,,,,2.0,1,,2.0,2.0,2.0,2.0,,1.0,,,,,,,,,,,,,,,,,,,,,1.0,,,,,,,,1.0,1.0,9.0,#NULL!,#NULL!,#NULL!,#NULL!,#NULL!,#NULL!,800,#NULL!,1.0,,1.0,1.0,1.0,1.0,3.0,3.0,6.0,6.0,7.0,7.0,3.0,3.0,3.0,3.0,3.0,3.0,3.0,3.0,3.0,9.0,2.0,3.0,1.0,6.0,
2,5,3.0,8,B,1.0,,8,,,3,3,1,2,3,3,3,3,3,4,4,3,3,1,,,,,0,0,,,,,2.0,1,,2.0,2.0,2.0,2.0,3.0,,,,,,,,,,,,,,,,,,,,,3.0,,,,,,,,,1.0,1.0,9.0,#NULL!,#NULL!,#NULL!,#NULL!,#NULL!,#NULL!,700,#NULL!,1.0,,6.0,6.0,3.0,3.0,3.0,3.0,6.0,6.0,7.0,7.0,3.0,3.0,3.0,3.0,3.0,3.0,3.0,3.0,3.0,9.0,3.0,2.0,1.0,3.0,
2,5,3.0,7,E,2.0,,7,,,3,2,2,2,4,4,4,2,3,3,3,3,4,1,,,,,0,0,,,,,2.0,1,,2.0,2.0,2.0,2.0,1.0,,,,,,,,,,,,,,,,,,,,,1.0,,,,,,,,,2.0,1.0,8.0,#NULL!,#NULL!,#NULL!,#NULL!,#NULL!,#NULL!,1000,#NULL!,1.0,,6.0,6.0,2.0,2.0,3.0,3.0,6.0,6.0,7.0,7.0,3.0,3.0,3.0,3.0,3.0,3.0,3.0,3.0,3.0,9.0,3.0,2.0,1.0,1.0,
2,5,4.0,19,J,1.0,,17,BEAUTY SALON,,2,2,2,2,2,2,2,2,2,2,2,2,2,1,,,,,0,0,,,,,2.0,1,,2.0,2.0,2.0,2.0,,2.0,,,,,,,,,,,,,,,,,,,,,2.0,,,,,,,,1.0,1.0,9.0,#NULL!,#NULL!,#NULL!,#NULL!,#NULL!,#NULL!,800,#NULL!,1.0,,2.0,2.0,1.0,1.0,3.0,3.0,6.0,6.0,7.0,1.0,3.0,3.0,3.0,3.0,3.0,3.0,3.0,3.0,3.0,2.0,1.0,2.0,3.0,1.0,
2,5,3.0,7,E,1.0,,7,,,2,2,2,2,3,4,4,3,3,3,3,3,3,1,,,,,0,0,,,,,2.0,1,,2.0,2.0,2.0,2.0,2.0,3.0,5.0,,,,,,,,,,,,,,,,,,,2.0,3.0,5.0,,,,,,,2.0,1.0,9.0,#NULL!,#NULL!,#NULL!,#NULL!,#NULL!,#NULL!,600,#NULL!,1.0,,2.0,2.0,3.0,3.0,3.0,3.0,6.0,6.0,7.0,7.0,3.0,2.0,2.0,3.0,3.0,2.0,2.0,3.0,3.0,9.0,1.0,3.0,2.0,1.0,
2,5,3.0,18,F,1.0,,9,,,2,2,2,2,2,2,2,2,2,2,2,2,2,1,,,,,0,0,,,,,2.0,1,,2.0,2.0,2.0,2.0,1.0,1.0,2.0,,,,,,,,,,,,,,,,,,,1.0,1.0,2.0,,,,,,,1.0,1.0,9.0,#NULL!,#NULL!,#NULL!,#NULL!,#NULL!,#NULL!,900,#NULL!,1.0,,2.0,2.0,1.0,1.0,3.0,3.0,6.0,6.0,7.0,7.0,2.0,3.0,3.0,3.0,3.0,3.0,3.0,3.0,3.0,9.0,2.0,1.0,3.0,1.0,
2,5,3.0,5,B,1.0,,5,,,2,2,2,2,3,4,4,3,3,3,3,3,3,1,,,,,0,0,,,,,2.0,1,,2.0,2.0,2.0,2.0,4.0,1.0,5.0,,,,,,,,,,,,,,,,2.0,,,2.0,1.0,3.0,,,,,,,1.0,1.0,2.0,#NULL!,#NULL!,#NULL!,#NULL!,2000,#NULL!,900,#NULL!,1.0,,2.0,2.0,1.0,1.0,3.0,3.0,5.0,5.0,7.0,7.0,3.0,2.0,2.0,3.0,3.0,2.0,2.0,3.0,3.0,9.0,2.0,3.0,1.0,3.0,
2,5,4.0,7,E,3.0,,7,,,2,2,2,2,2,2,2,2,2,2,2,2,2,1,,,,,0,0,,,,,1.0,1,,,2.0,2.0,2.0,10.0,13.0,23.0,,,,,,,,,,,,,,,,,,,3.0,10.0,13.0,,,,,,,2.0,2.0,2.0,#NULL!,#NULL!,#NULL!,#NULL!,#NULL!,#NULL!,600,1200,1.0,,1.0,1.0,1.0,1.0,1.0,1.0,2.0,2.0,2.0,2.0,2.0,2.0,2.0,2.0,2.0,2.0,2.0,2.0,2.0,1.0,2.0,1.0,3.0,1.0,
2,5,3.0,7,E,3.0,,7,,,2,2,2,2,2,2,3,3,3,3,3,3,4,1,,,,,0,0,,,,,2.0,1,,,2.0,2.0,2.0,2.0,8.0,10.0,,,,,,,,,,,,,,,,,,,2.0,8.0,10.0,,,,,,,1.0,1.0,9.0,#NULL!,#NULL!,#NULL!,#NULL!,#NULL!,#NULL!,650,1200,1.0,,6.0,6.0,3.0,3.0,3.0,3.0,6.0,6.0,7.0,7.0,2.0,2.0,2.0,2.0,2.0,2.0,2.0,2.0,2.0,9.0,2.0,3.0,1.0,1.0,
2,5,4.0,10,J,2.0,,10,,TELEFON,2,2,2,2,2,4,4,3,4,3,3,3,4,1,,,,,0,0,,,,,2.0,1,,,2.0,2.0,2.0,2.0,,,,,,,,,,,,,,,,,,2.0,,,,,,,,,,,,1.0,1.0,9.0,#NULL!,#NULL!,#NULL!,#NULL!,1500,2000,#NULL!,#NULL!,1.0,,3.0,1.0,3.0,3.0,3.0,3.0,5.0,5.0,7.0,7.0,2.0,1.0,2.0,2.0,1.0,2.0,2.0,2.0,2.0,2.0,2.0,1.0,3.0,6.0,
2,5,4.0,11,B,1.0,,11,,,2,2,2,2,2,2,2,2,2,2,2,2,2,1,,,,,0,0,,,,,2.0,1,,,2.0,2.0,2.0,2.0,2.0,4.0,,,,2.0,,,,2.0,,2.0,,,,,,,,,,,,,,,,,,1.0,1.0,9.0,#NULL!,#NULL!,#NULL!,#NULL!,1000,1500,#NULL!,#NULL!,1.0,,6.0,6.0,3.0,3.0,3.0,3.0,5.0,5.0,7.0,7.0,2.0,2.0,2.0,2.0,2.0,2.0,2.0,2.0,2.0,5.0,3.0,2.0,1.0,6.0,
2,5,4.0,11,E,1.0,,11,,,2,2,2,2,2,2,2,2,2,2,2,2,2,1,,,,,0,0,,,,,2.0,1,,,2.0,2.0,2.0,2.0,3.0,5.0,,,,4.0,,,1.0,,,3.0,,,,,,,3.0,,,1.0,,,,,,,,1.0,1.0,8.0,#NULL!,#NULL!,#NULL!,#NULL!,1200,1800,800,1200,1.0,,2.0,2.0,2.0,3.0,3.0,3.0,5.0,6.0,7.0,7.0,2.0,2.0,2.0,2.0,2.0,2.0,2.0,2.0,2.0,5.0,3.0,1.0,2.0,5.0,
2,5,4.0,14,E,3.0,,7,PAKAIAN,PAKAIAN,3,3,3,4,3,3,2,3,3,2,3,2,2,1,,,,,0,0,,,,,2.0,1,,2.0,2.0,2.0,2.0,0.0,2.0,2.0,0.0,0.0,0.0,0.0,0.0,0.0,0.0,0.0,0.0,0.0,0.0,0.0,0.0,0.0,0.0,0.0,0.0,0.0,0.0,0.0,0.0,0.0,0.0,0.0,0.0,0.0,0.0,2.0,2.0,8.0,#NULL!,#NULL!,#NULL!,#NULL!,#NULL!,#NULL!,1400,#NULL!,1.0,,3.0,,2.0,,2.0,,6.0,,6.0,,2.0,2.0,2.0,2.0,2.0,2.0,2.0,2.0,2.0,9.0,1.0,2.0,3.0,10.0,
2,5,4.0,14,J,2.0,,7,DOBI,DOBI,3,3,3,2,3,4,4,4,2,4,4,4,4,1,,,,,0,0,,,,,2.0,1,,2.0,2.0,2.0,2.0,0.0,1.0,1.0,0.0,0.0,0.0,0.0,0.0,0.0,0.0,0.0,0.0,0.0,0.0,0.0,0.0,0.0,0.0,0.0,0.0,0.0,0.0,0.0,0.0,0.0,0.0,0.0,0.0,0.0,0.0,2.0,2.0,8.0,#NULL!,#NULL!,#NULL!,#NULL!,#NULL!,#NULL!,#NULL!,1100,1.0,,3.0,4.0,1.0,1.0,3.0,3.0,6.0,6.0,6.0,7.0,2.0,3.0,2.0,2.0,3.0,3.0,2.0,2.0,2.0,9.0,1.0,2.0,3.0,10.0,
2,5,3.0,13,E,3.0,,7,PERABOT,PERABOT,2,2,1,2,2,1,1,1,2,2,2,1,1,1,,,,,0,0,,,,,2.0,1,,1.0,1.0,1.0,1.0,7.0,2.0,9.0,10.0,4.0,14.0,5.0,2.0,7.0,0.0,0.0,0.0,0.0,0.0,0.0,0.0,0.0,0.0,0.0,0.0,0.0,5.0,2.0,7.0,0.0,0.0,0.0,0.0,0.0,0.0,1.0,2.0,8.0,#NULL!,#NULL!,#NULL!,#NULL!,#NULL!,#NULL!,2000,#NULL!,1.0,,3.0,3.0,1.0,1.0,2.0,2.0,6.0,,7.0,,2.0,2.0,2.0,2.0,2.0,2.0,2.0,2.0,2.0,9.0,1.0,2.0,3.0,10.0,
2,5,4.0,14,J,2.0,,7,DOBI,DOBI,2,2,2,2,2,3,2,2,2,2,2,2,2,1,,,,,0,0,,,,,2.0,1,,2.0,2.0,2.0,2.0,0.0,2.0,2.0,0.0,0.0,0.0,0.0,0.0,0.0,0.0,0.0,0.0,0.0,0.0,0.0,0.0,0.0,0.0,0.0,0.0,0.0,0.0,0.0,0.0,0.0,0.0,0.0,0.0,0.0,0.0,2.0,2.0,8.0,1800,#NULL!,#NULL!,#NULL!,#NULL!,#NULL!,#NULL!,#NULL!,1.0,,4.0,,1.0,,2.0,,6.0,,7.0,,2.0,2.0,2.0,2.0,2.0,2.0,2.0,2.0,2.0,9.0,3.0,2.0,1.0,10.0,
2,5,4.0,17,E,1.0,,17,,KEDAI TAYAR KENDERAAN,2,3,3,3,3,3,2,2,2,2,2,2,2,1,,,,,0,0,,,,,2.0,1,,2.0,1.0,1.0,2.0,3.0,0.0,3.0,0.0,0.0,0.0,0.0,0.0,0.0,0.0,0.0,0.0,0.0,0.0,0.0,0.0,0.0,0.0,0.0,0.0,0.0,0.0,0.0,0.0,0.0,0.0,0.0,0.0,0.0,0.0,2.0,2.0,8.0,#NULL!,#NULL!,#NULL!,#NULL!,#NULL!,#NULL!,2500,#NULL!,1.0,,4.0,,2.0,,2.0,,5.0,,2.0,,2.0,3.0,3.0,3.0,3.0,3.0,3.0,3.0,3.0,9.0,1.0,2.0,3.0,10.0,
2,5,3.0,13,E,3.0,,9,,,2,1,2,1,2,2,2,1,2,2,2,2,2,2,,,1.0,,0,1,1.0,,3.0,,1.0,3,1.0,1.0,1.0,2.0,2.0,5.0,6.0,11.0,0.0,0.0,0.0,0.0,0.0,0.0,0.0,0.0,0.0,0.0,0.0,0.0,0.0,0.0,0.0,0.0,0.0,0.0,0.0,0.0,0.0,0.0,0.0,0.0,0.0,0.0,0.0,2.0,2.0,9.0,#NULL!,#NULL!,#NULL!,#NULL!,#NULL!,#NULL!,1100,1200,1.0,,2.0,1.0,1.0,2.0,1.0,1.0,6.0,6.0,6.0,6.0,2.0,2.0,2.0,2.0,2.0,2.0,2.0,2.0,2.0,7.0,1.0,2.0,3.0,6.0,
2,5,4.0,14,E,2.0,,7,KEDAI EMAS,MENJUAL EMAS,2,2,2,2,2,2,2,2,2,2,2,2,2,1,,,,,0,0,,,,,2.0,1,,2.0,2.0,2.0,2.0,0.0,2.0,2.0,0.0,0.0,0.0,0.0,0.0,0.0,0.0,0.0,0.0,0.0,0.0,0.0,0.0,0.0,0.0,0.0,0.0,0.0,0.0,0.0,0.0,0.0,0.0,0.0,0.0,0.0,0.0,2.0,2.0,8.0,2000,#NULL!,#NULL!,#NULL!,#NULL!,#NULL!,#NULL!,#NULL!,1.0,,4.0,,1.0,,2.0,,6.0,,6.0,,2.0,2.0,3.0,2.0,3.0,2.0,2.0,3.0,2.0,9.0,1.0,2.0,3.0,10.0,
2,5,4.0,14,E,1.0,,7,KEDAI EMAS,MENJUAL EMAS,2,2,2,2,2,3,2,2,2,2,2,2,2,1,,,,,0,0,,,,,2.0,1,,2.0,2.0,2.0,2.0,0.0,2.0,2.0,0.0,0.0,0.0,0.0,0.0,0.0,0.0,0.0,0.0,0.0,0.0,0.0,0.0,0.0,0.0,0.0,0.0,0.0,0.0,0.0,0.0,0.0,0.0,0.0,0.0,0.0,0.0,2.0,2.0,8.0,2000,#NULL!,#NULL!,#NULL!,#NULL!,#NULL!,#NULL!,#NULL!,1.0,,4.0,,2.0,,2.0,,6.0,,6.0,,2.0,2.0,2.0,2.0,2.0,2.0,2.0,2.0,2.0,9.0,1.0,2.0,3.0,10.0,
2,5,4.0,14,E,1.0,,7,KEDAI EMAS,MENJUAL EMAS,2,2,2,2,2,2,2,2,2,2,2,2,2,1,,,,,0,0,,,,,2.0,1,,2.0,2.0,2.0,2.0,0.0,3.0,3.0,0.0,0.0,0.0,0.0,0.0,0.0,0.0,0.0,0.0,0.0,0.0,0.0,0.0,0.0,0.0,0.0,0.0,0.0,0.0,0.0,0.0,0.0,0.0,0.0,0.0,0.0,0.0,2.0,2.0,8.0,#NULL!,#NULL!,#NULL!,#NULL!,#NULL!,#NULL!,2000,#NULL!,1.0,,4.0,4.0,1.0,1.0,2.0,2.0,6.0,6.0,7.0,7.0,2.0,2.0,2.0,2.0,2.0,2.0,2.0,2.0,2.0,9.0,1.0,2.0,3.0,10.0,
2,5,4.0,14,J,2.0,,7,DOBI,DOBI,2,2,2,2,2,3,2,2,2,2,2,2,2,1,,,,,0,0,,,,,2.0,1,,2.0,2.0,2.0,2.0,0.0,1.0,1.0,0.0,0.0,0.0,0.0,0.0,0.0,0.0,0.0,0.0,0.0,0.0,0.0,0.0,0.0,0.0,0.0,0.0,0.0,0.0,0.0,0.0,0.0,0.0,0.0,0.0,0.0,0.0,2.0,2.0,9.0,#NULL!,#NULL!,#NULL!,#NULL!,#NULL!,#NULL!,1800,#NULL!,1.0,,4.0,,1.0,,2.0,,6.0,,7.0,,2.0,2.0,2.0,2.0,2.0,2.0,2.0,2.0,2.0,9.0,1.0,2.0,3.0,10.0,
2,5,4.0,14,E,1.0,,7,KEDAI EMAS,MENJUAL EMAS,2,2,2,2,2,2,2,2,3,2,2,2,2,1,,,,,0,0,,,,,1.0,1,,2.0,2.0,2.0,2.0,0.0,2.0,2.0,0.0,0.0,0.0,0.0,0.0,0.0,0.0,0.0,0.0,0.0,0.0,0.0,0.0,0.0,0.0,0.0,0.0,0.0,0.0,0.0,0.0,0.0,0.0,0.0,0.0,0.0,0.0,2.0,2.0,9.0,#NULL!,#NULL!,#NULL!,#NULL!,#NULL!,#NULL!,2000,2100,1.0,,4.0,,1.0,,2.0,,6.0,,6.0,,2.0,3.0,2.0,2.0,3.0,2.0,2.0,2.0,2.0,9.0,1.0,2.0,3.0,10.0,
2,5,4.0,4,E,1.0,,4,,,2,2,2,3,2,2,2,3,2,2,3,2,2,1,,,,,0,0,,,,,1.0,1,,2.0,2.0,2.0,2.0,1.0,1.0,2.0,0.0,0.0,0.0,0.0,0.0,0.0,0.0,0.0,0.0,0.0,0.0,0.0,0.0,0.0,0.0,0.0,0.0,0.0,0.0,0.0,0.0,0.0,0.0,0.0,0.0,0.0,0.0,2.0,2.0,8.0,#NULL!,#NULL!,#NULL!,#NULL!,#NULL!,#NULL!,1800,2000,1.0,,4.0,,1.0,,2.0,,6.0,,7.0,,2.0,2.0,3.0,3.0,3.0,3.0,3.0,3.0,2.0,9.0,1.0,2.0,3.0,11.0,
2,5,4.0,14,J,1.0,,7,JAHITAN,MENJAHIT PAKAIAN,2,2,2,2,3,3,2,1,3,2,2,2,2,1,,,,,0,0,,,,,2.0,1,,2.0,2.0,2.0,1.0,0.0,0.0,0.0,0.0,0.0,0.0,0.0,0.0,0.0,0.0,0.0,0.0,0.0,0.0,0.0,0.0,0.0,0.0,0.0,0.0,0.0,0.0,0.0,0.0,0.0,0.0,0.0,0.0,0.0,0.0,2.0,2.0,8.0,#NULL!,#NULL!,#NULL!,#NULL!,#NULL!,#NULL!,1800,2000,1.0,,4.0,,1.0,,2.0,,6.0,,7.0,,2.0,2.0,3.0,3.0,3.0,3.0,3.0,3.0,2.0,9.0,1.0,2.0,3.0,11.0,
2,5,4.0,14,J,1.0,,7,DOBI,DOBI,2,2,2,2,2,2,2,2,2,2,2,2,2,1,,,,,0,0,,,,,2.0,1,,2.0,2.0,2.0,2.0,0.0,1.0,1.0,0.0,0.0,0.0,0.0,0.0,0.0,0.0,0.0,0.0,0.0,0.0,0.0,0.0,0.0,0.0,0.0,0.0,0.0,0.0,0.0,0.0,0.0,0.0,0.0,0.0,0.0,0.0,2.0,2.0,8.0,#NULL!,#NULL!,#NULL!,#NULL!,#NULL!,#NULL!,1100,1500,1.0,,4.0,,1.0,,2.0,,6.0,,7.0,,2.0,3.0,3.0,2.0,3.0,2.0,2.0,3.0,2.0,9.0,1.0,2.0,3.0,10.0,
2,5,4.0,14,H,2.0,,7,KEDAI GAMBAR,KEDAI GAMBAR,2,2,3,3,3,3,2,3,2,3,3,2,3,2,,,1.0,,1,1,1.0,,2.0,2.0,1.0,3,1.0,2.0,2.0,2.0,2.0,2.0,1.0,3.0,2.0,1.0,3.0,0.0,0.0,0.0,0.0,0.0,0.0,2.0,1.0,3.0,0.0,0.0,0.0,0.0,0.0,0.0,0.0,0.0,0.0,0.0,0.0,0.0,0.0,0.0,0.0,2.0,2.0,8.0,#NULL!,#NULL!,#NULL!,#NULL!,#NULL!,#NULL!,1800,#NULL!,1.0,,3.0,3.0,1.0,1.0,3.0,3.0,1.0,1.0,6.0,6.0,3.0,3.0,2.0,3.0,3.0,3.0,2.0,2.0,2.0,6.0,2.0,1.0,3.0,10.0,
2,5,4.0,14,E,2.0,,7,KEDAI EMAS,MENJUAL EMAS,1,1,1,1,3,4,4,2,2,3,3,3,4,1,,,,,0,0,,,,,2.0,1,,2.0,2.0,2.0,2.0,0.0,2.0,2.0,0.0,0.0,0.0,0.0,0.0,0.0,0.0,0.0,0.0,0.0,0.0,0.0,0.0,0.0,0.0,0.0,0.0,0.0,0.0,0.0,0.0,0.0,0.0,0.0,0.0,0.0,0.0,2.0,2.0,8.0,1500,1800,#NULL!,#NULL!,#NULL!,#NULL!,#NULL!,#NULL!,1.0,,3.0,,2.0,,2.0,,1.0,,6.0,,2.0,2.0,2.0,2.0,2.0,2.0,2.0,2.0,2.0,7.0,1.0,2.0,3.0,10.0,
2,5,4.0,14,B,2.0,,7,PRINTING,PRINTING,2,2,2,2,2,3,2,2,2,2,2,2,2,1,,,,,0,0,,,,,2.0,1,,2.0,2.0,2.0,2.0,2.0,1.0,3.0,0.0,0.0,0.0,0.0,0.0,0.0,0.0,0.0,0.0,0.0,0.0,0.0,0.0,0.0,0.0,0.0,0.0,0.0,0.0,0.0,0.0,0.0,0.0,0.0,0.0,0.0,0.0,2.0,2.0,8.0,2000,2100,#NULL!,#NULL!,#NULL!,#NULL!,#NULL!,#NULL!,1.0,,4.0,,1.0,,2.0,,1.0,,6.0,,2.0,2.0,2.0,2.0,2.0,2.0,2.0,2.0,2.0,9.0,1.0,2.0,3.0,10.0,
2,5,4.0,14,B,1.0,,7,PRINTING,PRINTING,2,2,2,2,2,2,2,2,2,2,2,2,2,1,,,,,0,0,,,,,2.0,1,,2.0,2.0,2.0,2.0,0.0,1.0,1.0,0.0,0.0,0.0,0.0,0.0,0.0,0.0,0.0,0.0,0.0,0.0,0.0,0.0,0.0,0.0,0.0,0.0,0.0,0.0,0.0,0.0,0.0,0.0,0.0,0.0,0.0,0.0,2.0,2.0,8.0,1800,2000,#NULL!,#NULL!,#NULL!,#NULL!,#NULL!,#NULL!,1.0,,4.0,,1.0,,2.0,,6.0,,2.0,,2.0,2.0,2.0,2.0,2.0,2.0,2.0,2.0,2.0,9.0,1.0,2.0,3.0,10.0,
2,5,4.0,14,E,2.0,,7,KEDAI EMAS,MENJUAL EMAS,2,2,2,2,2,3,3,3,2,3,3,3,2,1,,,,,0,0,,,,,2.0,1,,2.0,2.0,2.0,2.0,0.0,2.0,2.0,0.0,0.0,0.0,0.0,0.0,0.0,0.0,0.0,0.0,0.0,0.0,0.0,0.0,0.0,0.0,0.0,0.0,0.0,0.0,0.0,0.0,0.0,0.0,0.0,0.0,0.0,0.0,2.0,2.0,8.0,2000,#NULL!,#NULL!,#NULL!,#NULL!,#NULL!,#NULL!,#NULL!,1.0,,4.0,,1.0,,2.0,,6.0,,7.0,,2.0,2.0,3.0,3.0,2.0,3.0,3.0,2.0,2.0,9.0,1.0,2.0,3.0,10.0,
2,5,3.0,18,F,2.0,,9,KEDAI MAKAN,MAKANAN,3,3,3,3,3,3,3,3,3,3,3,3,3,1,,,,,0,0,,,,,2.0,1,,2.0,2.0,2.0,2.0,7.0,0.0,7.0,0.0,0.0,0.0,0.0,0.0,0.0,0.0,0.0,0.0,0.0,0.0,0.0,0.0,0.0,0.0,0.0,0.0,0.0,0.0,0.0,0.0,0.0,0.0,0.0,0.0,0.0,0.0,2.0,2.0,8.0,#NULL!,#NULL!,#NULL!,#NULL!,#NULL!,#NULL!,1500,#NULL!,1.0,,3.0,,2.0,,3.0,,6.0,,7.0,,2.0,2.0,2.0,2.0,2.0,2.0,2.0,2.0,2.0,9.0,1.0,2.0,3.0,10.0,
2,5,4.0,14,E,1.0,,17,PERNIAGAAN KOSMETIK,MENJUAL KOSMETIK,3,3,3,3,3,3,3,3,3,3,3,3,3,1,,,,,0,0,,,,,2.0,1,,2.0,2.0,2.0,2.0,0.0,3.0,3.0,0.0,0.0,0.0,0.0,0.0,0.0,0.0,0.0,0.0,0.0,0.0,0.0,0.0,0.0,0.0,0.0,0.0,0.0,0.0,0.0,0.0,0.0,0.0,0.0,0.0,0.0,0.0,2.0,2.0,9.0,#NULL!,#NULL!,#NULL!,#NULL!,#NULL!,#NULL!,1800,#NULL!,1.0,,4.0,,1.0,,3.0,,6.0,,7.0,,3.0,3.0,3.0,3.0,3.0,3.0,3.0,3.0,3.0,9.0,1.0,2.0,3.0,10.0,
2,5,4.0,14,E,1.0,,7,KEDAI EMAS,MENJUAL EMAS,2,1,2,2,2,2,1,1,1,2,2,2,1,1,,,,,0,0,,,,,2.0,1,,2.0,2.0,2.0,2.0,0.0,2.0,2.0,0.0,0.0,0.0,0.0,0.0,0.0,0.0,0.0,0.0,0.0,0.0,0.0,0.0,0.0,0.0,0.0,0.0,0.0,0.0,0.0,0.0,0.0,0.0,0.0,0.0,0.0,0.0,2.0,2.0,9.0,#NULL!,#NULL!,#NULL!,#NULL!,#NULL!,#NULL!,1800,2000,1.0,,4.0,,1.0,,2.0,,6.0,,6.0,,2.0,2.0,2.0,2.0,2.0,2.0,2.0,2.0,2.0,9.0,1.0,2.0,3.0,10.0,
2,5,4.0,14,J,2.0,,17,GYM,GYM,2,2,2,2,2,3,3,3,3,3,3,3,3,1,,,,,0,0,,,,,2.0,1,,2.0,2.0,2.0,2.0,2.0,0.0,2.0,2.0,0.0,2.0,0.0,0.0,0.0,0.0,0.0,0.0,0.0,0.0,0.0,0.0,0.0,0.0,0.0,0.0,0.0,2.0,0.0,2.0,0.0,0.0,0.0,0.0,0.0,0.0,2.0,2.0,9.0,#NULL!,#NULL!,#NULL!,#NULL!,#NULL!,#NULL!,1500,#NULL!,1.0,,3.0,,2.0,,3.0,,6.0,,7.0,,3.0,2.0,3.0,3.0,2.0,2.0,2.0,2.0,2.0,9.0,2.0,1.0,3.0,10.0,
2,5,4.0,17,H,2.0,,17,,KEDAI GAMBAR,2,3,3,3,3,2,3,2,2,2,2,2,3,1,,,,,0,0,,,,,2.0,1,,2.0,2.0,2.0,2.0,2.0,0.0,2.0,0.0,0.0,0.0,0.0,0.0,0.0,0.0,0.0,0.0,0.0,0.0,0.0,0.0,0.0,0.0,0.0,0.0,0.0,0.0,0.0,0.0,0.0,0.0,0.0,0.0,0.0,0.0,2.0,2.0,9.0,#NULL!,#NULL!,#NULL!,#NULL!,#NULL!,#NULL!,2000,#NULL!,1.0,,3.0,,2.0,,3.0,,6.0,,7.0,,3.0,3.0,3.0,3.0,3.0,2.0,2.0,2.0,2.0,9.0,2.0,1.0,3.0,10.0,
2,5,4.0,17,H,1.0,,17,,KEDAI GAMBAR,3,3,2,3,3,3,3,3,3,3,3,3,3,1,,,,,0,0,,,,,2.0,1,,2.0,2.0,2.0,2.0,1.0,2.0,3.0,2.0,0.0,2.0,0.0,0.0,0.0,0.0,0.0,0.0,0.0,0.0,0.0,1.0,0.0,1.0,0.0,0.0,0.0,1.0,0.0,1.0,0.0,0.0,0.0,0.0,0.0,0.0,2.0,2.0,9.0,2500,#NULL!,#NULL!,#NULL!,#NULL!,#NULL!,1800,#NULL!,1.0,,3.0,,1.0,,2.0,,6.0,,6.0,,2.0,2.0,2.0,2.0,3.0,2.0,2.0,2.0,3.0,5.0,2.0,1.0,3.0,10.0,
2,5,4.0,7,E,2.0,,7,,BARANG-BARANG RUNCIT,3,3,2,3,2,2,2,3,3,3,3,3,3,1,,,,,0,0,,,,,2.0,1,,2.0,2.0,2.0,2.0,1.0,1.0,2.0,0.0,0.0,0.0,0.0,0.0,0.0,0.0,0.0,0.0,0.0,0.0,0.0,0.0,0.0,0.0,0.0,0.0,0.0,0.0,0.0,0.0,0.0,0.0,0.0,0.0,0.0,0.0,2.0,2.0,9.0,#NULL!,#NULL!,#NULL!,#NULL!,#NULL!,#NULL!,1500,#NULL!,1.0,,4.0,,2.0,,3.0,,6.0,,7.0,,3.0,3.0,2.0,3.0,3.0,3.0,3.0,3.0,3.0,9.0,1.0,2.0,3.0,10.0,
2,5,4.0,14,J,1.0,,17,GYM,GYM,3,3,2,3,3,3,3,3,3,3,3,3,3,1,,,,,0,0,,,,,2.0,1,,2.0,2.0,2.0,2.0,1.0,0.0,1.0,0.0,0.0,0.0,0.0,0.0,0.0,0.0,0.0,0.0,0.0,0.0,0.0,0.0,0.0,0.0,0.0,0.0,0.0,0.0,0.0,0.0,0.0,0.0,0.0,0.0,0.0,0.0,1.0,2.0,8.0,#NULL!,#NULL!,#NULL!,#NULL!,#NULL!,#NULL!,1500,#NULL!,1.0,,3.0,,2.0,,3.0,,6.0,,7.0,,2.0,2.0,3.0,3.0,3.0,3.0,2.0,2.0,2.0,9.0,1.0,2.0,3.0,10.0,
2,5,4.0,14,J,1.0,,17,GYM,GYM,2,2,3,3,3,3,3,2,3,3,3,2,3,1,,,,,0,0,,,,,2.0,1,,2.0,2.0,2.0,2.0,1.0,0.0,1.0,0.0,0.0,0.0,0.0,0.0,0.0,0.0,0.0,0.0,0.0,0.0,0.0,0.0,0.0,0.0,0.0,0.0,0.0,0.0,0.0,0.0,0.0,0.0,0.0,0.0,0.0,0.0,2.0,2.0,8.0,#NULL!,#NULL!,#NULL!,#NULL!,#NULL!,#NULL!,1500,#NULL!,1.0,,3.0,,2.0,,3.0,,6.0,,7.0,,3.0,3.0,3.0,3.0,3.0,3.0,3.0,3.0,3.0,9.0,1.0,2.0,3.0,10.0,
2,5,4.0,14,E,2.0,,7,PAKAIAN BUNDLE,PAKAIAN BUNDLE,3,3,3,3,3,3,3,3,3,2,3,3,2,1,,,,,0,0,,,,,2.0,1,,2.0,2.0,2.0,2.0,1.0,0.0,1.0,0.0,0.0,0.0,0.0,0.0,0.0,0.0,0.0,0.0,0.0,0.0,0.0,0.0,0.0,0.0,0.0,0.0,0.0,0.0,0.0,0.0,0.0,0.0,0.0,0.0,0.0,0.0,2.0,2.0,9.0,#NULL!,#NULL!,#NULL!,#NULL!,#NULL!,#NULL!,1200,#NULL!,1.0,,3.0,,2.0,,3.0,,6.0,,7.0,,2.0,2.0,2.0,2.0,2.0,2.0,2.0,2.0,2.0,9.0,1.0,2.0,3.0,10.0,
2,5,3.0,14,E,3.0,,7,PAKAIAN BUNDLE,PAKAIAN BUNDLE,2,3,3,3,3,3,2,2,2,3,3,2,3,1,,,,,0,0,,,,,2.0,1,,2.0,2.0,2.0,1.0,5.0,2.0,7.0,0.0,0.0,0.0,0.0,0.0,0.0,0.0,0.0,0.0,0.0,0.0,0.0,0.0,0.0,0.0,0.0,0.0,0.0,0.0,0.0,0.0,0.0,0.0,0.0,0.0,0.0,0.0,2.0,2.0,9.0,#NULL!,#NULL!,#NULL!,#NULL!,#NULL!,#NULL!,1500,#NULL!,1.0,,3.0,,2.0,,2.0,,6.0,,7.0,,2.0,3.0,3.0,2.0,3.0,3.0,3.0,3.0,2.0,9.0,1.0,2.0,3.0,10.0,
2,5,3.0,14,E,3.0,,7,KEDAI KAIN,MENJUAL KAIN,2,3,2,3,3,3,2,3,2,2,2,3,2,1,,,,,0,0,,,,,2.0,1,,2.0,2.0,2.0,1.0,5.0,5.0,10.0,0.0,0.0,0.0,0.0,0.0,0.0,0.0,0.0,0.0,0.0,0.0,0.0,0.0,0.0,0.0,0.0,0.0,0.0,0.0,0.0,0.0,0.0,0.0,0.0,0.0,0.0,0.0,2.0,2.0,9.0,#NULL!,#NULL!,#NULL!,#NULL!,#NULL!,#NULL!,1800,#NULL!,1.0,,3.0,,2.0,,2.0,,6.0,,7.0,,3.0,3.0,3.0,3.0,3.0,3.0,3.0,3.0,3.0,9.0,1.0,2.0,3.0,10.0,
2,5,4.0,14,E,1.0,,7,KEDAI KAIN DAN KASUT,MENJUAL KAIN DAN KASUT,2,3,3,2,3,3,2,3,3,2,3,2,2,1,,,,,0,0,,,,,2.0,1,,2.0,2.0,2.0,2.0,1.0,2.0,3.0,0.0,0.0,0.0,0.0,0.0,0.0,0.0,0.0,0.0,0.0,0.0,0.0,0.0,0.0,0.0,0.0,0.0,0.0,0.0,0.0,0.0,0.0,0.0,0.0,0.0,0.0,0.0,2.0,2.0,9.0,#NULL!,#NULL!,#NULL!,#NULL!,#NULL!,#NULL!,1800,#NULL!,1.0,,4.0,,2.0,,2.0,,6.0,,7.0,,3.0,3.0,2.0,3.0,3.0,2.0,3.0,2.0,2.0,9.0,1.0,2.0,3.0,10.0,
2,5,4.0,14,E,2.0,,7,KEDAI EMAS,MENJUAL EMAS,2,2,2,2,2,3,2,2,2,2,2,2,2,1,,,,,0,0,,,,,2.0,1,,2.0,2.0,2.0,2.0,1.0,1.0,2.0,0.0,0.0,0.0,0.0,0.0,0.0,0.0,0.0,0.0,0.0,0.0,0.0,0.0,0.0,0.0,0.0,0.0,0.0,0.0,0.0,0.0,0.0,0.0,0.0,0.0,0.0,0.0,2.0,2.0,8.0,#NULL!,#NULL!,#NULL!,#NULL!,#NULL!,#NULL!,2000,2500,1.0,,4.0,,3.0,,3.0,,6.0,,7.0,,2.0,2.0,2.0,2.0,2.0,2.0,2.0,3.0,3.0,9.0,3.0,2.0,1.0,10.0,
2,5,4.0,14,E,1.0,,7,KEDAI KAIN DAN KEDAI JAH,MENJUAL KAIN DAN PAKAIAN,3,3,3,2,3,3,2,2,3,2,3,3,2,1,,,,,0,0,,,,,2.0,1,,2.0,2.0,2.0,2.0,0.0,2.0,2.0,0.0,0.0,0.0,0.0,0.0,0.0,0.0,0.0,0.0,0.0,0.0,0.0,0.0,0.0,0.0,0.0,0.0,0.0,0.0,0.0,0.0,0.0,0.0,0.0,0.0,0.0,0.0,2.0,2.0,9.0,#NULL!,#NULL!,#NULL!,#NULL!,#NULL!,#NULL!,1800,#NULL!,1.0,,3.0,,2.0,,3.0,,6.0,,7.0,,2.0,3.0,3.0,3.0,3.0,2.0,3.0,3.0,3.0,9.0,1.0,2.0,3.0,10.0,
2,5,3.0,14,E,1.0,,7,KEDAI KAIN,MENJUAL KAIN,3,2,3,3,2,3,2,3,2,2,2,3,3,1,,,,,0,0,,,,,2.0,1,,2.0,2.0,2.0,2.0,2.0,4.0,6.0,0.0,0.0,0.0,0.0,0.0,0.0,0.0,0.0,0.0,0.0,0.0,0.0,0.0,0.0,0.0,0.0,0.0,0.0,0.0,0.0,0.0,0.0,0.0,0.0,0.0,0.0,0.0,2.0,2.0,9.0,#NULL!,#NULL!,#NULL!,#NULL!,#NULL!,#NULL!,1800,#NULL!,1.0,,3.0,,2.0,,3.0,,6.0,,7.0,,3.0,3.0,3.0,3.0,3.0,2.0,2.0,3.0,3.0,9.0,1.0,2.0,3.0,10.0,
2,5,4.0,14,E,1.0,,7,KEDAI BASIKAL,MENJUAL BASIKAL,3,2,3,3,3,2,3,3,2,3,3,3,3,1,,,,,0,0,,,,,2.0,1,,2.0,2.0,2.0,1.0,2.0,0.0,2.0,0.0,0.0,0.0,0.0,0.0,0.0,0.0,0.0,0.0,0.0,0.0,0.0,0.0,0.0,0.0,0.0,0.0,0.0,0.0,0.0,0.0,0.0,0.0,0.0,0.0,0.0,0.0,2.0,2.0,9.0,#NULL!,#NULL!,#NULL!,#NULL!,#NULL!,#NULL!,2000,#NULL!,1.0,,3.0,,2.0,,3.0,,6.0,,7.0,,3.0,3.0,3.0,3.0,3.0,3.0,3.0,3.0,3.0,9.0,2.0,1.0,3.0,10.0,
2,5,4.0,14,E,2.0,,7,KEDAI BASIKAL,MENJUAL BASIKAL,2,3,3,3,3,3,3,3,3,3,3,3,4,1,,,,,0,0,,,,,2.0,1,,2.0,2.0,2.0,2.0,2.0,0.0,2.0,0.0,0.0,0.0,0.0,0.0,0.0,0.0,0.0,0.0,0.0,0.0,0.0,0.0,0.0,0.0,0.0,0.0,0.0,0.0,0.0,0.0,0.0,0.0,0.0,0.0,0.0,0.0,2.0,2.0,9.0,#NULL!,#NULL!,#NULL!,#NULL!,#NULL!,#NULL!,1800,#NULL!,1.0,,3.0,,2.0,,3.0,,6.0,,7.0,,3.0,3.0,4.0,3.0,4.0,3.0,3.0,3.0,3.0,9.0,1.0,2.0,3.0,10.0,
2,5,4.0,14,E,2.0,,7,KEDAI BASIKAL,MENJUAL BASIKAL,2,3,3,4,3,4,3,3,3,3,4,3,3,1,,,,,0,0,,,,,2.0,1,,2.0,2.0,2.0,2.0,1.0,1.0,2.0,0.0,0.0,0.0,0.0,0.0,0.0,0.0,0.0,0.0,0.0,0.0,0.0,0.0,0.0,0.0,0.0,0.0,0.0,0.0,0.0,0.0,0.0,0.0,0.0,0.0,0.0,0.0,2.0,2.0,8.0,#NULL!,#NULL!,#NULL!,#NULL!,#NULL!,#NULL!,1800,#NULL!,1.0,,3.0,,2.0,,3.0,,6.0,,7.0,,3.0,3.0,3.0,3.0,3.0,3.0,3.0,3.0,3.0,9.0,1.0,2.0,3.0,10.0,
2,5,4.0,18,F,1.0,,9,,MENJUAL MAKANAN DAN MINUMAN,3,2,2,2,4,3,4,3,3,3,3,3,4,1,,,,,0,0,,,,,2.0,1,,2.0,2.0,2.0,2.0,1.0,3.0,4.0,,,,,,,,,,,,,,,,,,,0.0,3.0,3.0,,,,,,,2.0,2.0,8.0,#NULL!,#NULL!,#NULL!,#NULL!,#NULL!,#NULL!,#NULL!,#NULL!,1.0,,6.0,6.0,3.0,3.0,3.0,3.0,6.0,6.0,2.0,2.0,3.0,3.0,2.0,3.0,3.0,3.0,2.0,3.0,2.0,9.0,3.0,2.0,1.0,3.0,
2,5,4.0,14,E,1.0,,17,KECANTIKAN,KECANTIKAN,3,2,2,2,3,4,4,3,3,3,3,3,4,1,,,,,0,0,,,,,2.0,1,,2.0,2.0,2.0,2.0,0.0,2.0,2.0,,,,,,,,,,,,,,,,,,,,,,,,,,,,2.0,1.0,8.0,#NULL!,#NULL!,#NULL!,#NULL!,1000,1200,#NULL!,#NULL!,1.0,,6.0,6.0,1.0,1.0,3.0,3.0,5.0,6.0,2.0,2.0,3.0,3.0,2.0,2.0,2.0,2.0,2.0,2.0,2.0,6.0,2.0,3.0,1.0,5.0,
2,5,4.0,22,F,1.0,,9,,HOMESTAY,3,2,2,2,3,3,2,3,3,3,3,3,3,1,,,,,0,0,,,,,2.0,1,,2.0,2.0,2.0,2.0,1.0,2.0,3.0,,,,,,,,,,,,,,,,1.0,0.0,1.0,0.0,1.0,1.0,,,,,,,2.0,2.0,8.0,#NULL!,#NULL!,#NULL!,#NULL!,#NULL!,#NULL!,500,800,1.0,,6.0,6.0,3.0,3.0,3.0,3.0,6.0,6.0,2.0,2.0,3.0,3.0,3.0,3.0,3.0,3.0,3.0,3.0,3.0,9.0,2.0,1.0,3.0,8.0,
2,5,4.0,7,E,1.0,,7,,BARANGAN LETRIK,3,1,1,1,3,3,2,2,3,3,3,3,3,1,,,,,0,0,,,,,2.0,1,,2.0,2.0,2.0,2.0,1.0,2.0,3.0,,,,,,,,,,,,,,,,,,,0.0,2.0,2.0,,,,,,,1.0,2.0,2.0,#NULL!,#NULL!,#NULL!,#NULL!,#NULL!,#NULL!,700,1200,1.0,,2.0,2.0,3.0,2.0,3.0,3.0,5.0,6.0,2.0,2.0,3.0,3.0,3.0,3.0,3.0,3.0,3.0,3.0,2.0,9.0,1.0,2.0,3.0,3.0,
2,5,3.0,7,E,1.0,,7,,PRODUK SEJUK BEKU,3,3,2,3,3,3,3,3,3,3,3,3,3,2,1.0,1.0,,,0,0,,,,,1.0,1,,1.0,1.0,2.0,2.0,5.0,1.0,6.0,3.0,1.0,4.0,0.0,0.0,0.0,1.0,0.0,1.0,0.0,0.0,0.0,0.0,0.0,0.0,0.0,0.0,0.0,2.0,1.0,3.0,0.0,0.0,0.0,0.0,0.0,0.0,2.0,2.0,8.0,#NULL!,#NULL!,#NULL!,#NULL!,#NULL!,#NULL!,1200,#NULL!,1.0,,6.0,6.0,3.0,3.0,3.0,3.0,1.0,6.0,6.0,6.0,2.0,2.0,3.0,3.0,3.0,2.0,2.0,2.0,3.0,6.0,3.0,2.0,1.0,6.0,
2,5,4.0,18,E,2.0,,18,,TUDUNG,3,3,2,2,2,2,2,2,4,4,4,4,4,1,,,,,0,0,,,,,2.0,1,,,2.0,2.0,2.0,2.0,1.0,3.0,,,,,,,,,,,,,,,,,,,,,,,,,,,,2.0,1.0,9.0,#NULL!,#NULL!,#NULL!,#NULL!,#NULL!,#NULL!,#NULL!,#NULL!,1.0,,6.0,6.0,3.0,3.0,3.0,3.0,6.0,6.0,7.0,7.0,2.0,2.0,2.0,2.0,2.0,2.0,2.0,2.0,2.0,6.0,2.0,3.0,1.0,10.0,
2,5,4.0,14,E,1.0,,17,PRODUK KESIHATAN,PRODUK KESIHATAN,3,2,1,1,3,3,3,2,1,3,1,1,1,1,,,,,0,0,,,,,2.0,1,,2.0,2.0,2.0,2.0,0.0,2.0,2.0,,,,0.0,1.0,1.0,0.0,1.0,1.0,,,,,,,,,,,,,,,,,,,2.0,1.0,2.0,#NULL!,#NULL!,#NULL!,#NULL!,900,1200,750,900,1.0,,2.0,2.0,1.0,1.0,1.0,1.0,6.0,6.0,7.0,7.0,2.0,2.0,2.0,1.0,2.0,1.0,1.0,1.0,1.0,3.0,1.0,2.0,3.0,10.0,
2,5,3.0,7,E,1.0,,7,,MENJUAL TUDUNG,2,2,1,1,2,2,3,2,2,3,2,3,3,1,,,,,0,0,,,,,2.0,1,,2.0,2.0,2.0,2.0,4.0,4.0,8.0,0.0,0.0,0.0,0.0,0.0,0.0,0.0,0.0,0.0,0.0,0.0,0.0,0.0,0.0,0.0,0.0,0.0,0.0,0.0,0.0,0.0,0.0,0.0,0.0,0.0,0.0,0.0,1.0,1.0,8.0,#NULL!,#NULL!,#NULL!,#NULL!,#NULL!,#NULL!,#NULL!,#NULL!,1.0,,1.0,1.0,1.0,1.0,1.0,1.0,6.0,6.0,2.0,2.0,3.0,2.0,2.0,2.0,2.0,2.0,1.0,2.0,2.0,7.0,1.0,2.0,3.0,4.0,
2,5,4.0,7,E,1.0,,7,,BUNGA,2,3,2,1,3,3,2,3,3,4,3,4,4,2,1.0,,,,0,0,,,,,2.0,3,2.0,2.0,2.0,2.0,2.0,0.0,3.0,3.0,,,,,,,,,,,,,,,,,,,0.0,2.0,2.0,,,,,,,3.0,3.0,2.0,600,1000,300,1000,300,1000,300,1000,1.0,,6.0,6.0,1.0,1.0,1.0,1.0,6.0,6.0,7.0,7.0,1.0,1.0,1.0,1.0,1.0,1.0,1.0,1.0,1.0,9.0,3.0,2.0,1.0,3.0,
2,5,3.0,12,B,1.0,,12,,PENCETAKAN,2,2,2,2,3,3,3,2,2,2,2,3,3,2,1.0,,,,0,0,,,,,1.0,1,,1.0,1.0,1.0,1.0,2.0,3.0,5.0,,,,,,,,,,,,,,,,,,,,,,,,,,,,1.0,1.0,2.0,#NULL!,#NULL!,#NULL!,#NULL!,#NULL!,#NULL!,#NULL!,#NULL!,1.0,,6.0,6.0,3.0,3.0,3.0,3.0,1.0,6.0,6.0,6.0,2.0,2.0,2.0,2.0,2.0,2.0,2.0,2.0,2.0,1.0,2.0,3.0,1.0,1.0,
2,5,4.0,14,E,1.0,,7,KEDAI HADIAH,KEDAI HADIAH,2,3,3,2,3,3,3,3,3,3,3,4,4,2,1.0,,,,0,0,,,,,2.0,1,,2.0,2.0,2.0,2.0,0.0,4.0,4.0,,,,,,,,,,,,,,,,,,,0.0,4.0,4.0,,,,,,,2.0,2.0,9.0,#NULL!,#NULL!,#NULL!,#NULL!,#NULL!,#NULL!,800,1000,1.0,,1.0,1.0,1.0,1.0,3.0,3.0,6.0,6.0,2.0,2.0,2.0,2.0,2.0,2.0,2.0,2.0,2.0,2.0,2.0,7.0,2.0,3.0,1.0,5.0,
2,5,4.0,7,E,1.0,,7,,BARANGAN ISLAMIK,2,1,1,1,2,2,1,1,3,3,3,3,4,1,,,,,0,0,,,,,2.0,1,,2.0,2.0,2.0,2.0,1.0,1.0,2.0,,,,,,,,,,,,,,,,,,,,,,,,,,,,3.0,2.0,1.0,1200,3200,#NULL!,#NULL!,#NULL!,#NULL!,#NULL!,#NULL!,1.0,,2.0,1.0,3.0,3.0,1.0,1.0,1.0,6.0,6.0,6.0,1.0,1.0,2.0,2.0,2.0,2.0,3.0,3.0,3.0,2.0,1.0,2.0,3.0,1.0,
2,5,4.0,14,E,3.0,,7,MENJUAL PAKAIAN WANITA,MENJUAL PAKAIAN WANITA,3,2,1,1,2,2,1,1,1,1,1,4,4,2,,1.0,,,0,0,,,,,2.0,3,1.0,1.0,1.0,1.0,1.0,0.0,2.0,2.0,,,,,,,,,,,,,,,,,,,,,,,,,,,,2.0,2.0,1.0,#NULL!,#NULL!,#NULL!,#NULL!,#NULL!,#NULL!,1000,1000,1.0,,2.0,,1.0,3.0,1.0,3.0,1.0,6.0,2.0,7.0,2.0,2.0,2.0,2.0,3.0,3.0,2.0,2.0,2.0,9.0,1.0,2.0,3.0,1.0,
2,5,4.0,18,E,3.0,,9,,MINUMAN SEJUK,1,3,1,3,3,3,3,3,1,4,4,4,3,2,1.0,,,,0,0,,,,,2.0,1,,2.0,2.0,2.0,2.0,0.0,1.0,1.0,,,,,,,,,,,,,,,,,,,,,,,,,,,,2.0,2.0,9.0,#NULL!,#NULL!,#NULL!,#NULL!,#NULL!,#NULL!,1000,#NULL!,1.0,,6.0,6.0,3.0,3.0,3.0,3.0,6.0,6.0,7.0,7.0,3.0,1.0,1.0,2.0,2.0,1.0,1.0,2.0,1.0,9.0,1.0,2.0,3.0,3.0,
2,5,4.0,5,A,1.0,,1,,PROJEK PENTERNAKAN KAMBING DAN,2,2,2,3,3,2,2,2,3,4,2,4,4,1,,,,,0,0,,,,,2.0,1,,1.0,2.0,2.0,2.0,2.0,0.0,2.0,,,,,,,,,,,,,,,,,,,,,,,,,,,,2.0,2.0,2.0,#NULL!,#NULL!,#NULL!,#NULL!,#NULL!,#NULL!,700,#NULL!,1.0,,1.0,1.0,2.0,2.0,3.0,3.0,6.0,6.0,2.0,2.0,2.0,2.0,2.0,2.0,2.0,2.0,2.0,2.0,2.0,9.0,2.0,3.0,1.0,5.0,
2,5,3.0,7,E,2.0,,7,,PEMBEKAL BARANG RUNCIT,2,2,2,2,3,3,3,3,3,4,3,4,4,1,,,,,0,0,,,,,2.0,1,,1.0,2.0,2.0,2.0,4.0,2.0,6.0,,,,0.0,1.0,1.0,,,,,,,,,,,,,3.0,0.0,3.0,,,,,,,1.0,2.0,1.0,#NULL!,#NULL!,#NULL!,#NULL!,#NULL!,#NULL!,1000,#NULL!,1.0,,6.0,6.0,3.0,3.0,3.0,3.0,6.0,6.0,7.0,7.0,1.0,1.0,1.0,1.0,1.0,1.0,1.0,1.0,1.0,7.0,3.0,1.0,2.0,6.0,
2,5,4.0,14,E,1.0,,7,MENJUAL PAKAIAN WANITA,MENJUAL PAKAIAN WANITA,4,2,2,3,2,3,2,2,4,3,4,4,2,1,,,,,0,0,,,,,2.0,1,,2.0,2.0,2.0,2.0,0.0,1.0,1.0,,,,,,,,,,,,,,,,,,,,,,,,,,,,3.0,2.0,9.0,#NULL!,#NULL!,#NULL!,#NULL!,#NULL!,#NULL!,#NULL!,#NULL!,,TIDAK MESRA PELANGGAN,6.0,6.0,3.0,3.0,3.0,3.0,6.0,6.0,6.0,6.0,3.0,2.0,2.0,2.0,2.0,2.0,2.0,2.0,2.0,2.0,3.0,1.0,2.0,3.0,
2,5,3.0,7,E,1.0,,7,,JAMU DAN KOSMETIK,3,3,3,1,4,4,4,4,4,4,4,4,4,1,,,,,0,0,,,,,2.0,1,,2.0,2.0,2.0,2.0,2.0,2.0,4.0,,,,,,,,,,,,,,,,,,,,,,,,,,,,2.0,1.0,1.0,#NULL!,#NULL!,#NULL!,#NULL!,#NULL!,#NULL!,#NULL!,#NULL!,1.0,,2.0,2.0,1.0,1.0,1.0,1.0,6.0,6.0,6.0,7.0,2.0,2.0,2.0,2.0,2.0,2.0,2.0,2.0,2.0,7.0,1.0,2.0,3.0,6.0,
2,5,4.0,14,B,1.0,,7,PERCETAKKAN,PERCETAKKAN,2,1,2,2,3,3,2,3,3,3,3,3,2,1,,,,,0,0,,,,,2.0,1,,2.0,2.0,2.0,2.0,1.0,3.0,4.0,,,,1.0,0.0,1.0,0.0,3.0,3.0,1.0,1.0,2.0,0.0,0.0,0.0,0.0,2.0,2.0,,,,,,,,,,2.0,1.0,1.0,1200,#NULL!,#NULL!,#NULL!,#NULL!,#NULL!,700,#NULL!,1.0,,6.0,6.0,3.0,3.0,3.0,3.0,1.0,6.0,1.0,1.0,3.0,2.0,2.0,2.0,2.0,1.0,1.0,2.0,2.0,7.0,1.0,2.0,3.0,6.0,
2,5,3.0,12,J,1.0,,12,,KHIDMAT KECANTIKAN,3,3,3,2,3,2,3,2,3,3,3,3,3,2,1.0,,,,0,0,1.0,,4.0,4.0,1.0,2,2.0,1.0,1.0,1.0,1.0,2.0,6.0,8.0,,,,,,,,,,,,,,,,,,,,,,,,,,,,2.0,1.0,1.0,#NULL!,#NULL!,#NULL!,#NULL!,900,1100,900,900,1.0,,1.0,,1.0,3.0,1.0,3.0,6.0,6.0,1.0,7.0,2.0,1.0,1.0,1.0,1.0,1.0,1.0,1.0,1.0,2.0,1.0,2.0,3.0,1.0,
2,5,4.0,14,B,1.0,,7,PERNIAGAAN CERMIN MATA,PERNIAGAAN CERMIN MATA,3,2,2,2,3,3,4,3,3,3,3,3,4,1,,,,,0,0,,,,,2.0,1,,2.0,2.0,2.0,2.0,1.0,2.0,3.0,,,,,,,,,,,,,,,,,,,0.0,2.0,2.0,,,,,,,2.0,2.0,2.0,#NULL!,#NULL!,#NULL!,#NULL!,#NULL!,#NULL!,1000,1200,1.0,,6.0,6.0,3.0,3.0,3.0,3.0,1.0,6.0,1.0,2.0,3.0,3.0,3.0,2.0,3.0,3.0,3.0,3.0,2.0,7.0,2.0,3.0,1.0,3.0,
2,5,4.0,7,E,1.0,,7,,PAKAIAN MUSLIMAH,3,1,1,3,3,3,3,3,3,3,3,3,4,1,,,,,0,0,,,,,2.0,1,,2.0,2.0,2.0,2.0,1.0,1.0,2.0,,,,,,,,,,,,,,,,,,,,,,,,,,,,2.0,2.0,1.0,#NULL!,#NULL!,#NULL!,#NULL!,900,1200,#NULL!,#NULL!,1.0,,2.0,2.0,3.0,2.0,3.0,1.0,1.0,6.0,7.0,1.0,3.0,3.0,2.0,3.0,2.0,2.0,2.0,1.0,2.0,9.0,1.0,3.0,2.0,6.0,
2,5,4.0,18,F,1.0,,9,,MAKANAN DAN MINUMAN,3,2,2,2,3,4,4,2,3,3,3,3,3,1,,,,,0,0,,,,,2.0,1,,2.0,2.0,2.0,2.0,1.0,2.0,3.0,,,,,,,,,,,,,,,,,,,0.0,1.0,1.0,,,,,,,2.0,2.0,8.0,#NULL!,#NULL!,#NULL!,#NULL!,#NULL!,#NULL!,800,1000,1.0,,2.0,1.0,3.0,3.0,3.0,3.0,6.0,6.0,2.0,2.0,3.0,3.0,3.0,3.0,3.0,3.0,3.0,3.0,3.0,9.0,1.0,3.0,2.0,2.0,
2,5,3.0,17,E,1.0,,17,,UBAT UBATAN,1,2,2,2,2,4,3,1,1,1,2,2,2,2,1.0,,,,0,0,,,,,2.0,1,,1.0,2.0,2.0,2.0,0.0,5.0,5.0,,,,,,,,,,,,,0.0,3.0,3.0,0.0,0.0,0.0,0.0,2.0,2.0,,,,,,,2.0,2.0,8.0,1000,1500,#NULL!,#NULL!,#NULL!,#NULL!,900,1400,1.0,,1.0,1.0,1.0,1.0,1.0,1.0,1.0,1.0,1.0,1.0,2.0,2.0,2.0,2.0,2.0,2.0,2.0,2.0,2.0,2.0,1.0,3.0,2.0,5.0,
2,5,3.0,11,E,3.0,,11,,,2,2,2,3,3,3,2,2,3,2,2,3,2,2,1.0,,,,0,0,,,,,2.0,1,,1.0,1.0,2.0,2.0,3.0,3.0,6.0,18.0,,,6.0,0.0,6.0,1.0,3.0,4.0,3.0,0.0,3.0,2.0,0.0,2.0,3.0,3.0,6.0,3.0,,,,,,,,,2.0,1.0,2.0,1000,1400,1000,1500,900,1200,900,1200,1.0,,2.0,2.0,3.0,3.0,3.0,3.0,1.0,5.0,1.0,1.0,2.0,2.0,2.0,3.0,1.0,2.0,1.0,1.0,1.0,5.0,1.0,2.0,3.0,10.0,
2,5,4.0,14,E,1.0,,7,PERNIAGAAN PAKAIAN,PERNIAGAAN PAKAIAN,3,2,2,2,3,3,3,3,3,3,3,3,4,1,,,,,0,0,,,,,2.0,1,,2.0,2.0,2.0,2.0,0.0,3.0,3.0,,,,,,,,,,,,,,,,,,,0.0,3.0,3.0,,,,,,,1.0,1.0,9.0,#NULL!,#NULL!,#NULL!,#NULL!,#NULL!,#NULL!,700,1000,1.0,,2.0,1.0,1.0,1.0,3.0,3.0,6.0,6.0,2.0,2.0,3.0,3.0,2.0,3.0,3.0,3.0,3.0,3.0,2.0,9.0,1.0,2.0,3.0,8.0,
2,5,4.0,14,E,1.0,,7,PERNIAGAAN BUKU,PERNIAGAAN BUKU,3,2,2,2,3,3,3,3,3,3,3,3,4,1,,,,,0,0,,,,,2.0,1,,2.0,2.0,2.0,2.0,0.0,2.0,2.0,,,,,,,,,,,,,,,,,,,0.0,2.0,2.0,,,,,,,2.0,2.0,2.0,#NULL!,#NULL!,#NULL!,#NULL!,#NULL!,#NULL!,800,1000,1.0,,6.0,6.0,3.0,3.0,3.0,3.0,6.0,6.0,2.0,2.0,3.0,3.0,3.0,3.0,3.0,3.0,3.0,3.0,3.0,9.0,1.0,2.0,3.0,3.0,
2,5,4.0,10,E,1.0,,10,,MENJUAL BARANG KOMPUTER,3,2,2,3,3,3,3,3,3,3,3,3,3,2,1.0,,,,0,0,,,,,2.0,1,,1.0,2.0,2.0,2.0,2.0,0.0,2.0,,,,,,,,,,,,,,,,1.0,0.0,1.0,,,,,,,,,,3.0,1.0,2.0,#NULL!,#NULL!,#NULL!,#NULL!,800,1000,#NULL!,#NULL!,1.0,,6.0,6.0,3.0,3.0,3.0,3.0,5.0,6.0,2.0,2.0,3.0,3.0,3.0,3.0,3.0,3.0,3.0,3.0,2.0,9.0,2.0,1.0,3.0,3.0,
2,5,3.0,14,J,1.0,,18,BUTIK PENGANTIN,BUTIK PENGANTIN,3,2,1,1,2,3,3,3,3,3,3,3,4,1,,,,,0,0,,,,,2.0,1,,2.0,2.0,2.0,2.0,2.0,4.0,6.0,,,,,,,,,,,,,,,,,,,,,,,,,,,,3.0,1.0,8.0,#NULL!,#NULL!,#NULL!,#NULL!,900,1200,#NULL!,#NULL!,1.0,,6.0,6.0,1.0,2.0,3.0,3.0,5.0,6.0,2.0,2.0,3.0,3.0,2.0,2.0,3.0,2.0,3.0,2.0,2.0,6.0,1.0,3.0,2.0,5.0,
2,5,4.0,14,E,1.0,,17,SUKAN,PERALATAN SUKAN,2,2,2,2,3,3,3,3,3,4,4,3,4,1,,,,,0,0,,,,,2.0,1,,2.0,2.0,2.0,2.0,2.0,2.0,4.0,,,,,,,,,,,,,,,,,,,2.0,2.0,4.0,,,,,,,1.0,1.0,9.0,#NULL!,#NULL!,#NULL!,#NULL!,#NULL!,#NULL!,1000,1500,1.0,,6.0,6.0,3.0,3.0,3.0,3.0,6.0,6.0,7.0,7.0,3.0,3.0,3.0,3.0,3.0,3.0,3.0,3.0,3.0,9.0,1.0,2.0,3.0,6.0,
2,5,4.0,14,B,1.0,,7,JAHITAN BAJU,JAHITAN,3,2,2,2,2,2,2,3,4,4,4,4,4,1,,,,,0,0,,,,,2.0,1,,2.0,2.0,2.0,2.0,2.0,0.0,2.0,,,,,,,,,,,,,,,,,,,2.0,0.0,2.0,,,,,,,1.0,1.0,9.0,#NULL!,#NULL!,#NULL!,#NULL!,#NULL!,#NULL!,1000,#NULL!,1.0,,6.0,6.0,2.0,2.0,3.0,3.0,6.0,6.0,7.0,7.0,2.0,2.0,2.0,2.0,2.0,2.0,2.0,2.0,2.0,9.0,2.0,3.0,1.0,6.0,
2,5,4.0,18,B,1.0,,9,,ROTI,3,2,2,2,3,4,4,3,4,4,4,4,4,1,,,,,0,0,,,,,2.0,1,,2.0,2.0,2.0,2.0,2.0,0.0,2.0,,,,0.0,1.0,1.0,0.0,0.0,0.0,1.0,5.0,6.0,,,,,,,,,,,,,,,,1.0,1.0,8.0,#NULL!,#NULL!,#NULL!,#NULL!,#NULL!,#NULL!,750,1000,1.0,,6.0,6.0,3.0,3.0,3.0,3.0,6.0,6.0,7.0,7.0,3.0,3.0,3.0,3.0,3.0,3.0,3.0,3.0,3.0,9.0,3.0,2.0,1.0,3.0,
2,5,3.0,14,E,2.0,,7,KEDAI BUNGA,MENJUAL BUNGA,3,3,2,2,3,3,3,3,3,3,3,3,3,1,,,,,0,0,,,,,2.0,1,,2.0,2.0,2.0,2.0,0.0,0.0,0.0,,,,,,,,,,0.0,3.0,3.0,,,,,,,,,,,,,0.0,1.0,1.0,1.0,1.0,9.0,#NULL!,#NULL!,#NULL!,#NULL!,#NULL!,#NULL!,900,#NULL!,1.0,,2.0,2.0,1.0,1.0,3.0,3.0,6.0,6.0,1.0,1.0,3.0,3.0,3.0,3.0,3.0,3.0,3.0,2.0,3.0,9.0,3.0,2.0,1.0,1.0,
2,5,4.0,14,E,1.0,,7,KASUT,KASUT,3,2,2,2,3,3,3,3,3,3,3,3,3,1,,,,,0,0,,,,,2.0,1,,2.0,2.0,2.0,2.0,1.0,3.0,4.0,,,,,,,,,,,,,,,,,,,1.0,3.0,4.0,,,,,,,2.0,1.0,9.0,#NULL!,#NULL!,#NULL!,#NULL!,#NULL!,#NULL!,550,#NULL!,1.0,,6.0,6.0,3.0,3.0,3.0,3.0,6.0,6.0,7.0,7.0,3.0,3.0,3.0,3.0,3.0,3.0,3.0,3.0,3.0,9.0,3.0,1.0,2.0,1.0,
2,5,3.0,5,E,2.0,,5,,,3,2,2,2,2,2,2,3,4,4,4,3,4,1,,,,,0,0,,,,,2.0,1,,2.0,2.0,2.0,2.0,5.0,4.0,9.0,,,,,,,5.0,0.0,5.0,,,,,,,,,,0.0,4.0,4.0,,,,,,,1.0,1.0,8.0,#NULL!,#NULL!,#NULL!,#NULL!,1600,2500,700,1200,1.0,,6.0,6.0,3.0,3.0,3.0,3.0,5.0,6.0,7.0,7.0,3.0,3.0,3.0,3.0,3.0,3.0,3.0,3.0,3.0,9.0,1.0,2.0,3.0,3.0,
2,5,3.0,10,B,2.0,,10,,,3,3,2,2,3,3,3,3,3,3,3,3,3,1,,,,,0,0,,,,,2.0,1,,2.0,2.0,2.0,2.0,3.0,2.0,5.0,,,,,,,,,,,,,,,,,,,3.0,2.0,5.0,,,,,,,1.0,1.0,9.0,#NULL!,#NULL!,#NULL!,#NULL!,#NULL!,#NULL!,800,1500,1.0,,6.0,6.0,3.0,3.0,3.0,3.0,6.0,6.0,7.0,7.0,3.0,3.0,3.0,3.0,3.0,3.0,3.0,3.0,3.0,9.0,1.0,3.0,2.0,1.0,
2,5,4.0,7,E,1.0,,7,,MENJUAL ALAT TULIS DAN BUKU,3,2,2,3,3,3,2,2,2,2,2,3,2,1,,,,,0,0,,,,,2.0,1,,2.0,2.0,2.0,2.0,1.0,2.0,3.0,0.0,1.0,1.0,0.0,0.0,0.0,0.0,0.0,0.0,0.0,0.0,0.0,0.0,0.0,0.0,0.0,0.0,0.0,0.0,1.0,1.0,0.0,0.0,0.0,0.0,0.0,0.0,1.0,1.0,9.0,1200,1800,#NULL!,#NULL!,#NULL!,#NULL!,900,1200,1.0,,1.0,2.0,1.0,1.0,1.0,3.0,6.0,1.0,2.0,2.0,2.0,2.0,2.0,2.0,2.0,3.0,3.0,2.0,2.0,3.0,1.0,2.0,3.0,1.0,
2,5,4.0,19,E,2.0,,7,KEDAI EMAS,MENJUAL EMAS,3,2,2,3,2,3,2,2,2,2,2,3,2,1,,,,,0,0,,,,,2.0,1,,1.0,2.0,2.0,2.0,1.0,3.0,4.0,,1.0,,0.0,0.0,0.0,,0.0,,0.0,0.0,0.0,0.0,0.0,0.0,0.0,0.0,0.0,0.0,1.0,1.0,0.0,0.0,0.0,0.0,0.0,0.0,1.0,1.0,9.0,1200,1800,#NULL!,#NULL!,#NULL!,#NULL!,900,1200,1.0,,1.0,2.0,1.0,1.0,1.0,2.0,6.0,1.0,2.0,2.0,2.0,2.0,2.0,2.0,2.0,2.0,2.0,2.0,2.0,2.0,2.0,1.0,3.0,1.0,
2,5,4.0,17,E,1.0,,17,,UBAT-UBATAN (PHARMACY),3,2,2,2,3,3,2,3,3,3,3,3,3,1,,,,,0,0,,,,,2.0,1,,1.0,2.0,2.0,2.0,,3.0,,,,,,1.0,,,,,,,,,,,,,,,1.0,,,,,,,,1.0,2.0,2.0,#NULL!,#NULL!,#NULL!,#NULL!,#NULL!,#NULL!,900,1200,1.0,,6.0,6.0,3.0,3.0,3.0,3.0,5.0,6.0,2.0,2.0,2.0,2.0,2.0,2.0,2.0,2.0,2.0,2.0,2.0,9.0,1.0,2.0,3.0,5.0,
2,5,4.0,19,E,1.0,,7,KEDAI KASUT,"MENJUAL KASUT, BEG TANGAN DLL",3,2,2,4,4,4,3,3,3,3,3,3,3,1,,,,,0,0,,,,,2.0,1,,2.0,2.0,2.0,2.0,,2.0,,,,,,,,,,,,,,,,,,,,,,,,,,,,,2.0,2.0,2.0,#NULL!,#NULL!,#NULL!,#NULL!,#NULL!,#NULL!,700,900,1.0,,6.0,6.0,3.0,3.0,3.0,3.0,6.0,6.0,2.0,2.0,3.0,3.0,3.0,3.0,3.0,3.0,3.0,3.0,3.0,7.0,1.0,2.0,3.0,3.0,
2,5,4.0,19,E,1.0,,7,PERABOT,"KABINET DAPUR, PERABUT DAN DEC",3,2,2,3,3,3,3,3,3,3,3,3,3,2,1.0,,,,0,0,,,,,2.0,1,,2.0,2.0,2.0,2.0,1.0,2.0,3.0,,,,,,,,,,,,,,,,,,,,1.0,,,,,,,,1.0,2.0,2.0,#NULL!,#NULL!,#NULL!,#NULL!,#NULL!,#NULL!,800,1200,1.0,,6.0,6.0,3.0,3.0,3.0,3.0,5.0,6.0,2.0,2.0,2.0,2.0,2.0,2.0,2.0,3.0,3.0,2.0,2.0,8.0,3.0,2.0,1.0,3.0,
2,5,4.0,18,J,1.0,,18,,PUSAT KECANTIKAN,3,2,2,3,3,3,3,3,3,3,3,3,4,2,1.0,,,,0,0,,,,,2.0,1,,1.0,2.0,2.0,2.0,,3.0,,,,,,,,,,,,,,,,,,2.0,,,,,,,,,,,2.0,2.0,2.0,#NULL!,#NULL!,#NULL!,#NULL!,1000,1300,#NULL!,#NULL!,1.0,,6.0,6.0,3.0,3.0,3.0,3.0,5.0,5.0,2.0,2.0,2.0,2.0,2.0,2.0,2.0,2.0,2.0,2.0,2.0,7.0,1.0,2.0,3.0,1.0,
2,5,4.0,19,B,1.0,,7,PERCETAKAN,PRINTING,3,2,2,3,3,3,3,3,3,3,3,3,3,1,,,,,0,0,,,,,2.0,1,,2.0,2.0,2.0,2.0,,2.0,,,,,,,,,,,,,,,,,,,,,2.0,,,,,,,,2.0,2.0,9.0,#NULL!,#NULL!,#NULL!,#NULL!,#NULL!,#NULL!,800,1000,1.0,,6.0,6.0,3.0,3.0,3.0,3.0,6.0,6.0,2.0,2.0,2.0,2.0,2.0,2.0,2.0,2.0,2.0,2.0,2.0,9.0,1.0,2.0,3.0,5.0,
2,5,3.0,7,E,1.0,,7,,MENJUAL BARANGAN BABY,3,3,3,3,3,3,3,3,4,4,4,4,4,1,,,,,0,0,,,,,2.0,1,,2.0,2.0,2.0,2.0,3.0,3.0,6.0,,,,,,,,,,,,,,,,2.0,,,,2.0,,,,,,,,1.0,3.0,1.0,#NULL!,#NULL!,#NULL!,#NULL!,#NULL!,#NULL!,1200,#NULL!,1.0,,6.0,6.0,3.0,2.0,3.0,3.0,6.0,6.0,6.0,6.0,3.0,3.0,3.0,3.0,3.0,3.0,3.0,3.0,3.0,9.0,2.0,3.0,1.0,1.0,
2,5,4.0,16,E,1.0,,16,,MENJUAL BUKU,3,3,3,3,3,3,3,3,3,3,3,3,3,1,,,,,0,0,,,,,2.0,1,,1.0,2.0,2.0,2.0,1.0,2.0,3.0,,,,,,,,,,,,,,,,,,,1.0,1.0,2.0,,,,,,,3.0,2.0,1.0,#NULL!,#NULL!,#NULL!,#NULL!,#NULL!,#NULL!,1000,#NULL!,1.0,,6.0,6.0,3.0,3.0,3.0,3.0,6.0,6.0,7.0,7.0,2.0,2.0,2.0,2.0,2.0,2.0,2.0,2.0,2.0,9.0,2.0,1.0,3.0,5.0,
2,5,4.0,7,E,2.0,,7,,MENJUAL LAMPU,3,3,3,3,3,3,3,3,3,3,3,3,3,1,,,,,0,0,,,,,2.0,1,,2.0,2.0,2.0,2.0,3.0,1.0,4.0,,,,,,,,,,,,,,,,,,,1.0,1.0,2.0,,,,,,,2.0,2.0,2.0,#NULL!,#NULL!,#NULL!,#NULL!,#NULL!,#NULL!,900,#NULL!,1.0,,6.0,6.0,3.0,3.0,3.0,3.0,6.0,6.0,6.0,6.0,3.0,3.0,3.0,3.0,3.0,3.0,3.0,3.0,3.0,6.0,1.0,2.0,3.0,9.0,
2,5,4.0,19,J,1.0,,17,KECANTIKAN,"SALON KECANTIKAN, SPA",3,3,3,3,3,3,3,3,3,3,3,3,3,2,1.0,,,,0,0,,,,,2.0,1,,2.0,2.0,2.0,2.0,,3.0,,,,,,,,,,,,,,,,,,,,,2.0,,,,,,,,2.0,2.0,2.0,#NULL!,#NULL!,#NULL!,#NULL!,#NULL!,#NULL!,1200,#NULL!,1.0,,2.0,2.0,1.0,1.0,3.0,3.0,6.0,6.0,6.0,6.0,2.0,2.0,2.0,2.0,2.0,2.0,2.0,2.0,2.0,9.0,2.0,3.0,1.0,8.0,
2,5,4.0,19,B,1.0,,7,PERCETAKAN,"PERCETAKAN BANNER, BANTING",3,3,3,3,3,3,3,3,3,3,3,3,3,2,1.0,,,,0,0,,,,,2.0,1,,1.0,2.0,2.0,2.0,4.0,,,,,,,,,,,,,,,,,,2.0,,,,,,,,,,,,1.0,1.0,1.0,#NULL!,#NULL!,#NULL!,#NULL!,1500,#NULL!,#NULL!,#NULL!,1.0,,6.0,6.0,2.0,2.0,3.0,3.0,5.0,5.0,7.0,7.0,2.0,2.0,2.0,2.0,2.0,3.0,3.0,3.0,3.0,8.0,2.0,1.0,3.0,4.0,
2,5,3.0,18,B,1.0,,18,,PAKEJ PERKAHWINAN,3,3,3,3,2,2,3,3,4,4,4,4,4,2,1.0,,,,0,0,,,,,2.0,1,,1.0,2.0,2.0,2.0,2.0,3.0,5.0,,,,,,,,,,,,,,,,,,,,,,,,,,,,2.0,2.0,2.0,#NULL!,#NULL!,#NULL!,#NULL!,#NULL!,#NULL!,1200,#NULL!,1.0,,6.0,6.0,3.0,3.0,3.0,3.0,6.0,6.0,2.0,2.0,1.0,1.0,1.0,1.0,1.0,1.0,1.0,1.0,1.0,8.0,2.0,3.0,1.0,7.0,
2,5,4.0,11,B,1.0,,11,,KEDAI PERCETAKAN,3,3,3,2,2,2,2,2,3,3,3,4,4,2,1.0,1.0,,,0,0,,,,,1.0,1,,1.0,2.0,2.0,2.0,2.0,1.0,3.0,,,,,,,1.0,,,,,,,,,,,,,1.0,,,,,,,,1.0,2.0,1.0,#NULL!,#NULL!,#NULL!,#NULL!,1000,#NULL!,900,#NULL!,1.0,,2.0,2.0,3.0,3.0,3.0,3.0,5.0,6.0,2.0,2.0,3.0,3.0,3.0,3.0,3.0,3.0,3.0,3.0,3.0,5.0,3.0,1.0,2.0,5.0,
2,5,4.0,16,E,2.0,,16,,MENJUAL BUKU,3,3,3,3,3,3,3,3,3,3,3,3,3,1,,,,,0,0,,,,,2.0,1,,2.0,2.0,2.0,2.0,1.0,3.0,4.0,,,,,,,,1.0,,,,,,,,2.0,,,,1.0,,,,,,,,1.0,3.0,2.0,#NULL!,#NULL!,1000,#NULL!,1000,#NULL!,1000,#NULL!,1.0,,6.0,6.0,3.0,3.0,3.0,3.0,5.0,6.0,7.0,7.0,2.0,2.0,2.0,2.0,2.0,2.0,2.0,2.0,2.0,7.0,2.0,3.0,1.0,10.0,
2,5,4.0,7,E,1.0,,7,,MENJUAL BARANGAN BAYI DAN IBU,3,3,2,3,3,3,3,3,4,3,4,4,4,1,,,,,0,0,,,,,2.0,1,,2.0,2.0,2.0,2.0,,2.0,,,,,,,,,,,,1.0,,,,,,,,,,,,,,,,,2.0,2.0,2.0,#NULL!,#NULL!,#NULL!,#NULL!,#NULL!,#NULL!,900,#NULL!,1.0,,1.0,1.0,1.0,1.0,3.0,3.0,5.0,6.0,6.0,6.0,2.0,2.0,2.0,2.0,2.0,2.0,2.0,2.0,2.0,3.0,1.0,2.0,3.0,3.0,
2,5,4.0,19,J,2.0,,17,SALUN RAMBUT,"PERKHIDMATAN CUCI, REBONDING",3,3,2,2,3,3,2,2,4,4,3,4,4,1,,,,,0,0,,,,,2.0,1,,2.0,2.0,2.0,2.0,,2.0,,,,,,,,,,,,,,,,,,,,,2.0,,,,,,,,2.0,2.0,2.0,#NULL!,#NULL!,#NULL!,#NULL!,#NULL!,#NULL!,1200,#NULL!,1.0,,1.0,1.0,1.0,1.0,1.0,1.0,6.0,6.0,2.0,2.0,3.0,3.0,3.0,3.0,3.0,3.0,3.0,3.0,3.0,9.0,3.0,1.0,2.0,1.0,
2,5,4.0,19,F,2.0,,9,PENJUAL BAHAN KEK & BAKE,"KEK, ROTI DAN SEBAGAINYA",3,3,2,2,3,3,3,2,3,3,4,4,4,1,,,,,0,0,,,,,2.0,1,,2.0,2.0,2.0,2.0,,3.0,,,,,,,,,,,,,,,,,,,,,1.0,,,,,,,,1.0,2.0,1.0,#NULL!,#NULL!,#NULL!,#NULL!,#NULL!,#NULL!,800,1000,1.0,,,1.0,,3.0,,3.0,,6.0,,7.0,2.0,2.0,2.0,2.0,2.0,2.0,2.0,2.0,2.0,6.0,1.0,3.0,2.0,6.0,
2,5,4.0,18,F,1.0,,9,,MAKANAN MAHANI DAN JOHARI,3,2,2,3,3,3,3,3,3,3,3,3,4,1,,,,,0,0,,,,,2.0,1,,2.0,2.0,2.0,2.0,2.0,2.0,4.0,,,,,,,,,,,,,,,,,,,,1.0,,,,,,,,2.0,1.0,8.0,#NULL!,#NULL!,#NULL!,#NULL!,#NULL!,#NULL!,700,900,1.0,,6.0,6.0,3.0,3.0,3.0,3.0,6.0,6.0,2.0,2.0,3.0,3.0,2.0,2.0,2.0,2.0,2.0,3.0,2.0,9.0,1.0,2.0,3.0,5.0,
2,5,4.0,19,E,1.0,,17,KEDAI KASUT KESIHATAN,KEDAI KASUT KESIHATAN,3,2,2,3,3,3,3,3,3,3,3,3,3,1,,,,,0,0,,,,,2.0,1,,2.0,2.0,2.0,2.0,,3.0,,,,,,,,,,,,,,,,,,1.0,,,,,,,,,,,2.0,2.0,2.0,#NULL!,#NULL!,#NULL!,#NULL!,#NULL!,#NULL!,800,900,1.0,,6.0,6.0,3.0,3.0,3.0,3.0,6.0,6.0,2.0,2.0,2.0,2.0,2.0,2.0,2.0,2.0,2.0,2.0,2.0,7.0,1.0,2.0,3.0,3.0,
2,5,4.0,7,E,2.0,,7,,"TUDUNG BAWAL, KOPIAH, BAWAL",3,2,2,4,4,4,4,3,3,3,3,3,4,1,,,,,0,0,,,,,2.0,1,,2.0,2.0,2.0,2.0,1.0,1.0,2.0,,,,,,,,,,,,,,,,,,,,1.0,,,,,,,,1.0,2.0,8.0,#NULL!,#NULL!,#NULL!,#NULL!,#NULL!,#NULL!,700,900,1.0,,6.0,6.0,3.0,3.0,3.0,3.0,6.0,6.0,2.0,2.0,3.0,3.0,3.0,3.0,3.0,3.0,3.0,3.0,3.0,9.0,1.0,2.0,3.0,8.0,
2,5,4.0,18,F,2.0,,9,,MAKANAN DAN MINUMAN,1,2,2,3,4,3,3,3,3,3,3,3,3,1,,,,,0,0,,,,,2.0,1,,2.0,2.0,2.0,2.0,3.0,,,,,,,,,,,,,,,,,,,,,,,,,,,,,,2.0,1.0,8.0,#NULL!,#NULL!,#NULL!,#NULL!,#NULL!,#NULL!,900,1000,1.0,,6.0,6.0,3.0,3.0,3.0,3.0,6.0,6.0,2.0,2.0,3.0,3.0,3.0,3.0,3.0,3.0,3.0,3.0,3.0,9.0,1.0,2.0,3.0,3.0,
2,5,3.0,18,H,1.0,,18,,BUTIK PENGANTIN,3,2,2,2,3,3,3,3,3,3,3,3,4,1,,,,,0,0,,,,,2.0,1,,1.0,2.0,2.0,2.0,2.0,3.0,5.0,,,,,,,,,,,,,,,,1.0,1.0,2.0,,,,,,,,,,1.0,2.0,9.0,#NULL!,#NULL!,#NULL!,#NULL!,900,1200,#NULL!,#NULL!,1.0,,6.0,6.0,3.0,3.0,3.0,3.0,5.0,6.0,1.0,2.0,2.0,2.0,2.0,2.0,2.0,2.0,2.0,2.0,2.0,7.0,2.0,3.0,1.0,3.0,
2,5,4.0,19,B,1.0,,7,KEDAI JAHIT,MENJAHIT PAKAIAN,3,3,3,3,3,3,3,3,3,3,3,3,3,1,,,,,0,0,,,,,2.0,1,,2.0,1.0,1.0,2.0,0.0,1.0,1.0,0.0,0.0,0.0,0.0,0.0,0.0,0.0,0.0,0.0,0.0,0.0,0.0,0.0,0.0,0.0,0.0,0.0,0.0,0.0,0.0,0.0,0.0,0.0,0.0,0.0,0.0,0.0,2.0,2.0,8.0,#NULL!,#NULL!,#NULL!,#NULL!,#NULL!,#NULL!,1500,#NULL!,1.0,,4.0,,1.0,,2.0,,5.0,,2.0,,2.0,2.0,3.0,3.0,3.0,3.0,3.0,3.0,3.0,9.0,1.0,3.0,2.0,10.0,
2,5,4.0,19,E,1.0,,7,PAKAIAN,TELEKUNG,4,4,2,2,2,3,1,1,2,2,2,3,1,1,,,,,0,0,,,,,2.0,1,,2.0,2.0,1.0,1.0,1.0,1.0,2.0,,,,1.0,,,,,,,,,,1.0,,,,,,,,,,,,,,2.0,1.0,9.0,1200,1500,#NULL!,#NULL!,#NULL!,#NULL!,600,900,1.0,,3.0,2.0,1.0,1.0,1.0,1.0,6.0,6.0,2.0,2.0,3.0,3.0,3.0,3.0,3.0,3.0,3.0,3.0,3.0,2.0,2.0,1.0,3.0,5.0,
2,5,3.0,16,I,1.0,,16,,PUSAT ASUHAN DAN TADIKA,3,3,2,2,2,3,2,3,2,2,2,3,3,1,,,,,0,0,,,,,1.0,1,,1.0,2.0,2.0,2.0,1.0,14.0,15.0,,,,,,,,,,,,,,,,,,,,7.0,,,,,,,,1.0,1.0,8.0,1200,1500,#NULL!,#NULL!,#NULL!,#NULL!,700,1200,1.0,,2.0,1.0,1.0,1.0,1.0,1.0,1.0,6.0,7.0,7.0,2.0,2.0,2.0,2.0,2.0,2.0,2.0,2.0,2.0,3.0,1.0,2.0,3.0,1.0,
2,5,3.0,16,I,1.0,,16,,PUSAT ASUHAN DAN TADIKA,3,3,3,2,2,3,2,2,2,2,2,3,3,1,,,,,0,0,,,,,1.0,1,,1.0,2.0,2.0,2.0,1.0,12.0,13.0,,,,,,,,,,,,,,3.0,,,,,,6.0,,,,,,,,1.0,1.0,9.0,1200,1500,#NULL!,#NULL!,#NULL!,#NULL!,900,1200,1.0,,2.0,1.0,1.0,1.0,2.0,1.0,1.0,6.0,7.0,7.0,2.0,2.0,2.0,2.0,2.0,2.0,2.0,3.0,2.0,3.0,1.0,2.0,3.0,1.0,
2,5,4.0,19,H,1.0,,18,BUTIK,BUTIK PENGANTIN,3,3,2,2,3,3,2,3,3,3,3,3,3,1,,,,,0,0,,,,,2.0,1,,2.0,2.0,2.0,2.0,1.0,3.0,4.0,,,,,,,,,,,,,,,,,,,,,,,,,,,,1.0,1.0,8.0,1200,1500,#NULL!,#NULL!,#NULL!,#NULL!,500,900,1.0,,3.0,2.0,1.0,3.0,3.0,3.0,5.0,6.0,7.0,7.0,2.0,2.0,3.0,3.0,3.0,2.0,3.0,2.0,3.0,8.0,1.0,2.0,3.0,1.0,
2,5,3.0,7,E,3.0,,7,,PAKAIN,2,2,2,2,3,3,2,3,2,3,3,3,3,1,,,,,0,0,,,,,1.0,3,,2.0,1.0,2.0,2.0,1.0,6.0,7.0,,,,,,,,,,,,,,,,,,,,,,,,,,,,1.0,1.0,2.0,1200,1600,#NULL!,#NULL!,#NULL!,#NULL!,900,1200,1.0,,6.0,6.0,1.0,1.0,2.0,3.0,4.0,6.0,7.0,7.0,2.0,3.0,2.0,3.0,3.0,2.0,2.0,3.0,3.0,2.0,3.0,1.0,2.0,7.0,
2,5,3.0,19,G,3.0,,13,AUDIT FIRM,PERKHIDMATAN PERKAUNAN,3,3,2,3,2,3,3,3,4,3,3,3,4,2,1.0,,,,0,0,,,,,2.0,3,2.0,1.0,1.0,2.0,2.0,1.0,13.0,14.0,,,,,3.0,,,6.0,,,,,,,,,,,,,,,,,,,,1.0,1.0,1.0,900,2500,#NULL!,#NULL!,#NULL!,#NULL!,#NULL!,#NULL!,1.0,,2.0,1.0,1.0,1.0,1.0,1.0,1.0,1.0,6.0,6.0,2.0,2.0,2.0,2.0,2.0,2.0,2.0,2.0,2.0,2.0,1.0,2.0,3.0,5.0,
2,5,3.0,6,E,8.0,,6,,PEMBINAAN RUMAH SWASTA,1,2,2,2,2,2,2,2,4,4,4,4,4,2,1.0,,,,0,0,,,,,2.0,1,,1.0,1.0,2.0,2.0,4.0,3.0,7.0,,,,,1.0,,1.0,2.0,3.0,,,,,,,,,,,,,,,,,,,1.0,1.0,1.0,1200,1800,#NULL!,#NULL!,900,1500,#NULL!,#NULL!,1.0,,2.0,1.0,2.0,2.0,3.0,3.0,1.0,6.0,6.0,6.0,2.0,2.0,2.0,2.0,2.0,2.0,2.0,2.0,2.0,2.0,1.0,2.0,3.0,5.0,
2,5,3.0,19,G,1.0,,19,PERUNDANGAN,PEGUAMBELA DAN PEGUAMCARA,3,3,3,2,3,3,2,3,3,2,3,3,3,1,,,,,0,0,,,,,1.0,1,,1.0,1.0,2.0,2.0,4.0,1.0,5.0,,,,,1.0,,,,,,,,2.0,,,,,,,,,,,,,,,1.0,1.0,2.0,1800,3500,#NULL!,#NULL!,#NULL!,#NULL!,900,1500,1.0,,3.0,2.0,3.0,3.0,3.0,3.0,3.0,1.0,7.0,7.0,2.0,2.0,2.0,2.0,2.0,2.0,2.0,2.0,2.0,3.0,1.0,3.0,2.0,1.0,
2,5,3.0,19,E,1.0,,19,MENJUAL MESIN,MESIN MAKANAN DAN JENTERA,2,2,2,3,3,3,2,2,3,3,3,3,3,1,,,,,0,0,,,,,1.0,1,,1.0,2.0,1.0,2.0,3.0,2.0,5.0,,,,,,,,,,,,,,,,2.0,1.0,3.0,,,,,,,,,,1.0,1.0,9.0,#NULL!,#NULL!,#NULL!,#NULL!,1000,1200,#NULL!,#NULL!,1.0,,3.0,2.0,2.0,1.0,3.0,3.0,5.0,6.0,7.0,7.0,2.0,2.0,2.0,3.0,3.0,2.0,3.0,3.0,3.0,2.0,3.0,1.0,2.0,6.0,
2,5,4.0,4,E,3.0,,4,,,2,3,2,3,2,3,2,2,2,2,2,2,2,1,,,,,0,0,,,,,1.0,1,,2.0,2.0,2.0,2.0,2.0,,,,,,,,,,,,,,,,,,,,,,,,,,,,,,2.0,2.0,8.0,#NULL!,#NULL!,#NULL!,#NULL!,#NULL!,#NULL!,1500,1800,1.0,,4.0,3.0,2.0,2.0,3.0,3.0,5.0,6.0,6.0,7.0,3.0,3.0,3.0,3.0,4.0,3.0,3.0,3.0,3.0,9.0,2.0,3.0,1.0,10.0,
2,5,3.0,6,E,3.0,,6,,,2,2,2,2,2,2,2,2,2,2,2,2,2,1,,,,,0,0,,,,,2.0,1,,2.0,1.0,2.0,2.0,3.0,2.0,5.0,,,,,,,,,,,,,,,,,,,1.0,1.0,2.0,,,,,,,2.0,2.0,8.0,1800,2100,#NULL!,#NULL!,#NULL!,#NULL!,700,1200,1.0,,4.0,4.0,2.0,1.0,2.0,1.0,6.0,6.0,7.0,7.0,2.0,2.0,2.0,2.0,3.0,3.0,2.0,3.0,2.0,9.0,2.0,1.0,3.0,10.0,
2,5,3.0,7,E,3.0,,7,,KEDAI CAT,2,2,3,2,3,2,2,2,3,3,3,2,2,1,,,,,0,0,,,,,1.0,1,,2.0,2.0,2.0,2.0,5.0,1.0,6.0,,,,,,,,,,,,,,,,,,,,,,,,,,,,2.0,1.0,9.0,#NULL!,#NULL!,#NULL!,#NULL!,#NULL!,#NULL!,1200,1800,1.0,,3.0,3.0,2.0,2.0,3.0,3.0,6.0,6.0,7.0,7.0,3.0,2.0,3.0,3.0,2.0,3.0,3.0,3.0,3.0,9.0,1.0,2.0,3.0,10.0,
2,5,4.0,4,E,3.0,,4,,BAIKI MOTORSIKAL,3,3,2,3,3,3,3,3,3,2,2,2,3,1,,,,,0,0,,,,,2.0,1,,2.0,2.0,2.0,2.0,2.0,1.0,3.0,,,,,,,,,,,,,,,,,,,,,,,,,,,,3.0,3.0,9.0,#NULL!,#NULL!,#NULL!,#NULL!,#NULL!,#NULL!,1200,2000,1.0,,3.0,3.0,3.0,3.0,3.0,3.0,6.0,6.0,7.0,7.0,2.0,3.0,3.0,2.0,3.0,3.0,3.0,3.0,3.0,9.0,2.0,1.0,3.0,6.0,
2,5,3.0,13,G,3.0,,13,,PAJAK GADAI,2,1,1,1,2,2,1,1,2,1,2,2,1,1,,,,,0,0,,,,,1.0,1,,2.0,2.0,2.0,2.0,3.0,4.0,7.0,,,,,,,,,,,,,,,,,,,,,,,,,,,,2.0,2.0,9.0,#NULL!,#NULL!,#NULL!,#NULL!,#NULL!,#NULL!,1500,2500,1.0,,3.0,4.0,3.0,3.0,3.0,3.0,6.0,6.0,7.0,7.0,2.0,3.0,2.0,2.0,2.0,1.0,3.0,3.0,2.0,9.0,2.0,1.0,3.0,6.0,
2,5,4.0,7,E,3.0,,7,,PAKAIAN WANITA,2,1,2,1,2,2,2,1,1,2,2,2,2,1,,,,,0,0,,,,,1.0,1,,2.0,2.0,2.0,2.0,,2.0,,,,,,,,,,,,,,,,,,,,,,,,,,,,,2.0,2.0,9.0,#NULL!,#NULL!,#NULL!,#NULL!,#NULL!,#NULL!,900,1800,1.0,,3.0,3.0,1.0,1.0,1.0,1.0,6.0,6.0,7.0,7.0,3.0,2.0,2.0,2.0,2.0,3.0,2.0,2.0,3.0,9.0,2.0,1.0,3.0,6.0,
2,5,3.0,7,E,3.0,,7,,KEDAI PERALATAN SUKAN,2,1,2,2,2,2,2,2,2,2,2,2,2,1,,,,,0,0,,,,,1.0,1,,2.0,2.0,2.0,2.0,3.0,3.0,6.0,,,,,,,,,,,,,,,,,,,,,,,,,,,,2.0,3.0,2.0,#NULL!,#NULL!,#NULL!,#NULL!,#NULL!,#NULL!,1000,1500,1.0,,3.0,3.0,3.0,3.0,3.0,3.0,6.0,6.0,7.0,7.0,2.0,2.0,2.0,2.0,2.0,2.0,2.0,2.0,2.0,9.0,2.0,1.0,3.0,10.0,
2,5,3.0,18,F,2.0,,9,,KEDAI MAKAN,2,3,2,2,2,2,3,3,3,2,2,2,2,1,,,,,0,0,,,,,1.0,1,,2.0,2.0,2.0,2.0,5.0,5.0,10.0,,,,,,,,,,,,,,,,,,,,,,,,,,,,2.0,2.0,2.0,#NULL!,#NULL!,#NULL!,#NULL!,#NULL!,#NULL!,900,1200,1.0,,3.0,3.0,3.0,3.0,3.0,3.0,6.0,6.0,7.0,7.0,3.0,3.0,3.0,2.0,2.0,2.0,2.0,3.0,3.0,9.0,3.0,1.0,2.0,6.0,
2,5,3.0,6,E,3.0,,6,,KEDAI HARDWARE,2,1,1,2,2,1,2,2,1,2,2,2,2,1,,,,,0,0,,,,,1.0,1,,2.0,2.0,2.0,2.0,5.0,5.0,10.0,,,,,,,,,,,,,,,,,,,,,,,,,,,,2.0,3.0,8.0,#NULL!,#NULL!,#NULL!,#NULL!,#NULL!,#NULL!,1000,1800,1.0,,3.0,4.0,3.0,3.0,3.0,3.0,6.0,6.0,7.0,7.0,2.0,3.0,2.0,3.0,3.0,4.0,3.0,3.0,3.0,9.0,1.0,2.0,3.0,6.0,
2,5,4.0,7,E,1.0,,7,,PEMBORONG BATIK/PELIKAT,2,1,2,2,1,2,1,1,2,1,1,2,2,1,,,,,0,0,,,,,1.0,1,,2.0,2.0,2.0,2.0,2.0,2.0,4.0,,,,,,,,,,,,,,,,,,,,,,,,,,,,2.0,3.0,9.0,#NULL!,#NULL!,#NULL!,#NULL!,#NULL!,#NULL!,1000,1500,1.0,,4.0,4.0,3.0,3.0,3.0,3.0,6.0,6.0,7.0,7.0,2.0,2.0,3.0,2.0,3.0,2.0,3.0,2.0,2.0,9.0,2.0,1.0,3.0,6.0,
2,5,3.0,7,E,2.0,,7,,UBAT-UBATAN,2,1,2,2,2,1,2,2,1,1,2,2,1,1,,,,,0,0,,,,,1.0,1,,2.0,2.0,2.0,2.0,8.0,4.0,12.0,,,,,,,,,,,,,,,,,,,,,,,,,,,,2.0,2.0,2.0,#NULL!,#NULL!,#NULL!,#NULL!,#NULL!,#NULL!,1000,1500,1.0,,4.0,3.0,3.0,3.0,3.0,3.0,6.0,6.0,7.0,7.0,2.0,2.0,3.0,3.0,3.0,2.0,3.0,2.0,3.0,9.0,1.0,2.0,3.0,6.0,
2,5,4.0,7,E,2.0,,7,,PAKAIAN,2,2,2,2,3,2,1,2,2,2,2,2,2,1,,,,,0,0,,,,,1.0,1,,2.0,2.0,2.0,2.0,2.0,1.0,3.0,,,,,,,,,,,,,,,,,,,,,,,,,,,,2.0,2.0,9.0,#NULL!,#NULL!,#NULL!,#NULL!,#NULL!,#NULL!,900,1400,1.0,,4.0,4.0,3.0,3.0,3.0,3.0,6.0,6.0,7.0,7.0,3.0,3.0,2.0,2.0,2.0,2.0,2.0,2.0,3.0,9.0,2.0,1.0,3.0,6.0,
2,5,3.0,22,F,2.0,,9,,PENGINAPAN MOTEL,2,2,2,3,2,2,2,1,2,2,2,1,1,1,,,,,0,0,,,,,1.0,1,,2.0,2.0,2.0,2.0,3.0,2.0,5.0,,,,,,,,,,,,,,,,,,,,,,,,,,,,2.0,2.0,9.0,#NULL!,#NULL!,#NULL!,#NULL!,#NULL!,#NULL!,1200,2000,1.0,,3.0,4.0,3.0,3.0,3.0,3.0,6.0,6.0,7.0,7.0,2.0,2.0,2.0,3.0,2.0,2.0,2.0,3.0,2.0,9.0,2.0,1.0,3.0,6.0,
2,5,3.0,7,E,1.0,,7,,PEMBORONG,2,2,3,3,3,2,3,3,3,2,2,2,3,1,,,,,0,0,,,,,1.0,1,,2.0,2.0,2.0,2.0,8.0,5.0,13.0,,,,,,,,,,,,,,,,,,,,,,,,,,,,3.0,2.0,2.0,#NULL!,#NULL!,#NULL!,#NULL!,#NULL!,#NULL!,900,1500,1.0,,3.0,3.0,3.0,3.0,3.0,3.0,6.0,6.0,7.0,7.0,3.0,2.0,3.0,3.0,3.0,2.0,2.0,2.0,2.0,9.0,2.0,1.0,3.0,6.0,
2,5,3.0,7,E,1.0,,7,,PEMBORONG BATIK DAN PELIKAT,2,1,2,2,2,2,2,2,2,2,2,2,2,1,,,,,0,0,,,,,1.0,1,,2.0,2.0,2.0,2.0,3.0,2.0,5.0,,,,,,,,,,,,,,,,,,,,,,,,,,,,2.0,2.0,9.0,#NULL!,#NULL!,#NULL!,#NULL!,#NULL!,#NULL!,900,1400,1.0,,3.0,3.0,3.0,3.0,3.0,3.0,6.0,6.0,7.0,7.0,2.0,3.0,2.0,3.0,,3.0,3.0,4.0,3.0,9.0,2.0,1.0,3.0,6.0,
3,5,4.0,18,E,1.0,,9,,KEDAI KOPI DAN BARANG RUNCIT MAKANAN DAN MINUMAN,4,4,3,2,3,4,3,3,3,4,4,4,4,1,,,,,0,0,,,,,2.0,1,,2.0,2.0,2.0,2.0,0.0,0.0,0.0,0.0,0.0,0.0,0.0,0.0,0.0,0.0,0.0,0.0,0.0,0.0,0.0,0.0,0.0,0.0,0.0,0.0,0.0,0.0,0.0,0.0,0.0,0.0,0.0,0.0,0.0,0.0,2.0,2.0,8.0,#NULL!,#NULL!,#NULL!,#NULL!,#NULL!,#NULL!,#NULL!,#NULL!,1.0,,6.0,6.0,3.0,3.0,3.0,3.0,6.0,6.0,7.0,7.0,2.0,1.0,1.0,1.0,2.0,2.0,2.0,2.0,2.0,9.0,2.0,3.0,1.0,5.0,
3,5,4.0,13,E,1.0,,7,,"MENJUAL BARANG RUNCIT, BUAH-BUAHAN DAN SAYUR-SAYURAN",4,4,1,1,4,4,4,4,2,4,4,4,4,1,,,,,0,0,,,,,2.0,1,,2.0,2.0,2.0,2.0,0.0,0.0,0.0,0.0,0.0,0.0,0.0,0.0,0.0,0.0,0.0,0.0,0.0,0.0,0.0,0.0,0.0,0.0,0.0,0.0,0.0,0.0,0.0,0.0,0.0,0.0,0.0,0.0,0.0,0.0,2.0,2.0,1.0,#NULL!,#NULL!,#NULL!,#NULL!,#NULL!,#NULL!,#NULL!,#NULL!,1.0,,6.0,6.0,3.0,3.0,3.0,3.0,6.0,6.0,7.0,7.0,3.0,3.0,3.0,3.0,3.0,3.0,3.0,2.0,3.0,9.0,3.0,2.0,1.0,1.0,
3,5,4.0,12,C,1.0,,4,,BUAT CERMIN DAN BESI,4,3,2,1,3,3,3,3,3,4,4,4,4,2,1.0,,,,0,0,,,,,2.0,1,,2.0,2.0,1.0,1.0,4.0,0.0,4.0,0.0,0.0,0.0,0.0,0.0,0.0,0.0,0.0,0.0,0.0,0.0,0.0,0.0,0.0,0.0,0.0,0.0,0.0,0.0,0.0,0.0,0.0,0.0,0.0,0.0,0.0,0.0,1.0,1.0,9.0,#NULL!,#NULL!,#NULL!,#NULL!,1080,1300,720,1000,1.0,,3.0,3.0,2.0,2.0,3.0,3.0,6.0,6.0,7.0,7.0,3.0,2.0,2.0,2.0,3.0,2.0,2.0,2.0,1.0,7.0,3.0,1.0,2.0,3.0,
3,5,2.0,8,A,3.0,,3,,PERLOMBONGAN BIJIH BESI,3,3,2,3,2,2,2,3,3,3,3,3,3,2,1.0,,,,0,0,,,,,1.0,1,,1.0,2.0,2.0,2.0,100.0,2.0,102.0,99.0,11.0,110.0,1.0,2.0,3.0,5.0,6.0,11.0,90.0,0.0,90.0,3.0,0.0,3.0,0.0,2.0,2.0,0.0,1.0,1.0,90.0,0.0,90.0,5.0,0.0,5.0,1.0,1.0,6.0,1500,3000,#NULL!,#NULL!,1000,1500,900,1500,1.0,,2.0,2.0,2.0,2.0,3.0,3.0,6.0,1.0,6.0,6.0,1.0,1.0,2.0,1.0,1.0,1.0,2.0,2.0,1.0,2.0,2.0,1.0,3.0,3.0,
3,5,4.0,13,E,1.0,,7,,MENJUAL BERAS DAN BARANGAN KERING,1,1,1,1,3,3,4,2,1,4,4,2,4,1,,,,,0,0,,,,,2.0,1,,2.0,2.0,2.0,2.0,0.0,0.0,0.0,0.0,0.0,0.0,0.0,0.0,0.0,0.0,0.0,0.0,0.0,0.0,0.0,0.0,0.0,0.0,0.0,0.0,0.0,0.0,0.0,0.0,0.0,0.0,0.0,0.0,0.0,0.0,2.0,2.0,9.0,#NULL!,#NULL!,#NULL!,#NULL!,#NULL!,#NULL!,400,500,2.0,KURANG MODA,6.0,6.0,3.0,3.0,3.0,3.0,6.0,6.0,7.0,7.0,3.0,3.0,3.0,3.0,4.0,3.0,3.0,3.0,3.0,9.0,3.0,1.0,2.0,6.0,
3,5,3.0,9,E,1.0,,6,,PERNIAGAAN MENJUAL PASIR,4,4,1,1,3,3,3,3,3,4,3,3,4,1,,,,,0,0,,,,,2.0,1,,2.0,2.0,2.0,2.0,1.0,0.0,1.0,0.0,0.0,0.0,0.0,0.0,0.0,0.0,0.0,0.0,0.0,0.0,0.0,0.0,0.0,0.0,0.0,0.0,0.0,0.0,0.0,0.0,0.0,0.0,0.0,0.0,0.0,0.0,2.0,2.0,9.0,#NULL!,#NULL!,#NULL!,#NULL!,#NULL!,#NULL!,800,800,1.0,,2.0,2.0,2.0,2.0,3.0,3.0,6.0,6.0,7.0,7.0,2.0,2.0,1.0,2.0,3.0,1.0,1.0,1.0,1.0,7.0,3.0,1.0,2.0,6.0,
3,5,4.0,18,F,1.0,,9,,MENJUAL MAKANAN DAN MINUMAN,3,3,2,3,4,3,3,3,3,4,4,4,4,1,,,,,0,0,,,,,2.0,1,,2.0,2.0,2.0,2.0,6.0,4.0,10.0,4.0,8.0,12.0,0.0,0.0,0.0,0.0,0.0,0.0,2.0,4.0,6.0,0.0,0.0,0.0,0.0,0.0,0.0,2.0,4.0,6.0,3.0,4.0,7.0,0.0,0.0,0.0,2.0,2.0,8.0,#NULL!,#NULL!,#NULL!,#NULL!,#NULL!,#NULL!,900,1500,1.0,,6.0,6.0,3.0,3.0,3.0,3.0,6.0,6.0,7.0,7.0,2.0,2.0,1.0,2.0,3.0,1.0,1.0,1.0,1.0,7.0,2.0,3.0,1.0,3.0,
3,5,4.0,18,F,1.0,,9,,MAKANAN DAN MINUMAN DI SEKOLAH,2,3,2,3,3,3,3,2,2,4,4,2,4,1,,,,,0,0,,,,,2.0,1,,2.0,2.0,2.0,2.0,3.0,5.0,8.0,0.0,0.0,0.0,0.0,0.0,0.0,0.0,0.0,0.0,0.0,0.0,0.0,0.0,0.0,0.0,0.0,0.0,0.0,0.0,0.0,0.0,0.0,0.0,0.0,0.0,0.0,0.0,2.0,1.0,9.0,#NULL!,#NULL!,#NULL!,#NULL!,#NULL!,#NULL!,450,900,1.0,,6.0,6.0,3.0,3.0,3.0,3.0,6.0,6.0,7.0,7.0,4.0,4.0,2.0,2.0,5.0,2.0,2.0,2.0,2.0,9.0,3.0,1.0,2.0,6.0,
3,5,4.0,20,I,1.0,,16,,MENYEDIAKAN PENDIDIKAN AGAMA DAN SEKOLAH PONDOK,4,4,3,3,3,3,3,2,3,3,3,4,4,2,1.0,,,,0,1,2.0,,10.0,5.0,2.0,1,,1.0,1.0,2.0,1.0,35.0,5.0,40.0,37.0,5.0,42.0,3.0,0.0,3.0,30.0,5.0,35.0,0.0,0.0,0.0,4.0,0.0,4.0,0.0,0.0,0.0,0.0,0.0,0.0,0.0,0.0,0.0,0.0,0.0,0.0,2.0,2.0,8.0,#NULL!,#NULL!,#NULL!,#NULL!,900,1200,#NULL!,#NULL!,2.0,MASALAH SOS,6.0,6.0,3.0,3.0,3.0,3.0,6.0,3.0,7.0,7.0,1.0,1.0,1.0,1.0,1.0,1.0,1.0,1.0,1.0,7.0,2.0,1.0,3.0,10.0,
3,5,4.0,25,E,1.0,,10,,"MENJUAL BARANGAN TELEFON, TOP UP DAN AKSESORI",4,3,1,1,4,4,4,4,2,3,4,3,4,1,,,,,0,0,,,,,2.0,1,,2.0,2.0,2.0,2.0,1.0,1.0,2.0,0.0,0.0,0.0,0.0,0.0,0.0,0.0,0.0,0.0,0.0,0.0,0.0,0.0,0.0,0.0,0.0,0.0,0.0,0.0,0.0,0.0,0.0,0.0,0.0,0.0,0.0,0.0,2.0,2.0,8.0,#NULL!,#NULL!,#NULL!,#NULL!,#NULL!,#NULL!,700,1200,1.0,,6.0,6.0,3.0,3.0,3.0,3.0,6.0,6.0,7.0,7.0,2.0,2.0,1.0,1.0,4.0,1.0,2.0,2.0,1.0,6.0,2.0,1.0,3.0,10.0,
3,5,4.0,18,F,1.0,,9,,IKS MAKANAN,4,4,1,1,3,3,1,2,3,4,4,3,4,2,1.0,,,,0,0,,,,,2.0,1,,2.0,2.0,1.0,1.0,1.0,1.0,2.0,0.0,0.0,0.0,0.0,0.0,0.0,0.0,0.0,0.0,0.0,0.0,0.0,0.0,0.0,0.0,0.0,0.0,0.0,0.0,0.0,0.0,0.0,0.0,0.0,0.0,0.0,0.0,2.0,2.0,9.0,#NULL!,#NULL!,#NULL!,#NULL!,#NULL!,#NULL!,900,1000,1.0,,6.0,3.0,3.0,1.0,3.0,1.0,6.0,6.0,7.0,7.0,4.0,2.0,3.0,3.0,5.0,3.0,2.0,2.0,2.0,9.0,2.0,1.0,3.0,1.0,
3,5,3.0,12,C,3.0,,4,,MEMBUAT PRODUK UBATAN TRADISIONAL,3,3,1,3,3,3,3,3,3,3,3,3,3,2,1.0,1.0,,,0,1,1.0,,2.0,0.0,2.0,1,,1.0,1.0,2.0,1.0,5.0,30.0,35.0,2.0,2.0,4.0,0.0,0.0,0.0,1.0,2.0,3.0,1.0,0.0,1.0,0.0,0.0,0.0,0.0,0.0,0.0,0.0,0.0,0.0,0.0,0.0,0.0,0.0,0.0,0.0,2.0,2.0,9.0,1500,1700,#NULL!,#NULL!,#NULL!,#NULL!,1000,2000,1.0,,2.0,6.0,1.0,1.0,3.0,3.0,1.0,6.0,6.0,7.0,1.0,2.0,2.0,2.0,1.0,1.0,1.0,1.0,1.0,1.0,3.0,2.0,1.0,10.0,
3,5,4.0,25,E,1.0,,8,,SEWA KENDERAAN,3,2,2,3,3,3,3,2,3,3,3,3,3,1,,,,,0,0,,,,,2.0,1,,2.0,2.0,2.0,2.0,0.0,0.0,0.0,0.0,0.0,0.0,0.0,0.0,0.0,0.0,0.0,0.0,0.0,0.0,0.0,0.0,0.0,0.0,0.0,0.0,0.0,0.0,0.0,0.0,0.0,0.0,0.0,0.0,0.0,0.0,2.0,2.0,8.0,#NULL!,#NULL!,#NULL!,#NULL!,#NULL!,#NULL!,#NULL!,#NULL!,1.0,,6.0,6.0,3.0,3.0,3.0,3.0,6.0,6.0,7.0,7.0,3.0,3.0,3.0,3.0,3.0,2.0,1.0,2.0,1.0,2.0,3.0,1.0,2.0,3.0,
3,5,3.0,18,F,1.0,,9,,MAKANAN DAN MINUMAN,4,4,3,3,4,4,3,4,3,3,3,3,4,1,,,,,0,0,,,,,2.0,1,,2.0,2.0,2.0,2.0,4.0,3.0,7.0,4.0,3.0,7.0,0.0,0.0,0.0,0.0,0.0,0.0,0.0,0.0,0.0,0.0,0.0,0.0,0.0,0.0,0.0,4.0,3.0,7.0,0.0,0.0,0.0,0.0,0.0,0.0,2.0,2.0,8.0,#NULL!,#NULL!,#NULL!,#NULL!,#NULL!,#NULL!,300,500,1.0,,6.0,6.0,3.0,3.0,3.0,3.0,6.0,6.0,2.0,2.0,2.0,2.0,2.0,2.0,2.0,2.0,2.0,2.0,2.0,2.0,2.0,1.0,1.0,11.0,
3,5,4.0,13,I,1.0,,10,,PEMBAYARAN BIL DAN KOMUNIKASI,1,1,1,1,2,2,1,4,3,2,3,4,4,2,1.0,,,,0,0,,,,,2.0,3,1.0,1.0,1.0,2.0,2.0,4.0,6.0,10.0,4.0,6.0,10.0,0.0,0.0,0.0,0.0,0.0,0.0,4.0,6.0,10.0,0.0,0.0,0.0,0.0,0.0,0.0,0.0,0.0,0.0,0.0,0.0,0.0,0.0,0.0,0.0,3.0,3.0,2.0,1000,1800,#NULL!,#NULL!,#NULL!,#NULL!,1000,1200,2.0,KEGAWATAN E,2.0,2.0,1.0,1.0,1.0,1.0,6.0,6.0,2.0,2.0,2.0,2.0,1.0,1.0,2.0,1.0,1.0,2.0,2.0,7.0,2.0,3.0,1.0,3.0,
3,5,4.0,17,C,1.0,,17,PERKHIDMATAN,CERMIN MATA,4,4,1,1,3,4,1,4,4,2,2,3,4,2,1.0,,,,0,0,,,,,2.0,1,,1.0,1.0,2.0,2.0,0.0,2.0,2.0,0.0,1.0,1.0,0.0,1.0,1.0,0.0,0.0,0.0,0.0,0.0,0.0,0.0,0.0,0.0,0.0,0.0,0.0,0.0,0.0,0.0,0.0,0.0,0.0,0.0,0.0,0.0,2.0,2.0,8.0,#NULL!,#NULL!,#NULL!,#NULL!,#NULL!,#NULL!,500,900,2.0,PERMINTAAN,2.0,2.0,1.0,1.0,1.0,1.0,6.0,6.0,2.0,2.0,1.0,2.0,2.0,2.0,2.0,1.0,1.0,1.0,1.0,9.0,2.0,1.0,3.0,3.0,
3,5,3.0,4,E,3.0,,1,,PUSAT MEMBELI BUAH KELAPA SAWIT,1,2,1,1,4,3,4,4,4,4,1,4,4,2,1.0,,,,0,0,,,,,1.0,3,1.0,1.0,2.0,2.0,2.0,2.0,1.0,3.0,0.0,0.0,0.0,0.0,0.0,0.0,0.0,0.0,0.0,0.0,0.0,0.0,0.0,0.0,0.0,0.0,0.0,0.0,0.0,0.0,0.0,0.0,0.0,0.0,0.0,0.0,0.0,1.0,2.0,5.0,#NULL!,#NULL!,#NULL!,#NULL!,#NULL!,#NULL!,1000,1500,1.0,,3.0,3.0,2.0,2.0,3.0,3.0,6.0,6.0,2.0,2.0,1.0,2.0,2.0,2.0,2.0,2.0,1.0,1.0,2.0,9.0,3.0,2.0,1.0,3.0,
3,5,4.0,26,G,1.0,,15,,PERUNDANGAN BERKAITAN HAL TANAH DAN LAIN-LAIN,2,2,2,3,3,4,3,4,3,3,3,3,4,1,,,,,0,0,,,,,2.0,1,,1.0,2.0,2.0,2.0,0.0,1.0,1.0,0.0,0.0,0.0,0.0,0.0,0.0,0.0,0.0,0.0,0.0,0.0,0.0,0.0,0.0,0.0,0.0,0.0,0.0,0.0,0.0,0.0,0.0,0.0,0.0,0.0,0.0,0.0,2.0,2.0,8.0,#NULL!,#NULL!,#NULL!,#NULL!,#NULL!,#NULL!,900,1500,1.0,,2.0,6.0,3.0,3.0,3.0,3.0,6.0,6.0,7.0,7.0,2.0,3.0,3.0,2.0,2.0,3.0,2.0,2.0,2.0,7.0,1.0,2.0,3.0,10.0,
3,5,2.0,25,H,1.0,,18,PELANCONGAN,PELANCONGAN,1,1,2,1,3,3,2,2,2,3,3,3,2,2,1.0,,,,0,0,,,,,1.0,2,1.0,1.0,1.0,1.0,1.0,24.0,23.0,47.0,34.0,18.0,52.0,20.0,10.0,30.0,0.0,0.0,0.0,0.0,0.0,0.0,4.0,3.0,7.0,0.0,0.0,0.0,10.0,5.0,15.0,0.0,0.0,0.0,0.0,0.0,0.0,2.0,2.0,2.0,1000,1500,1500,2000,1000,1500,1000,1500,1.0,,6.0,6.0,3.0,3.0,3.0,1.0,1.0,6.0,1.0,2.0,2.0,2.0,2.0,2.0,2.0,2.0,2.0,2.0,2.0,3.0,1.0,2.0,2.0,6.0,
3,5,3.0,25,H,1.0,,18,PELANCONGAN,PELANCONGAN,3,3,2,1,2,3,2,3,2,3,3,3,1,2,1.0,,,,0,0,,,,,1.0,2,1.0,1.0,1.0,1.0,1.0,1.0,3.0,4.0,2.0,6.0,8.0,1.0,3.0,4.0,0.0,0.0,0.0,0.0,0.0,0.0,1.0,3.0,4.0,0.0,0.0,0.0,0.0,0.0,0.0,0.0,0.0,0.0,0.0,0.0,0.0,2.0,1.0,1.0,1500,2000,#NULL!,#NULL!,#NULL!,#NULL!,#NULL!,#NULL!,1.0,,3.0,2.0,1.0,1.0,1.0,1.0,1.0,1.0,1.0,2.0,2.0,2.0,2.0,2.0,2.0,2.0,2.0,2.0,2.0,3.0,1.0,1.0,1.0,6.0,
3,5,4.0,19,H,1.0,,11,,"GAMBAR, FOTOSTAT, ALAT TULIS DAN COMPUTER CENTRE",1,1,1,3,4,4,4,1,3,1,1,3,3,1,,,,,0,0,,,,,2.0,1,,2.0,2.0,1.0,2.0,0.0,1.0,1.0,0.0,1.0,1.0,0.0,0.0,0.0,0.0,0.0,0.0,0.0,1.0,1.0,0.0,0.0,0.0,0.0,0.0,0.0,0.0,0.0,0.0,0.0,0.0,0.0,0.0,0.0,0.0,1.0,1.0,1.0,#NULL!,#NULL!,#NULL!,#NULL!,#NULL!,#NULL!,#NULL!,#NULL!,1.0,,6.0,6.0,3.0,3.0,3.0,3.0,6.0,6.0,7.0,7.0,2.0,3.0,3.0,2.0,2.0,3.0,2.0,3.0,3.0,9.0,1.0,1.0,1.0,5.0,
3,5,4.0,25,J,1.0,,17,KECANTIKAN,KECANTIKAN DAN SALOON RAMBUT,3,2,3,3,4,4,4,3,3,3,3,3,3,1,,,,,0,0,,,,,2.0,1,,2.0,2.0,2.0,2.0,0.0,0.0,0.0,0.0,0.0,0.0,0.0,0.0,0.0,0.0,0.0,0.0,0.0,0.0,0.0,0.0,0.0,0.0,0.0,0.0,0.0,0.0,0.0,0.0,0.0,0.0,0.0,0.0,0.0,0.0,2.0,2.0,1.0,#NULL!,#NULL!,#NULL!,#NULL!,#NULL!,#NULL!,#NULL!,#NULL!,1.0,,6.0,6.0,3.0,3.0,3.0,3.0,6.0,6.0,7.0,7.0,3.0,3.0,3.0,3.0,3.0,3.0,3.0,3.0,3.0,2.0,1.0,1.0,1.0,6.0,
3,5,4.0,12,E,1.0,,6,,BENGKEL & WELDING,3,3,1,1,4,4,4,1,2,3,3,2,4,1,,,,,0,0,,,,,2.0,2,1.0,2.0,2.0,2.0,2.0,1.0,0.0,1.0,1.0,0.0,1.0,0.0,0.0,0.0,0.0,0.0,0.0,1.0,0.0,1.0,0.0,0.0,0.0,0.0,0.0,0.0,0.0,0.0,0.0,0.0,0.0,0.0,0.0,0.0,0.0,3.0,2.0,1.0,#NULL!,#NULL!,#NULL!,#NULL!,#NULL!,#NULL!,#NULL!,#NULL!,1.0,,6.0,6.0,3.0,3.0,3.0,3.0,6.0,6.0,7.0,7.0,3.0,3.0,3.0,3.0,3.0,3.0,3.0,3.0,3.0,2.0,1.0,1.0,1.0,6.0,
3,5,4.0,18,E,1.0,,9,,KEREPEK DAN MAKANAN RINGAN,4,4,1,1,4,3,1,2,4,4,4,3,4,1,,,,,0,0,,,,,2.0,1,,2.0,2.0,2.0,2.0,0.0,1.0,1.0,0.0,0.0,0.0,0.0,0.0,0.0,0.0,0.0,0.0,0.0,0.0,0.0,0.0,0.0,0.0,0.0,0.0,0.0,0.0,0.0,0.0,0.0,0.0,0.0,0.0,0.0,0.0,2.0,2.0,9.0,#NULL!,#NULL!,#NULL!,#NULL!,#NULL!,#NULL!,400,900,2.0,GAJI RENDAH,2.0,2.0,1.0,1.0,1.0,1.0,6.0,6.0,7.0,7.0,2.0,3.0,3.0,2.0,2.0,3.0,3.0,3.0,3.0,9.0,1.0,3.0,2.0,3.0,
3,5,4.0,18,F,1.0,,9,,MAKANAN DAN MINUMAN PAGI,3,4,2,2,4,3,3,4,3,4,4,3,4,1,,,,,0,0,,,,,2.0,1,,2.0,2.0,2.0,2.0,0.0,1.0,1.0,0.0,1.0,1.0,0.0,0.0,0.0,0.0,0.0,0.0,0.0,0.0,0.0,0.0,0.0,0.0,0.0,0.0,0.0,0.0,1.0,1.0,0.0,0.0,0.0,0.0,0.0,0.0,2.0,2.0,9.0,#NULL!,#NULL!,#NULL!,#NULL!,#NULL!,#NULL!,900,900,1.0,,1.0,1.0,1.0,1.0,2.0,3.0,6.0,6.0,7.0,7.0,2.0,2.0,2.0,2.0,2.0,2.0,2.0,2.0,2.0,9.0,3.0,1.0,2.0,3.0,
3,5,4.0,18,F,1.0,,9,,MAKANAN DAN MINUMAN,4,4,1,1,4,4,1,2,1,3,4,3,4,1,,,,,0,0,,,,,2.0,1,,2.0,1.0,2.0,2.0,0.0,3.0,3.0,0.0,0.0,0.0,0.0,0.0,0.0,0.0,0.0,0.0,0.0,0.0,0.0,0.0,0.0,0.0,0.0,0.0,0.0,0.0,0.0,0.0,0.0,0.0,0.0,0.0,0.0,0.0,2.0,2.0,9.0,#NULL!,#NULL!,#NULL!,#NULL!,#NULL!,#NULL!,1000,1500,2.0,KURANG MINA,3.0,3.0,1.0,1.0,3.0,3.0,6.0,6.0,7.0,7.0,2.0,2.0,2.0,2.0,2.0,2.0,2.0,2.0,2.0,9.0,2.0,3.0,1.0,3.0,
3,5,4.0,11,E,1.0,,6,,PEMBINAAN,3,3,3,3,3,3,3,3,3,3,4,4,4,2,1.0,,,,0,0,,,,,2.0,1,,2.0,2.0,2.0,2.0,18.0,2.0,20.0,10.0,3.0,13.0,0.0,2.0,2.0,0.0,1.0,1.0,10.0,0.0,10.0,0.0,0.0,0.0,0.0,0.0,0.0,0.0,0.0,0.0,10.0,0.0,10.0,0.0,0.0,0.0,1.0,1.0,8.0,#NULL!,#NULL!,#NULL!,#NULL!,#NULL!,#NULL!,1000,2500,2.0,MALAS,6.0,6.0,3.0,3.0,3.0,3.0,6.0,6.0,7.0,7.0,3.0,2.0,2.0,1.0,1.0,1.0,1.0,2.0,2.0,2.0,1.0,1.0,1.0,1.0,
3,5,4.0,18,F,1.0,,9,,MAKANAN DAN MINUMAN,3,4,3,2,4,4,4,4,3,2,4,3,4,1,,,,,0,0,,,,,2.0,1,,2.0,2.0,2.0,2.0,0.0,1.0,1.0,0.0,0.0,0.0,0.0,0.0,0.0,0.0,0.0,0.0,0.0,0.0,0.0,0.0,0.0,0.0,0.0,0.0,0.0,0.0,0.0,0.0,0.0,0.0,0.0,0.0,0.0,0.0,2.0,2.0,8.0,#NULL!,#NULL!,#NULL!,#NULL!,#NULL!,#NULL!,2000,2000,1.0,,6.0,6.0,3.0,3.0,3.0,3.0,6.0,6.0,3.0,3.0,2.0,2.0,2.0,2.0,2.0,2.0,2.0,2.0,2.0,9.0,3.0,3.0,2.0,3.0,
3,5,3.0,13,E,1.0,,7,,BARANGAN RUNCIT,2,1,2,3,4,3,3,3,3,4,4,3,4,1,,,,,0,0,,,,,2.0,1,,2.0,2.0,2.0,2.0,2.0,1.0,3.0,2.0,1.0,3.0,0.0,0.0,0.0,0.0,0.0,0.0,0.0,0.0,0.0,0.0,0.0,0.0,0.0,0.0,0.0,2.0,1.0,3.0,0.0,0.0,0.0,0.0,0.0,0.0,2.0,2.0,9.0,#NULL!,#NULL!,#NULL!,#NULL!,#NULL!,#NULL!,600,1200,1.0,,6.0,6.0,3.0,3.0,3.0,3.0,6.0,6.0,7.0,7.0,1.0,1.0,1.0,1.0,1.0,1.0,1.0,1.0,1.0,7.0,3.0,2.0,1.0,1.0,
3,5,4.0,25,E,1.0,,19,INTERIOR DESIGNER,"UBAHSUAI KEDIAMAN, PEJABAT DAN KEDAI",2,1,2,2,4,4,4,4,4,4,4,4,4,2,1.0,,,,0,0,,,,,2.0,1,,2.0,2.0,2.0,2.0,2.0,3.0,5.0,4.0,4.0,8.0,0.0,0.0,0.0,0.0,0.0,0.0,2.0,2.0,4.0,2.0,2.0,4.0,0.0,0.0,0.0,0.0,0.0,0.0,0.0,0.0,0.0,0.0,0.0,0.0,1.0,1.0,1.0,1200,1200,1600,1600,#NULL!,#NULL!,#NULL!,#NULL!,1.0,,1.0,1.0,3.0,3.0,3.0,3.0,3.0,6.0,7.0,7.0,1.0,1.0,1.0,1.0,1.0,1.0,1.0,1.0,1.0,2.0,2.0,2.0,2.0,3.0,
3,5,4.0,18,E,1.0,,9,,MAKANAN DAN KEROPOK,4,4,1,1,4,4,1,2,4,4,1,3,4,1,,,,,0,0,,,,,2.0,1,,2.0,1.0,2.0,1.0,1.0,1.0,2.0,1.0,1.0,2.0,0.0,0.0,0.0,0.0,0.0,0.0,1.0,1.0,2.0,0.0,0.0,0.0,0.0,0.0,0.0,0.0,0.0,0.0,0.0,0.0,0.0,0.0,0.0,0.0,2.0,2.0,9.0,#NULL!,#NULL!,#NULL!,#NULL!,#NULL!,#NULL!,500,900,2.0,KEGAWATAN E,2.0,2.0,1.0,1.0,1.0,1.0,6.0,6.0,7.0,7.0,3.0,3.0,1.0,1.0,3.0,1.0,1.0,1.0,1.0,7.0,1.0,3.0,2.0,5.0,
3,5,4.0,19,H,1.0,,19,FOTO,"MENGAMBIL FOTO, MENCUCI GAMBAR DAN FOTOSTAT",4,3,2,2,3,3,3,3,3,3,3,3,4,2,1.0,,,,0,0,,,,,2.0,1,,2.0,2.0,2.0,2.0,0.0,2.0,2.0,0.0,2.0,2.0,0.0,0.0,0.0,0.0,0.0,0.0,0.0,0.0,0.0,0.0,0.0,0.0,0.0,0.0,0.0,0.0,2.0,2.0,0.0,0.0,0.0,0.0,0.0,0.0,2.0,2.0,8.0,#NULL!,#NULL!,#NULL!,#NULL!,#NULL!,#NULL!,400,600,1.0,,6.0,6.0,1.0,1.0,3.0,3.0,5.0,6.0,7.0,7.0,2.0,2.0,2.0,2.0,2.0,2.0,1.0,2.0,1.0,9.0,1.0,2.0,3.0,5.0,
3,5,4.0,13,E,1.0,,7,,BARANGAN RUNCIT,4,4,3,3,4,3,4,4,3,4,4,3,4,1,,,,,0,0,,,,,2.0,1,,2.0,2.0,2.0,2.0,0.0,1.0,1.0,0.0,1.0,1.0,0.0,0.0,0.0,0.0,0.0,0.0,0.0,0.0,0.0,0.0,0.0,0.0,0.0,0.0,0.0,0.0,1.0,1.0,0.0,0.0,0.0,0.0,0.0,0.0,2.0,2.0,9.0,#NULL!,#NULL!,#NULL!,#NULL!,#NULL!,#NULL!,600,600,1.0,,6.0,6.0,3.0,3.0,3.0,3.0,6.0,6.0,7.0,7.0,2.0,3.0,2.0,2.0,3.0,2.0,2.0,2.0,3.0,7.0,2.0,1.0,2.0,3.0,
3,5,4.0,12,C,1.0,,4,,"BARANGAN ALUMINIUM, BESI DAN KELULI",3,3,3,3,3,2,4,3,3,3,3,3,4,1,,,,,0,0,,,,,1.0,1,,2.0,2.0,2.0,2.0,0.0,0.0,0.0,0.0,0.0,0.0,0.0,0.0,0.0,0.0,0.0,0.0,0.0,0.0,0.0,0.0,0.0,0.0,0.0,0.0,0.0,0.0,0.0,0.0,0.0,0.0,0.0,0.0,0.0,0.0,2.0,3.0,2.0,#NULL!,#NULL!,#NULL!,#NULL!,#NULL!,#NULL!,700,1600,1.0,,6.0,6.0,2.0,3.0,3.0,3.0,6.0,6.0,7.0,7.0,3.0,2.0,2.0,2.0,2.0,2.0,1.0,2.0,2.0,9.0,1.0,1.0,2.0,1.0,
3,5,4.0,11,E,1.0,,6,,PEMBINAAN JALAN BANGUNAN DAN CERUN,3,3,3,3,2,2,3,3,3,3,4,4,4,2,,1.0,,,0,0,,,,,1.0,1,,1.0,2.0,2.0,1.0,3.0,0.0,3.0,1.0,0.0,1.0,0.0,0.0,0.0,0.0,0.0,0.0,0.0,0.0,0.0,0.0,0.0,0.0,0.0,0.0,0.0,1.0,0.0,1.0,2.0,0.0,2.0,0.0,0.0,0.0,1.0,1.0,9.0,#NULL!,#NULL!,#NULL!,#NULL!,#NULL!,#NULL!,900,1500,1.0,,1.0,1.0,3.0,3.0,3.0,3.0,6.0,6.0,7.0,7.0,2.0,2.0,2.0,2.0,3.0,2.0,2.0,2.0,2.0,2.0,1.0,1.0,1.0,3.0,
3,5,3.0,12,B,1.0,,4,,PEMPROSESAN PAPAN DAN KAYU,3,3,3,2,3,3,3,2,3,3,3,3,4,1,,,,,0,0,,,,,2.0,1,,2.0,2.0,2.0,2.0,30.0,4.0,34.0,62.0,5.0,67.0,0.0,4.0,4.0,2.0,0.0,2.0,30.0,0.0,30.0,0.0,0.0,0.0,0.0,1.0,1.0,30.0,0.0,30.0,3.0,0.0,3.0,0.0,0.0,0.0,2.0,2.0,8.0,#NULL!,#NULL!,#NULL!,#NULL!,2000,7000,1100,2000,1.0,,6.0,6.0,3.0,2.0,3.0,3.0,5.0,6.0,1.0,7.0,2.0,2.0,2.0,3.0,2.0,2.0,2.0,2.0,2.0,2.0,1.0,1.0,1.0,3.0,
3,5,4.0,12,E,1.0,,4,,"IKLAN,MACHIENERY, CONSTRUCTION DAN WELDING",4,3,3,3,3,3,3,3,3,3,4,4,4,2,1.0,,,,0,0,,,,,2.0,1,,1.0,1.0,2.0,2.0,20.0,3.0,23.0,20.0,3.0,23.0,0.0,3.0,3.0,6.0,0.0,6.0,14.0,0.0,14.0,0.0,0.0,0.0,0.0,0.0,0.0,0.0,0.0,0.0,0.0,0.0,0.0,0.0,0.0,0.0,1.0,1.0,8.0,#NULL!,#NULL!,#NULL!,#NULL!,#NULL!,#NULL!,800,2000,2.0,DEMAND GAJI,6.0,6.0,1.0,2.0,3.0,3.0,5.0,6.0,7.0,7.0,2.0,2.0,2.0,1.0,1.0,2.0,1.0,2.0,1.0,7.0,1.0,2.0,3.0,3.0,
3,5,4.0,13,E,1.0,,7,,BARANGAN RUNCIT DAN MAKANAN FROZEN,4,3,1,3,4,4,4,4,4,4,4,4,4,1,,,,,0,0,,,,,2.0,1,,2.0,2.0,2.0,2.0,0.0,0.0,0.0,0.0,0.0,0.0,0.0,0.0,0.0,0.0,0.0,0.0,0.0,0.0,0.0,0.0,0.0,0.0,0.0,0.0,0.0,0.0,0.0,0.0,0.0,0.0,0.0,0.0,0.0,0.0,2.0,2.0,1.0,#NULL!,#NULL!,#NULL!,#NULL!,#NULL!,#NULL!,#NULL!,#NULL!,1.0,,6.0,6.0,3.0,3.0,3.0,3.0,6.0,6.0,7.0,7.0,3.0,3.0,2.0,2.0,2.0,3.0,3.0,3.0,3.0,9.0,3.0,1.0,2.0,6.0,
3,5,2.0,4,A,5.0,,1,,PELADANGAN,3,3,3,3,3,3,3,3,2,3,3,4,4,2,1.0,,,,0,0,,,,,1.0,2,1.0,1.0,1.0,1.0,1.0,17.0,4.0,21.0,10.0,6.0,16.0,4.0,5.0,9.0,0.0,0.0,0.0,6.0,1.0,7.0,0.0,0.0,0.0,0.0,0.0,0.0,0.0,0.0,0.0,5.0,0.0,5.0,0.0,0.0,0.0,2.0,2.0,4.0,2500,5000,#NULL!,#NULL!,1500,1500,1000,1000,1.0,,6.0,6.0,3.0,3.0,3.0,3.0,6.0,6.0,7.0,7.0,2.0,2.0,2.0,2.0,2.0,2.0,2.0,2.0,2.0,1.0,2.0,3.0,1.0,3.0,
3,5,3.0,12,E,2.0,,4,,"BATU, SUPPLY SIMEN DAN BAHAN BINAAN",3,3,3,2,3,3,3,3,3,4,4,3,4,2,1.0,,,,0,0,,,,,1.0,2,1.0,1.0,2.0,2.0,2.0,10.0,1.0,11.0,3.0,0.0,3.0,0.0,0.0,0.0,0.0,0.0,0.0,3.0,0.0,3.0,0.0,0.0,0.0,0.0,0.0,0.0,0.0,0.0,0.0,0.0,0.0,0.0,0.0,0.0,0.0,2.0,2.0,8.0,#NULL!,#NULL!,#NULL!,#NULL!,#NULL!,#NULL!,1500,1500,2.0,TIDAK TAHAN,2.0,2.0,2.0,1.0,3.0,3.0,6.0,6.0,7.0,7.0,3.0,3.0,3.0,3.0,3.0,3.0,3.0,3.0,3.0,7.0,2.0,2.0,1.0,1.0,
3,5,4.0,13,E,1.0,,7,,PRODUK KECANTIKAN DAN TUDUNG,3,3,1,1,3,3,3,3,4,1,4,4,4,1,,,,,0,0,,,,,2.0,1,,2.0,2.0,2.0,2.0,0.0,0.0,0.0,0.0,0.0,0.0,0.0,0.0,0.0,0.0,0.0,0.0,0.0,0.0,0.0,0.0,0.0,0.0,0.0,0.0,0.0,0.0,0.0,0.0,0.0,0.0,0.0,0.0,0.0,0.0,2.0,2.0,8.0,#NULL!,#NULL!,#NULL!,#NULL!,#NULL!,#NULL!,400,600,1.0,,6.0,6.0,3.0,3.0,1.0,1.0,6.0,6.0,7.0,7.0,2.0,2.0,1.0,1.0,3.0,2.0,2.0,2.0,2.0,9.0,2.0,1.0,2.0,2.0,
3,5,3.0,13,E,1.0,,7,,JUAL SAYUR-SAYTURAN DAN BARANG-BARANG RUNCIT,4,3,1,1,3,3,2,3,3,4,4,4,3,1,,,,,0,0,,,,,1.0,1,,2.0,2.0,2.0,2.0,2.0,2.0,4.0,2.0,2.0,4.0,0.0,0.0,0.0,0.0,0.0,0.0,2.0,2.0,4.0,0.0,0.0,0.0,0.0,0.0,0.0,0.0,0.0,0.0,0.0,0.0,0.0,0.0,0.0,0.0,2.0,2.0,9.0,#NULL!,#NULL!,#NULL!,#NULL!,#NULL!,#NULL!,600,720,1.0,,6.0,6.0,3.0,3.0,3.0,3.0,6.0,6.0,7.0,7.0,2.0,3.0,1.0,2.0,2.0,2.0,1.0,2.0,1.0,7.0,1.0,2.0,3.0,3.0,
3,5,3.0,12,C,1.0,,4,,"PRODUK KONKIT, IBS DAN BATA PRESS",3,2,2,3,2,2,2,2,2,2,2,3,4,2,1.0,,,,0,0,,,,,2.0,1,,1.0,2.0,2.0,2.0,12.0,2.0,14.0,9.0,1.0,10.0,0.0,1.0,1.0,0.0,0.0,0.0,9.0,0.0,9.0,0.0,0.0,0.0,0.0,0.0,0.0,0.0,0.0,0.0,0.0,0.0,0.0,0.0,0.0,0.0,1.0,1.0,8.0,#NULL!,#NULL!,#NULL!,#NULL!,#NULL!,#NULL!,900,1000,1.0,,2.0,2.0,2.0,2.0,3.0,3.0,6.0,6.0,7.0,7.0,2.0,2.0,2.0,2.0,3.0,1.0,1.0,1.0,1.0,9.0,3.0,1.0,2.0,6.0,
3,5,4.0,19,E,1.0,,10,,"MENJUAL TELEFON, TOPUP, AKSESORI DAN PEMBAYARAN BIL TELEFON",3,3,1,2,3,3,3,4,3,4,4,4,4,2,1.0,,,,0,0,,,,,2.0,1,,2.0,2.0,2.0,2.0,0.0,4.0,4.0,0.0,4.0,4.0,0.0,2.0,2.0,0.0,0.0,0.0,0.0,2.0,2.0,0.0,0.0,0.0,0.0,0.0,0.0,0.0,0.0,0.0,0.0,0.0,0.0,0.0,0.0,0.0,2.0,2.0,8.0,#NULL!,#NULL!,#NULL!,#NULL!,#NULL!,#NULL!,800,1900,1.0,,2.0,2.0,1.0,1.0,1.0,1.0,6.0,6.0,7.0,7.0,1.0,1.0,2.0,1.0,2.0,2.0,2.0,2.0,2.0,9.0,2.0,3.0,1.0,3.0,
3,5,4.0,18,F,1.0,,9,,MENJUAL MAKANAN DAN MINUMAN,4,4,2,1,4,4,4,2,3,4,4,4,4,1,,,,,0,0,,,,,2.0,1,,2.0,2.0,2.0,2.0,0.0,0.0,0.0,0.0,0.0,0.0,0.0,0.0,0.0,0.0,0.0,0.0,0.0,0.0,0.0,0.0,0.0,0.0,0.0,0.0,0.0,0.0,0.0,0.0,0.0,0.0,0.0,0.0,0.0,0.0,2.0,2.0,9.0,#NULL!,#NULL!,#NULL!,#NULL!,#NULL!,#NULL!,#NULL!,#NULL!,1.0,,6.0,6.0,2.0,2.0,3.0,3.0,6.0,6.0,7.0,7.0,3.0,3.0,2.0,3.0,3.0,3.0,3.0,3.0,3.0,9.0,3.0,1.0,2.0,6.0,
3,5,4.0,25,E,1.0,,10,,"MENJUAL TELEFON, TOPUP, AKSESORI DAN PEMBAYARAN BIL TELEFON",4,1,1,1,3,3,2,3,3,3,4,3,4,2,1.0,,,,0,0,,,,,2.0,1,,2.0,2.0,2.0,2.0,1.0,2.0,3.0,1.0,2.0,3.0,0.0,0.0,0.0,0.0,0.0,0.0,1.0,2.0,3.0,0.0,0.0,0.0,0.0,0.0,0.0,0.0,0.0,0.0,0.0,0.0,0.0,0.0,0.0,0.0,1.0,1.0,8.0,#NULL!,#NULL!,#NULL!,#NULL!,#NULL!,#NULL!,900,1000,1.0,,2.0,2.0,3.0,3.0,3.0,3.0,6.0,6.0,7.0,7.0,3.0,3.0,2.0,2.0,2.0,2.0,2.0,2.0,2.0,9.0,3.0,2.0,1.0,3.0,
3,5,3.0,25,E,1.0,,19,PERABOT,JUAL PERABOT DAN BAIKI PERABOT,3,2,2,3,3,3,3,2,3,4,4,3,4,1,,,,,0,0,,,,,2.0,1,,2.0,2.0,2.0,2.0,3.0,0.0,3.0,3.0,0.0,3.0,0.0,0.0,0.0,0.0,0.0,0.0,3.0,0.0,3.0,0.0,0.0,0.0,0.0,0.0,0.0,0.0,0.0,0.0,0.0,0.0,0.0,0.0,0.0,0.0,1.0,1.0,9.0,#NULL!,#NULL!,#NULL!,#NULL!,#NULL!,#NULL!,900,1000,1.0,,2.0,2.0,2.0,2.0,3.0,3.0,6.0,6.0,7.0,7.0,3.0,3.0,2.0,2.0,3.0,2.0,2.0,2.0,3.0,9.0,3.0,1.0,2.0,6.0,
3,5,4.0,18,E,1.0,,7,,"MENJUAL BARANG RUNCIT, MAKANAN DAN MINUMAN",4,4,1,3,3,3,3,3,2,4,4,4,4,1,,,,,0,0,,,,,2.0,1,,2.0,2.0,2.0,2.0,0.0,1.0,1.0,0.0,0.0,0.0,0.0,0.0,0.0,0.0,0.0,0.0,0.0,0.0,0.0,0.0,0.0,0.0,0.0,0.0,0.0,0.0,0.0,0.0,0.0,0.0,0.0,0.0,0.0,0.0,2.0,2.0,9.0,#NULL!,#NULL!,#NULL!,#NULL!,#NULL!,#NULL!,500,700,1.0,,6.0,6.0,3.0,3.0,3.0,3.0,6.0,6.0,7.0,7.0,1.0,4.0,1.0,1.0,4.0,2.0,2.0,1.0,1.0,9.0,2.0,1.0,3.0,10.0,
3,5,4.0,18,F,1.0,,9,,RESTORAN,3,4,1,1,3,3,3,4,2,4,4,3,4,1,,,,,0,0,,,,,2.0,1,,2.0,2.0,2.0,2.0,2.0,2.0,4.0,0.0,1.0,1.0,0.0,0.0,0.0,0.0,0.0,0.0,0.0,1.0,1.0,0.0,0.0,0.0,0.0,0.0,0.0,0.0,0.0,0.0,0.0,0.0,0.0,0.0,0.0,0.0,2.0,2.0,9.0,#NULL!,#NULL!,#NULL!,#NULL!,#NULL!,#NULL!,700,1400,1.0,,6.0,6.0,3.0,3.0,3.0,3.0,6.0,6.0,7.0,7.0,2.0,2.0,1.0,2.0,3.0,1.0,1.0,2.0,2.0,9.0,2.0,1.0,3.0,10.0,
3,5,4.0,19,I,1.0,,10,,KHIDMAT BAYARAN BIL TELEFON,3,3,3,3,4,4,3,3,3,4,4,4,4,1,,,,,0,0,,,,,2.0,1,,2.0,2.0,2.0,2.0,0.0,1.0,1.0,0.0,0.0,0.0,0.0,0.0,0.0,0.0,0.0,0.0,0.0,0.0,0.0,0.0,0.0,0.0,0.0,0.0,0.0,0.0,0.0,0.0,0.0,0.0,0.0,0.0,0.0,0.0,1.0,2.0,9.0,#NULL!,#NULL!,#NULL!,#NULL!,#NULL!,#NULL!,400,500,1.0,,6.0,6.0,3.0,3.0,3.0,3.0,6.0,6.0,7.0,7.0,4.0,4.0,3.0,2.0,2.0,2.0,2.0,3.0,3.0,9.0,3.0,1.0,2.0,6.0,
3,5,4.0,17,I,1.0,,17,,RAWATAN GIGI,3,3,2,3,3,3,2,3,3,3,3,3,3,2,1.0,,,,0,0,,,,,1.0,1,,2.0,2.0,2.0,2.0,0.0,4.0,4.0,0.0,2.0,2.0,0.0,0.0,0.0,0.0,0.0,0.0,0.0,0.0,0.0,0.0,0.0,0.0,0.0,0.0,0.0,0.0,2.0,2.0,0.0,0.0,0.0,0.0,0.0,0.0,1.0,1.0,1.0,#NULL!,#NULL!,#NULL!,#NULL!,#NULL!,#NULL!,1000,1400,1.0,,6.0,6.0,3.0,3.0,3.0,3.0,6.0,6.0,7.0,7.0,3.0,3.0,2.0,2.0,3.0,2.0,2.0,2.0,2.0,7.0,3.0,2.0,1.0,1.0,
3,5,4.0,12,E,1.0,,9,,KEK & ROTI,3,3,3,2,3,3,3,3,4,4,4,4,4,2,1.0,,,,0,0,,,,,2.0,1,,2.0,2.0,2.0,2.0,1.0,2.0,3.0,1.0,1.0,2.0,0.0,0.0,0.0,0.0,0.0,0.0,1.0,1.0,2.0,0.0,0.0,0.0,0.0,0.0,0.0,0.0,0.0,0.0,0.0,0.0,0.0,0.0,0.0,0.0,2.0,2.0,8.0,#NULL!,#NULL!,#NULL!,#NULL!,#NULL!,#NULL!,528,720,1.0,,6.0,6.0,3.0,3.0,3.0,3.0,6.0,6.0,7.0,7.0,2.0,2.0,1.0,1.0,3.0,2.0,1.0,2.0,3.0,9.0,3.0,2.0,1.0,3.0,
3,5,4.0,25,E,1.0,,7,,"MENJUAL KOSMETIK,SELIPAR, BAJU",3,3,2,1,3,3,3,3,3,3,4,4,4,2,1.0,,,,0,0,,,,,2.0,1,,2.0,2.0,2.0,2.0,0.0,1.0,1.0,0.0,1.0,1.0,0.0,1.0,1.0,0.0,0.0,0.0,0.0,0.0,0.0,0.0,0.0,0.0,0.0,0.0,0.0,0.0,0.0,0.0,0.0,0.0,0.0,0.0,0.0,0.0,2.0,2.0,1.0,#NULL!,#NULL!,#NULL!,#NULL!,#NULL!,#NULL!,700,900,1.0,,2.0,2.0,1.0,1.0,1.0,1.0,6.0,6.0,7.0,7.0,1.0,1.0,1.0,1.0,2.0,2.0,2.0,2.0,3.0,9.0,3.0,1.0,2.0,3.0,
3,5,4.0,13,E,1.0,,7,,BARANGAN RUNCIT,3,3,2,2,3,3,3,3,3,2,2,2,3,1,,,,,0,0,,,,,2.0,1,,2.0,2.0,2.0,2.0,0.0,0.0,0.0,0.0,0.0,0.0,0.0,0.0,0.0,0.0,0.0,0.0,0.0,0.0,0.0,0.0,0.0,0.0,0.0,0.0,0.0,0.0,0.0,0.0,0.0,0.0,0.0,0.0,0.0,0.0,3.0,2.0,9.0,#NULL!,#NULL!,#NULL!,#NULL!,#NULL!,#NULL!,#NULL!,#NULL!,1.0,,6.0,6.0,3.0,3.0,3.0,3.0,6.0,6.0,7.0,7.0,2.0,2.0,1.0,1.0,3.0,2.0,1.0,1.0,2.0,9.0,3.0,1.0,2.0,6.0,
3,5,4.0,18,F,1.0,,9,,MAKANAN DAN MINUMAN,4,4,1,1,4,4,4,4,2,4,3,4,4,1,,,,,0,0,,,,,2.0,1,,2.0,2.0,2.0,2.0,2.0,0.0,2.0,0.0,0.0,0.0,0.0,0.0,0.0,0.0,0.0,0.0,0.0,0.0,0.0,0.0,0.0,0.0,0.0,0.0,0.0,0.0,0.0,0.0,0.0,0.0,0.0,0.0,0.0,0.0,2.0,2.0,9.0,#NULL!,#NULL!,#NULL!,#NULL!,#NULL!,#NULL!,500,700,1.0,,6.0,6.0,3.0,3.0,3.0,3.0,6.0,6.0,7.0,7.0,3.0,3.0,2.0,2.0,4.0,2.0,2.0,2.0,1.0,9.0,3.0,2.0,1.0,3.0,
3,5,4.0,21,E,1.0,,8,,PERKHIDMATAN TEKSI,3,3,2,2,3,3,3,2,4,4,4,3,4,1,,,,,0,0,,,,,2.0,1,,2.0,2.0,2.0,2.0,0.0,0.0,0.0,0.0,0.0,0.0,0.0,0.0,0.0,0.0,0.0,0.0,0.0,0.0,0.0,0.0,0.0,0.0,0.0,0.0,0.0,0.0,0.0,0.0,0.0,0.0,0.0,0.0,0.0,0.0,2.0,2.0,7.0,#NULL!,#NULL!,#NULL!,#NULL!,#NULL!,#NULL!,#NULL!,#NULL!,1.0,,6.0,6.0,3.0,3.0,3.0,3.0,6.0,6.0,7.0,7.0,2.0,2.0,1.0,2.0,3.0,2.0,2.0,2.0,2.0,7.0,3.0,1.0,2.0,3.0,
3,5,4.0,25,E,1.0,,7,,MENJUAL PERHIASAN ELEKTRIK,3,2,2,3,3,3,3,3,3,3,3,2,3,1,,,,,0,0,,,,,2.0,1,,2.0,2.0,2.0,2.0,1.0,1.0,2.0,1.0,2.0,3.0,0.0,1.0,1.0,1.0,0.0,1.0,0.0,0.0,0.0,0.0,0.0,0.0,0.0,0.0,0.0,0.0,1.0,1.0,0.0,0.0,0.0,0.0,0.0,0.0,2.0,2.0,8.0,#NULL!,#NULL!,#NULL!,#NULL!,#NULL!,#NULL!,1200,1200,1.0,,6.0,6.0,3.0,3.0,3.0,3.0,6.0,6.0,7.0,7.0,2.0,2.0,2.0,2.0,2.0,2.0,2.0,2.0,2.0,9.0,2.0,1.0,1.0,3.0,
3,5,3.0,8,A,3.0,,3,,PERLOMBONGAN KUARI,1,2,2,3,3,2,2,3,3,2,2,4,4,1,,,,,0,0,,,,,2.0,1,,2.0,2.0,2.0,2.0,4.0,2.0,6.0,5.0,1.0,6.0,0.0,1.0,1.0,0.0,0.0,0.0,4.0,0.0,4.0,0.0,0.0,0.0,1.0,0.0,1.0,0.0,0.0,0.0,0.0,0.0,0.0,0.0,0.0,0.0,2.0,1.0,2.0,#NULL!,#NULL!,#NULL!,#NULL!,#NULL!,#NULL!,1200,1200,1.0,,2.0,2.0,2.0,2.0,3.0,3.0,5.0,6.0,2.0,2.0,3.0,2.0,3.0,3.0,2.0,1.0,1.0,1.0,1.0,2.0,3.0,1.0,2.0,6.0,
3,5,4.0,5,A,1.0,,1,,PENJUAL LEMBU,3,3,2,2,3,3,3,2,3,4,4,3,4,1,,,,,0,0,,,,,2.0,1,,2.0,2.0,1.0,2.0,0.0,0.0,0.0,0.0,0.0,0.0,0.0,0.0,0.0,0.0,0.0,0.0,0.0,0.0,0.0,0.0,0.0,0.0,0.0,0.0,0.0,0.0,0.0,0.0,0.0,0.0,0.0,0.0,0.0,0.0,2.0,2.0,9.0,#NULL!,#NULL!,#NULL!,#NULL!,#NULL!,#NULL!,#NULL!,#NULL!,1.0,,6.0,6.0,3.0,3.0,3.0,3.0,6.0,6.0,7.0,7.0,3.0,3.0,3.0,1.0,3.0,1.0,1.0,2.0,2.0,9.0,3.0,1.0,2.0,6.0,
3,5,4.0,25,J,1.0,,19,GUNTING,GUNTING RAMBUT,3,3,3,3,3,3,3,3,3,4,3,3,3,1,,,,,0,0,,,,,2.0,1,,2.0,2.0,2.0,2.0,0.0,0.0,0.0,0.0,0.0,0.0,0.0,0.0,0.0,0.0,0.0,0.0,0.0,0.0,0.0,0.0,0.0,0.0,0.0,0.0,0.0,0.0,0.0,0.0,0.0,0.0,0.0,0.0,0.0,0.0,2.0,2.0,9.0,#NULL!,#NULL!,#NULL!,#NULL!,#NULL!,#NULL!,#NULL!,#NULL!,1.0,,6.0,6.0,3.0,3.0,3.0,3.0,6.0,6.0,7.0,7.0,2.0,2.0,1.0,1.0,2.0,2.0,2.0,2.0,2.0,9.0,3.0,1.0,2.0,3.0,
3,5,4.0,12,B,1.0,,19,JAHIT,JAHIT DAN JUAL PAKAIAN,3,3,2,3,3,3,3,3,3,4,4,3,4,1,,,,,0,0,,,,,2.0,1,,2.0,2.0,2.0,2.0,0.0,1.0,1.0,0.0,1.0,1.0,0.0,0.0,0.0,0.0,0.0,0.0,0.0,0.0,0.0,0.0,0.0,0.0,0.0,0.0,0.0,0.0,1.0,1.0,0.0,0.0,0.0,0.0,0.0,0.0,2.0,2.0,9.0,#NULL!,#NULL!,#NULL!,#NULL!,#NULL!,#NULL!,800,900,1.0,,1.0,1.0,1.0,1.0,3.0,3.0,6.0,6.0,2.0,2.0,2.0,2.0,2.0,2.0,3.0,3.0,2.0,2.0,2.0,2.0,3.0,1.0,2.0,3.0,
3,5,4.0,2,A,1.0,,2,,PENTERNAKAN IKAN,3,3,2,2,4,4,4,1,3,4,4,3,4,1,,,,,0,0,,,,,2.0,1,,2.0,2.0,2.0,2.0,0.0,0.0,0.0,0.0,0.0,0.0,0.0,0.0,0.0,0.0,0.0,0.0,0.0,0.0,0.0,0.0,0.0,0.0,0.0,0.0,0.0,0.0,0.0,0.0,0.0,0.0,0.0,0.0,0.0,0.0,3.0,3.0,9.0,#NULL!,#NULL!,#NULL!,#NULL!,#NULL!,#NULL!,#NULL!,#NULL!,1.0,,6.0,6.0,3.0,3.0,3.0,3.0,6.0,6.0,7.0,7.0,3.0,3.0,2.0,3.0,3.0,2.0,2.0,2.0,2.0,7.0,3.0,1.0,2.0,1.0,
3,5,4.0,12,B,1.0,,4,,"PRODUK SOS,KICAP",3,3,3,3,2,2,2,2,3,4,4,3,4,1,,,,,0,0,,,,,2.0,1,,2.0,2.0,1.0,2.0,0.0,0.0,0.0,0.0,0.0,0.0,0.0,0.0,0.0,0.0,0.0,0.0,0.0,0.0,0.0,0.0,0.0,0.0,0.0,0.0,0.0,0.0,0.0,0.0,0.0,0.0,0.0,0.0,0.0,0.0,2.0,2.0,9.0,#NULL!,#NULL!,#NULL!,#NULL!,#NULL!,#NULL!,#NULL!,#NULL!,1.0,,6.0,6.0,3.0,3.0,3.0,3.0,6.0,6.0,7.0,7.0,2.0,2.0,2.0,2.0,2.0,2.0,2.0,2.0,2.0,6.0,3.0,1.0,2.0,6.0,
3,5,4.0,4,I,1.0,,1,,NURSERY,4,4,1,3,4,4,2,2,3,3,3,3,4,1,,,,,0,0,,,,,2.0,1,,1.0,1.0,1.0,1.0,0.0,4.0,4.0,0.0,0.0,0.0,0.0,0.0,0.0,0.0,0.0,0.0,0.0,0.0,0.0,0.0,0.0,0.0,0.0,0.0,0.0,0.0,0.0,0.0,0.0,0.0,0.0,0.0,0.0,0.0,2.0,2.0,9.0,#NULL!,#NULL!,#NULL!,#NULL!,#NULL!,#NULL!,300,500,1.0,,6.0,6.0,3.0,3.0,3.0,3.0,6.0,6.0,7.0,7.0,2.0,3.0,2.0,2.0,3.0,1.0,1.0,1.0,2.0,8.0,2.0,3.0,1.0,6.0,
3,5,4.0,25,J,1.0,,19,BAIK PULIH,SERVIS MESIN BASUH DAN LAIN2,3,2,1,2,2,3,3,1,3,3,3,3,3,1,,,,,0,0,,,,,2.0,3,1.0,2.0,2.0,2.0,2.0,3.0,0.0,3.0,3.0,0.0,3.0,0.0,0.0,0.0,0.0,0.0,0.0,3.0,0.0,3.0,0.0,0.0,0.0,0.0,0.0,0.0,0.0,0.0,0.0,0.0,0.0,0.0,0.0,0.0,0.0,3.0,3.0,9.0,#NULL!,#NULL!,#NULL!,#NULL!,1200,1500,#NULL!,#NULL!,2.0,PERNIAGAAN,6.0,6.0,3.0,3.0,3.0,3.0,6.0,6.0,7.0,7.0,3.0,3.0,3.0,3.0,3.0,3.0,3.0,3.0,3.0,8.0,3.0,1.0,2.0,6.0,
3,5,4.0,16,J,1.0,,11,,CYBER CAFE & KELAS KOMPUTER,3,3,3,3,3,3,3,3,3,3,3,3,4,1,,,,,0,0,,,,,2.0,1,,2.0,2.0,2.0,2.0,0.0,1.0,1.0,0.0,1.0,1.0,0.0,1.0,1.0,0.0,0.0,0.0,0.0,0.0,0.0,0.0,0.0,0.0,0.0,0.0,0.0,0.0,0.0,0.0,0.0,0.0,0.0,0.0,0.0,0.0,2.0,2.0,1.0,#NULL!,#NULL!,#NULL!,#NULL!,#NULL!,#NULL!,400,400,1.0,,6.0,6.0,3.0,3.0,3.0,3.0,6.0,6.0,7.0,7.0,3.0,3.0,3.0,3.0,3.0,3.0,3.0,3.0,3.0,5.0,2.0,1.0,1.0,1.0,
3,5,4.0,13,E,1.0,,7,,PERNIAGAAN BORONG DAN RUNCIT,4,4,2,1,3,3,3,3,4,4,4,3,4,1,,,,,0,0,,,,,2.0,1,,2.0,2.0,2.0,2.0,0.0,3.0,3.0,0.0,2.0,2.0,0.0,0.0,0.0,0.0,0.0,0.0,0.0,2.0,2.0,0.0,0.0,0.0,0.0,0.0,0.0,0.0,0.0,0.0,0.0,1.0,1.0,0.0,0.0,0.0,2.0,2.0,8.0,#NULL!,#NULL!,#NULL!,#NULL!,#NULL!,#NULL!,500,800,1.0,,6.0,6.0,1.0,1.0,3.0,3.0,6.0,6.0,7.0,7.0,2.0,2.0,1.0,2.0,3.0,2.0,2.0,2.0,2.0,9.0,3.0,2.0,1.0,3.0,
3,5,4.0,25,E,1.0,,7,,PERNIAGAAN BORONG DANRUNCIT,3,1,1,3,3,3,3,1,1,3,3,1,3,1,,,,,0,0,,,,,2.0,1,,2.0,2.0,2.0,2.0,3.0,1.0,4.0,2.0,0.0,2.0,1.0,0.0,1.0,0.0,0.0,0.0,1.0,0.0,1.0,0.0,0.0,0.0,0.0,0.0,0.0,0.0,0.0,0.0,0.0,0.0,0.0,0.0,0.0,0.0,3.0,2.0,8.0,900,1200,1000,1300,#NULL!,#NULL!,900,1200,1.0,,1.0,1.0,3.0,3.0,1.0,1.0,6.0,6.0,7.0,7.0,2.0,2.0,2.0,2.0,2.0,2.0,2.0,2.0,2.0,6.0,1.0,1.0,1.0,1.0,
3,5,4.0,18,F,1.0,,9,,KEDAI MAKAN NASI AYAM,3,3,1,2,3,4,3,3,3,3,4,3,4,1,,,,,0,0,,,,,2.0,1,,2.0,2.0,2.0,2.0,1.0,2.0,3.0,1.0,2.0,3.0,0.0,0.0,0.0,0.0,0.0,0.0,0.0,0.0,0.0,1.0,0.0,1.0,0.0,0.0,0.0,0.0,2.0,2.0,0.0,0.0,0.0,0.0,0.0,0.0,2.0,2.0,8.0,#NULL!,#NULL!,#NULL!,#NULL!,#NULL!,#NULL!,750,1050,2.0,SUKAR MENDA,1.0,3.0,3.0,3.0,3.0,3.0,6.0,6.0,7.0,7.0,3.0,2.0,2.0,2.0,4.0,1.0,2.0,3.0,2.0,9.0,1.0,3.0,3.0,5.0,
4,5,3.0,24,H,3.0,,19,pelancongan,pakej umrah dan pelancongan ke luar negara,3,3,3,2,3,3,3,3,3,3,3,3,3,2,1.0,,,,0,0,,,,,1.0,3,1.0,1.0,2.0,2.0,2.0,2.0,3.0,5.0,0.0,2.0,2.0,0.0,1.0,1.0,0.0,0.0,0.0,0.0,0.0,0.0,0.0,0.0,0.0,0.0,1.0,1.0,0.0,0.0,0.0,0.0,1.0,1.0,0.0,0.0,0.0,2.0,2.0,1.0,1000,1000,1000,1000,1000,1000,1000,1000,1.0,,6.0,6.0,3.0,3.0,3.0,3.0,6.0,6.0,2.0,2.0,3.0,3.0,3.0,3.0,3.0,3.0,3.0,3.0,3.0,9.0,1.0,3.0,2.0,5.0,
4,5,4.0,28,D,3.0,,4,,kitar semula,3,2,3,2,2,2,2,4,4,4,4,3,3,1,,,,,0,0,,,,,2.0,1,,2.0,2.0,2.0,2.0,4.0,2.0,6.0,0.0,2.0,2.0,0.0,1.0,1.0,0.0,0.0,0.0,0.0,0.0,0.0,0.0,0.0,0.0,0.0,1.0,1.0,0.0,0.0,0.0,0.0,0.0,0.0,0.0,0.0,0.0,1.0,1.0,2.0,#NULL!,#NULL!,#NULL!,#NULL!,#NULL!,#NULL!,2000,2500,1.0,,6.0,6.0,1.0,3.0,3.0,3.0,6.0,6.0,7.0,7.0,2.0,2.0,2.0,2.0,2.0,2.0,2.0,2.0,2.0,9.0,3.0,1.0,2.0,1.0,
4,5,4.0,18,F,2.0,,9,,gerai makan,4,4,4,4,4,4,4,4,4,4,4,4,4,2,1.0,,,,0,0,,,,,2.0,1,,2.0,2.0,2.0,2.0,0.0,0.0,0.0,0.0,0.0,0.0,0.0,0.0,0.0,0.0,0.0,0.0,0.0,0.0,0.0,0.0,0.0,0.0,0.0,0.0,0.0,0.0,0.0,0.0,0.0,0.0,0.0,0.0,0.0,0.0,2.0,2.0,8.0,#NULL!,#NULL!,#NULL!,#NULL!,#NULL!,#NULL!,#NULL!,#NULL!,1.0,,6.0,6.0,3.0,3.0,3.0,3.0,6.0,6.0,7.0,7.0,3.0,3.0,3.0,3.0,3.0,3.0,3.0,3.0,3.0,9.0,2.0,2.0,2.0,1.0,
4,5,4.0,26,H,1.0,,19,preparing management report,management accounting,4,3,2,2,2,4,3,4,3,3,4,2,3,2,1.0,,,,0,0,,,,,2.0,1,,2.0,2.0,2.0,2.0,0.0,2.0,2.0,0.0,2.0,2.0,0.0,0.0,0.0,0.0,1.0,1.0,0.0,0.0,0.0,0.0,1.0,1.0,0.0,0.0,0.0,0.0,0.0,0.0,0.0,0.0,0.0,0.0,0.0,0.0,2.0,2.0,8.0,1100,1300,#NULL!,#NULL!,900,1000,800,1000,1.0,,1.0,1.0,1.0,1.0,1.0,1.0,1.0,6.0,3.0,3.0,2.0,2.0,2.0,2.0,2.0,2.0,2.0,3.0,3.0,2.0,2.0,1.0,3.0,3.0,
4,5,,23,I,7.0,,15,,mengadakan seminar,4,3,3,4,3,3,3,3,3,3,2,3,3,2,1.0,,,,0,0,,,,,1.0,2,2.0,1.0,1.0,2.0,2.0,5.0,4.0,9.0,6.0,2.0,8.0,3.0,1.0,4.0,0.0,0.0,0.0,0.0,0.0,0.0,1.0,1.0,2.0,0.0,0.0,0.0,2.0,0.0,2.0,0.0,0.0,0.0,0.0,0.0,0.0,3.0,1.0,2.0,2000,5000,3000,6000,1500,3000,1200,3000,1.0,,2.0,2.0,3.0,3.0,3.0,3.0,1.0,5.0,2.0,7.0,3.0,3.0,3.0,3.0,3.0,3.0,3.0,3.0,3.0,2.0,1.0,2.0,3.0,6.0,
4,5,3.0,13,E,3.0,,18,kedai printing dan fotostat,printing,4,3,2,1,3,4,3,3,4,1,1,2,4,1,,,,,0,0,,,,,1.0,3,2.0,2.0,2.0,2.0,2.0,8.0,4.0,12.0,14.0,6.0,20.0,0.0,0.0,0.0,7.0,3.0,10.0,0.0,0.0,0.0,0.0,0.0,0.0,7.0,3.0,10.0,0.0,0.0,0.0,0.0,0.0,0.0,0.0,0.0,0.0,1.0,1.0,1.0,1200,2500,#NULL!,#NULL!,1200,2500,900,1000,2.0,tak stay lama,2.0,2.0,1.0,2.0,3.0,3.0,5.0,6.0,2.0,2.0,2.0,3.0,2.0,2.0,2.0,2.0,2.0,3.0,2.0,3.0,1.0,3.0,2.0,3.0,
4,5,4.0,25,E,3.0,,6,,construction,3,2,2,2,3,2,2,2,3,3,3,3,3,1,,,,,0,0,,,,,2.0,1,,2.0,2.0,2.0,2.0,25.0,4.0,29.0,28.0,0.0,28.0,1.0,0.0,1.0,0.0,0.0,0.0,13.0,0.0,13.0,0.0,0.0,0.0,0.0,0.0,0.0,14.0,0.0,14.0,0.0,0.0,0.0,0.0,0.0,0.0,2.0,1.0,2.0,#NULL!,#NULL!,#NULL!,#NULL!,#NULL!,#NULL!,1800,3000,1.0,,3.0,3.0,2.0,2.0,3.0,3.0,1.0,6.0,7.0,7.0,3.0,3.0,3.0,3.0,3.0,2.0,2.0,3.0,3.0,6.0,2.0,1.0,3.0,3.0,
4,5,3.0,4,A,3.0,,1,,"plantation, oil, palm, agriculture",3,3,3,3,4,3,3,3,3,2,3,3,3,1,,,,,0,0,,,,,2.0,1,,2.0,2.0,2.0,2.0,1.0,1.0,2.0,0.0,0.0,0.0,0.0,0.0,0.0,0.0,0.0,0.0,0.0,0.0,0.0,0.0,0.0,0.0,0.0,0.0,0.0,0.0,0.0,0.0,0.0,0.0,0.0,0.0,0.0,0.0,2.0,2.0,2.0,#NULL!,#NULL!,#NULL!,#NULL!,#NULL!,#NULL!,900,1000,1.0,,6.0,3.0,3.0,2.0,3.0,3.0,5.0,6.0,7.0,1.0,4.0,4.0,4.0,4.0,4.0,4.0,2.0,4.0,2.0,9.0,3.0,1.0,2.0,3.0,
4,5,3.0,13,E,3.0,,8,,"hardware, transport",2,2,2,3,3,3,3,3,4,4,3,3,3,1,,,,,0,0,,,,,2.0,1,,2.0,2.0,2.0,2.0,17.0,3.0,20.0,20.0,2.0,22.0,4.0,1.0,5.0,0.0,0.0,0.0,6.0,0.0,6.0,0.0,0.0,0.0,4.0,1.0,5.0,6.0,0.0,6.0,0.0,0.0,0.0,0.0,0.0,0.0,2.0,1.0,2.0,#NULL!,#NULL!,#NULL!,#NULL!,1300,1500,1500,2000,1.0,,2.0,3.0,1.0,2.0,3.0,3.0,5.0,6.0,7.0,7.0,3.0,2.0,3.0,3.0,3.0,3.0,3.0,3.0,3.0,2.0,1.0,2.0,3.0,1.0,
4,5,3.0,12,C,3.0,,19,kedai membuat batu nisan,batu nisan,4,2,1,2,1,1,1,2,4,4,4,2,3,1,,,,,0,0,,,,,1.0,3,3.0,2.0,2.0,2.0,2.0,5.0,3.0,8.0,4.0,3.0,7.0,1.0,0.0,1.0,0.0,0.0,0.0,2.0,3.0,5.0,1.0,0.0,1.0,0.0,0.0,0.0,0.0,0.0,0.0,4.0,3.0,7.0,0.0,0.0,0.0,1.0,1.0,1.0,#NULL!,#NULL!,#NULL!,#NULL!,#NULL!,#NULL!,1500,2000,2.0,"susah nak dapat peruncit, sekali audit kena dalam bilangan banyak",2.0,3.0,1.0,1.0,3.0,3.0,5.0,6.0,3.0,3.0,3.0,3.0,3.0,3.0,3.0,3.0,3.0,3.0,3.0,9.0,3.0,1.0,2.0,1.0,
4,5,4.0,20,I,1.0,,16,mengajar membuat kraftangan,kraftangan,3,2,2,3,3,3,3,3,3,4,4,4,4,1,,,,,0,0,,,,,2.0,1,,2.0,2.0,2.0,2.0,0.0,2.0,2.0,0.0,4.0,4.0,0.0,0.0,0.0,0.0,0.0,0.0,0.0,2.0,2.0,0.0,0.0,0.0,0.0,0.0,0.0,0.0,2.0,2.0,0.0,0.0,0.0,0.0,0.0,0.0,2.0,2.0,9.0,#NULL!,#NULL!,#NULL!,#NULL!,#NULL!,#NULL!,900,1000,1.0,,1.0,1.0,1.0,1.0,1.0,1.0,6.0,6.0,7.0,7.0,3.0,2.0,2.0,2.0,2.0,2.0,2.0,2.0,2.0,8.0,1.0,2.0,3.0,1.0,
4,5,4.0,22,F,1.0,,9,,perhotelan,3,1,1,1,4,3,3,4,3,3,3,2,1,2,1.0,,,,0,0,,,,,2.0,1,,2.0,2.0,2.0,2.0,1.0,2.0,3.0,2.0,2.0,4.0,0.0,0.0,0.0,0.0,0.0,0.0,1.0,1.0,2.0,0.0,0.0,0.0,0.0,0.0,0.0,1.0,1.0,2.0,0.0,0.0,0.0,0.0,0.0,0.0,2.0,2.0,2.0,#NULL!,#NULL!,#NULL!,#NULL!,1000,1300,900,1000,1.0,,6.0,2.0,3.0,1.0,3.0,3.0,6.0,6.0,7.0,7.0,2.0,2.0,2.0,2.0,2.0,2.0,2.0,2.0,2.0,9.0,3.0,2.0,1.0,9.0,
4,5,3.0,24,H,1.0,,8,,"transport, metal, rubbish, alam sekitar",1,1,1,2,2,2,2,2,4,4,4,3,3,1,,,,,0,0,,,,,2.0,1,,2.0,2.0,2.0,2.0,2.0,0.0,2.0,4.0,0.0,4.0,0.0,0.0,0.0,0.0,0.0,0.0,2.0,0.0,2.0,0.0,0.0,0.0,0.0,0.0,0.0,2.0,0.0,2.0,0.0,0.0,0.0,0.0,0.0,0.0,3.0,3.0,9.0,#NULL!,#NULL!,#NULL!,#NULL!,#NULL!,#NULL!,900,1000,2.0,young worker sering tukar pekerjaan,6.0,1.0,3.0,2.0,3.0,3.0,6.0,6.0,7.0,7.0,3.0,3.0,3.0,3.0,3.0,3.0,3.0,3.0,4.0,9.0,3.0,2.0,1.0,1.0,
4,5,3.0,12,C,3.0,,4,,plastik,2,2,2,3,4,3,2,2,4,3,3,4,2,2,1.0,,,,0,0,,,,,2.0,3,2.0,2.0,2.0,2.0,2.0,25.0,8.0,33.0,2.0,10.0,12.0,1.0,5.0,6.0,0.0,0.0,0.0,0.0,0.0,0.0,0.0,2.0,2.0,1.0,2.0,3.0,0.0,1.0,1.0,24.0,3.0,27.0,0.0,0.0,0.0,1.0,2.0,6.0,1500,2000,#NULL!,#NULL!,1500,2000,1300,1800,1.0,,2.0,3.0,1.0,2.0,3.0,3.0,5.0,6.0,2.0,7.0,3.0,2.0,2.0,1.0,2.0,2.0,1.0,2.0,1.0,2.0,3.0,1.0,2.0,6.0,
4,5,4.0,13,E,1.0,,8,kedai motor,membaiki motor,1,1,2,2,3,3,4,4,4,4,4,3,3,2,1.0,,,,0,0,,,,,2.0,1,,2.0,2.0,2.0,2.0,4.0,0.0,4.0,6.0,0.0,6.0,0.0,0.0,0.0,0.0,0.0,0.0,3.0,0.0,3.0,0.0,0.0,0.0,0.0,0.0,0.0,3.0,0.0,3.0,0.0,0.0,0.0,0.0,0.0,0.0,2.0,2.0,9.0,#NULL!,#NULL!,#NULL!,#NULL!,#NULL!,#NULL!,#NULL!,#NULL!,1.0,,2.0,1.0,1.0,2.0,3.0,3.0,6.0,6.0,7.0,7.0,3.0,3.0,3.0,3.0,3.0,3.0,3.0,3.0,3.0,9.0,3.0,1.0,2.0,3.0,
4,5,4.0,13,E,2.0,,7,,kedai runcit,2,2,2,2,4,4,4,4,4,4,4,3,3,1,,,,,0,0,,,,,2.0,1,,2.0,2.0,2.0,2.0,0.0,0.0,0.0,0.0,0.0,0.0,0.0,0.0,0.0,0.0,0.0,0.0,0.0,0.0,0.0,0.0,0.0,0.0,0.0,0.0,0.0,0.0,0.0,0.0,0.0,0.0,0.0,0.0,0.0,0.0,2.0,2.0,9.0,#NULL!,#NULL!,#NULL!,#NULL!,#NULL!,#NULL!,#NULL!,#NULL!,1.0,,6.0,6.0,3.0,3.0,3.0,3.0,6.0,6.0,7.0,7.0,3.0,3.0,3.0,3.0,3.0,3.0,3.0,3.0,3.0,9.0,3.0,3.0,3.0,1.0,
4,5,4.0,13,E,1.0,,4,,perabot,1,3,1,1,3,3,3,3,3,3,3,3,2,1,,,,,0,0,,,,,2.0,3,2.0,2.0,2.0,2.0,2.0,2.0,0.0,2.0,0.0,0.0,0.0,0.0,0.0,0.0,0.0,0.0,0.0,0.0,0.0,0.0,0.0,0.0,0.0,0.0,0.0,0.0,0.0,0.0,0.0,2.0,0.0,2.0,0.0,0.0,0.0,2.0,1.0,8.0,#NULL!,#NULL!,#NULL!,#NULL!,#NULL!,#NULL!,1200,2000,1.0,,6.0,6.0,3.0,3.0,2.0,2.0,6.0,6.0,2.0,2.0,2.0,2.0,2.0,2.0,3.0,2.0,2.0,2.0,2.0,3.0,1.0,3.0,2.0,3.0,
4,5,3.0,17,I,1.0,,17,,eye specialist,3,2,1,1,2,4,2,3,3,3,2,3,1,2,1.0,,,,0,0,,,,,2.0,1,,2.0,2.0,2.0,2.0,4.0,16.0,20.0,2.0,14.0,16.0,0.0,7.0,7.0,1.0,0.0,1.0,0.0,0.0,0.0,1.0,3.0,4.0,0.0,0.0,0.0,0.0,4.0,4.0,0.0,0.0,0.0,0.0,0.0,0.0,1.0,1.0,1.0,2000,3500,#NULL!,#NULL!,#NULL!,#NULL!,1500,1800,1.0,,3.0,2.0,3.0,3.0,3.0,3.0,1.0,6.0,6.0,6.0,1.0,1.0,1.0,1.0,1.0,1.0,1.0,1.0,1.0,2.0,2.0,1.0,3.0,3.0,
4,5,4.0,19,G,3.0,,10,,networking,1,2,1,1,3,4,2,2,4,4,4,4,1,2,1.0,,,,0,0,,,,,2.0,1,,1.0,2.0,2.0,2.0,10.0,1.0,11.0,6.0,0.0,6.0,0.0,0.0,0.0,3.0,0.0,3.0,0.0,0.0,0.0,0.0,0.0,0.0,1.0,0.0,1.0,2.0,0.0,2.0,0.0,0.0,0.0,0.0,0.0,0.0,3.0,2.0,9.0,#NULL!,#NULL!,#NULL!,#NULL!,1800,4000,1000,1500,1.0,,1.0,1.0,2.0,2.0,3.0,3.0,6.0,6.0,2.0,2.0,4.0,1.0,3.0,3.0,3.0,1.0,1.0,2.0,1.0,2.0,3.0,2.0,1.0,3.0,
4,5,4.0,25,E,1.0,,7,perniagaan,menjual perabot,3,3,1,1,4,4,4,4,4,4,4,4,1,1,,,,,0,0,,,,,2.0,1,,2.0,2.0,2.0,2.0,2.0,1.0,3.0,0.0,0.0,0.0,0.0,0.0,0.0,0.0,0.0,0.0,0.0,0.0,0.0,0.0,0.0,0.0,0.0,0.0,0.0,0.0,0.0,0.0,0.0,0.0,0.0,0.0,0.0,0.0,2.0,2.0,8.0,#NULL!,#NULL!,#NULL!,#NULL!,#NULL!,#NULL!,1500,1800,1.0,,6.0,6.0,3.0,3.0,3.0,3.0,6.0,6.0,7.0,7.0,3.0,2.0,1.0,3.0,3.0,2.0,1.0,3.0,1.0,9.0,2.0,3.0,1.0,3.0,
4,5,4.0,4,A,1.0,,1,,buah-buahan (tebu),3,3,2,2,1,2,3,3,4,4,4,4,1,1,,,,,0,0,,,,,2.0,3,2.0,2.0,2.0,2.0,2.0,2.0,0.0,2.0,0.0,0.0,0.0,0.0,0.0,0.0,0.0,0.0,0.0,0.0,0.0,0.0,0.0,0.0,0.0,0.0,0.0,0.0,0.0,0.0,0.0,0.0,0.0,0.0,0.0,0.0,0.0,3.0,1.0,8.0,#NULL!,#NULL!,#NULL!,#NULL!,#NULL!,#NULL!,1000,1500,2.0,pekerja migrant,6.0,6.0,2.0,2.0,3.0,3.0,6.0,6.0,7.0,7.0,3.0,1.0,2.0,4.0,4.0,1.0,1.0,3.0,1.0,9.0,3.0,2.0,1.0,3.0,
4,5,4.0,12,B,2.0,,7,kedai jahit,kedai jahit,4,3,1,2,2,4,1,4,4,4,4,4,1,1,,,,,0,0,,,,,2.0,3,3.0,2.0,2.0,2.0,2.0,1.0,11.0,12.0,0.0,0.0,0.0,0.0,0.0,0.0,0.0,0.0,0.0,0.0,0.0,0.0,0.0,0.0,0.0,0.0,0.0,0.0,0.0,0.0,0.0,0.0,0.0,0.0,0.0,0.0,0.0,3.0,1.0,8.0,#NULL!,#NULL!,#NULL!,#NULL!,#NULL!,#NULL!,1500,5000,2.0,belia tak nak kerja,6.0,6.0,3.0,3.0,3.0,3.0,5.0,5.0,7.0,7.0,4.0,1.0,1.0,4.0,3.0,1.0,1.0,1.0,1.0,2.0,3.0,2.0,1.0,3.0,
4,5,4.0,25,J,1.0,,17,skincare,skincare,3,3,1,1,3,4,3,4,4,4,4,4,1,2,1.0,,,,0,0,,,,,2.0,1,,2.0,2.0,2.0,2.0,0.0,7.0,7.0,0.0,10.0,10.0,0.0,0.0,0.0,0.0,5.0,5.0,0.0,0.0,0.0,0.0,0.0,0.0,0.0,2.0,2.0,0.0,3.0,3.0,0.0,0.0,0.0,0.0,0.0,0.0,1.0,1.0,1.0,#NULL!,#NULL!,#NULL!,#NULL!,1800,2200,1200,1500,1.0,,2.0,2.0,1.0,1.0,3.0,3.0,6.0,6.0,7.0,7.0,3.0,1.0,1.0,3.0,3.0,1.0,1.0,3.0,1.0,2.0,3.0,2.0,1.0,3.0,
4,5,3.0,26,G,3.0,,13,,"audit, secreatry, account, tax",4,4,1,2,4,4,2,4,3,3,2,4,1,2,1.0,1.0,,,0,0,,,,,2.0,1,,1.0,2.0,2.0,2.0,15.0,35.0,50.0,26.0,50.0,76.0,4.0,25.0,29.0,9.0,0.0,9.0,0.0,0.0,0.0,13.0,25.0,38.0,0.0,0.0,0.0,0.0,0.0,0.0,0.0,0.0,0.0,0.0,0.0,0.0,1.0,1.0,1.0,2500,5000,#NULL!,#NULL!,#NULL!,#NULL!,#NULL!,#NULL!,1.0,,2.0,2.0,3.0,3.0,3.0,3.0,1.0,1.0,6.0,6.0,1.0,1.0,2.0,2.0,2.0,1.0,1.0,1.0,1.0,1.0,3.0,2.0,1.0,3.0,
4,5,4.0,17,G,3.0,,13,investment,investment properties,2,3,3,1,4,4,4,4,4,4,4,4,1,1,,,,,0,0,,,,,2.0,1,,1.0,1.0,2.0,2.0,2.0,0.0,2.0,0.0,0.0,0.0,0.0,0.0,0.0,0.0,0.0,0.0,0.0,0.0,0.0,0.0,0.0,0.0,0.0,0.0,0.0,0.0,0.0,0.0,0.0,0.0,0.0,0.0,0.0,0.0,2.0,2.0,8.0,#NULL!,#NULL!,#NULL!,#NULL!,#NULL!,#NULL!,1000,1400,1.0,,6.0,6.0,2.0,2.0,3.0,3.0,6.0,6.0,6.0,6.0,4.0,1.0,2.0,2.0,2.0,1.0,1.0,5.0,2.0,7.0,2.0,3.0,1.0,12.0,the working time is more flexible
4,5,3.0,26,G,11.0,partnership,19,lawyer,lawyer firm,2,2,1,1,3,3,2,4,4,4,2,2,1,2,1.0,,,,0,0,,,,,2.0,1,,1.0,2.0,2.0,2.0,2.0,8.0,10.0,0.0,6.0,6.0,0.0,3.0,3.0,0.0,0.0,0.0,0.0,0.0,0.0,0.0,3.0,3.0,0.0,0.0,0.0,0.0,0.0,0.0,0.0,0.0,0.0,0.0,0.0,0.0,1.0,2.0,1.0,2200,3500,#NULL!,#NULL!,#NULL!,#NULL!,#NULL!,#NULL!,1.0,,2.0,2.0,3.0,3.0,3.0,3.0,1.0,6.0,6.0,6.0,1.0,1.0,1.0,1.0,1.0,1.0,1.0,1.0,1.0,7.0,1.0,2.0,3.0,3.0,
4,5,3.0,24,H,1.0,,13,pelancongan,travel agency,4,4,2,2,3,3,3,4,4,2,2,4,1,1,,,,,0,0,,,,,2.0,1,,2.0,2.0,2.0,2.0,1.0,3.0,4.0,0.0,0.0,0.0,0.0,0.0,0.0,0.0,0.0,0.0,0.0,0.0,0.0,0.0,0.0,0.0,0.0,0.0,0.0,0.0,0.0,0.0,0.0,0.0,0.0,0.0,0.0,0.0,2.0,2.0,1.0,1200,2500,#NULL!,#NULL!,#NULL!,#NULL!,#NULL!,#NULL!,1.0,,6.0,6.0,3.0,3.0,3.0,3.0,6.0,6.0,7.0,7.0,3.0,3.0,3.0,3.0,3.0,3.0,3.0,3.0,3.0,2.0,1.0,2.0,1.0,5.0,
4,5,3.0,12,D,1.0,,5,electrical engineering,system control panel,2,2,1,2,1,1,1,1,2,1,2,2,2,2,1.0,,,,1,1,1.0,,2.0,1.0,1.0,1,,1.0,1.0,2.0,2.0,1.0,0.0,1.0,1.0,0.0,1.0,1.0,0.0,1.0,0.0,0.0,0.0,0.0,0.0,0.0,0.0,0.0,0.0,0.0,0.0,0.0,0.0,0.0,0.0,0.0,0.0,0.0,0.0,0.0,0.0,2.0,1.0,2.0,1100,2500,#NULL!,#NULL!,#NULL!,#NULL!,#NULL!,#NULL!,2.0,kekurangan belia yang berminat,2.0,1.0,2.0,2.0,3.0,3.0,5.0,6.0,6.0,6.0,3.0,1.0,2.0,3.0,3.0,3.0,2.0,3.0,3.0,2.0,3.0,1.0,2.0,3.0,
4,5,3.0,12,D,1.0,,8,mechanic,repair & maintenance for motor vehicle,2,2,2,1,2,2,2,1,2,2,3,3,2,2,1.0,,,,0,0,,,,,2.0,1,,2.0,2.0,2.0,2.0,6.0,1.0,7.0,6.0,1.0,7.0,0.0,1.0,1.0,3.0,0.0,3.0,3.0,0.0,3.0,0.0,0.0,0.0,0.0,0.0,0.0,0.0,0.0,0.0,0.0,0.0,0.0,0.0,0.0,0.0,2.0,1.0,8.0,1100,2500,#NULL!,#NULL!,#NULL!,#NULL!,#NULL!,#NULL!,1.0,,2.0,2.0,2.0,2.0,3.0,3.0,6.0,6.0,7.0,7.0,2.0,2.0,2.0,3.0,4.0,2.0,2.0,3.0,2.0,2.0,3.0,1.0,2.0,7.0,
4,5,4.0,14,B,1.0,,9,,jeli kelapa dan tender kantin,2,2,1,3,4,3,2,1,3,3,1,1,1,1,,,,,0,0,,,,,2.0,1,,1.0,2.0,2.0,2.0,2.0,2.0,4.0,0.0,0.0,0.0,0.0,0.0,0.0,0.0,0.0,0.0,0.0,0.0,0.0,0.0,0.0,0.0,0.0,0.0,0.0,0.0,0.0,0.0,0.0,0.0,0.0,0.0,0.0,0.0,2.0,3.0,1.0,#NULL!,#NULL!,#NULL!,#NULL!,#NULL!,#NULL!,900,1500,2.0,belia malaysia pemalas/suka pilih kerja,6.0,3.0,3.0,3.0,3.0,3.0,6.0,6.0,7.0,7.0,4.0,3.0,4.0,3.0,2.0,2.0,2.0,2.0,1.0,9.0,2.0,3.0,1.0,1.0,
4,5,4.0,5,A,1.0,,1,,susu lembu,4,1,1,3,3,2,3,2,2,4,4,3,4,1,,,,,0,0,,,,,2.0,1,,2.0,2.0,2.0,2.0,0.0,0.0,0.0,0.0,0.0,0.0,0.0,0.0,0.0,0.0,0.0,0.0,0.0,0.0,0.0,0.0,0.0,0.0,0.0,0.0,0.0,0.0,0.0,0.0,0.0,0.0,0.0,0.0,0.0,0.0,3.0,3.0,9.0,#NULL!,#NULL!,#NULL!,#NULL!,#NULL!,#NULL!,#NULL!,#NULL!,2.0,tiada belia yang berminat,6.0,1.0,2.0,3.0,1.0,1.0,6.0,6.0,7.0,7.0,4.0,4.0,4.0,4.0,4.0,1.0,1.0,1.0,1.0,9.0,3.0,2.0,1.0,7.0,
4,5,4.0,20,I,1.0,,16,,kids studying,3,2,2,2,2,2,1,2,3,3,3,3,4,1,,,,,0,0,,,,,2.0,1,,1.0,2.0,2.0,2.0,2.0,4.0,6.0,2.0,5.0,7.0,0.0,1.0,1.0,1.0,2.0,3.0,0.0,0.0,0.0,1.0,2.0,3.0,0.0,0.0,0.0,0.0,0.0,0.0,0.0,0.0,0.0,0.0,0.0,0.0,2.0,1.0,1.0,1500,2000,1300,1800,1300,1800,1200,1500,2.0,mot serious in work and irresponsible,1.0,5.0,3.0,3.0,1.0,3.0,5.0,6.0,6.0,6.0,1.0,2.0,1.0,1.0,2.0,1.0,1.0,1.0,1.0,9.0,1.0,1.0,2.0,1.0,
4,5,4.0,12,C,3.0,,6,,ready mix concrete,4,1,1,2,2,2,2,3,2,2,2,2,3,2,1.0,,,,0,0,,,,,2.0,1,,2.0,2.0,2.0,2.0,20.0,5.0,25.0,10.0,4.0,14.0,0.0,0.0,0.0,0.0,0.0,0.0,0.0,0.0,0.0,0.0,0.0,0.0,0.0,0.0,0.0,10.0,4.0,14.0,10.0,0.0,10.0,0.0,0.0,0.0,2.0,2.0,9.0,#NULL!,#NULL!,#NULL!,#NULL!,#NULL!,#NULL!,900,1700,1.0,,3.0,2.0,2.0,2.0,3.0,3.0,6.0,6.0,7.0,7.0,2.0,1.0,1.0,3.0,3.0,1.0,1.0,3.0,1.0,2.0,3.0,2.0,1.0,3.0,
4,5,3.0,12,B,2.0,,9,,makanan dan minuman,2,2,2,2,2,3,2,3,2,3,3,3,2,2,1.0,,,,0,0,,,,,2.0,1,,2.0,2.0,2.0,2.0,8.0,2.0,10.0,4.0,0.0,4.0,0.0,0.0,0.0,0.0,0.0,0.0,0.0,0.0,0.0,0.0,0.0,0.0,0.0,0.0,0.0,4.0,0.0,4.0,0.0,0.0,0.0,0.0,0.0,0.0,2.0,2.0,2.0,1200,1500,#NULL!,#NULL!,#NULL!,#NULL!,1200,1500,1.0,,6.0,1.0,3.0,3.0,3.0,3.0,6.0,6.0,2.0,2.0,3.0,3.0,2.0,3.0,3.0,1.0,1.0,3.0,2.0,7.0,3.0,2.0,1.0,3.0,
4,5,3.0,12,B,1.0,,4,,printing,1,1,1,3,3,3,3,3,2,2,2,3,3,1,,,,,0,0,,,,,2.0,1,,2.0,2.0,2.0,2.0,3.0,0.0,3.0,1.0,0.0,1.0,0.0,0.0,0.0,0.0,0.0,0.0,0.0,0.0,0.0,0.0,0.0,0.0,0.0,0.0,0.0,1.0,0.0,1.0,2.0,0.0,2.0,0.0,0.0,0.0,2.0,2.0,8.0,#NULL!,#NULL!,#NULL!,#NULL!,#NULL!,#NULL!,1000,1500,1.0,,6.0,3.0,2.0,3.0,3.0,3.0,6.0,6.0,2.0,2.0,3.0,2.0,2.0,3.0,2.0,2.0,2.0,3.0,2.0,2.0,2.0,1.0,3.0,3.0,
4,5,4.0,11,E,3.0,,6,,pembinaan,2,2,1,1,4,2,2,3,3,3,3,3,1,2,,1.0,,,0,0,,,,,2.0,2,2.0,2.0,2.0,2.0,2.0,0.0,1.0,1.0,0.0,0.0,0.0,0.0,0.0,0.0,0.0,0.0,0.0,0.0,0.0,0.0,0.0,0.0,0.0,0.0,0.0,0.0,0.0,0.0,0.0,0.0,0.0,0.0,0.0,0.0,0.0,1.0,1.0,1.0,#NULL!,#NULL!,#NULL!,#NULL!,1200,2000,1000,1200,1.0,,6.0,6.0,3.0,3.0,3.0,3.0,6.0,6.0,7.0,7.0,2.0,2.0,2.0,2.0,2.0,2.0,2.0,2.0,2.0,2.0,1.0,2.0,1.0,5.0,
4,5,4.0,24,I,1.0,,7,,fotostat,1,1,2,3,3,3,2,1,2,3,3,3,3,1,,,,,0,0,,,,,2.0,1,,2.0,2.0,2.0,2.0,1.0,0.0,1.0,0.0,0.0,0.0,0.0,0.0,0.0,0.0,0.0,0.0,0.0,0.0,0.0,0.0,0.0,0.0,0.0,0.0,0.0,0.0,0.0,0.0,0.0,0.0,0.0,0.0,0.0,0.0,2.0,2.0,9.0,#NULL!,#NULL!,#NULL!,#NULL!,#NULL!,#NULL!,#NULL!,#NULL!,1.0,,6.0,6.0,3.0,3.0,3.0,3.0,6.0,6.0,3.0,3.0,1.0,2.0,2.0,2.0,1.0,3.0,3.0,2.0,2.0,7.0,1.0,3.0,2.0,6.0,
4,5,4.0,5,A,2.0,,1,,menternak babi,4,2,2,3,2,2,2,2,3,4,2,2,4,1,,,,,0,0,,,,,2.0,1,,2.0,2.0,2.0,2.0,2.0,0.0,2.0,0.0,0.0,0.0,0.0,0.0,0.0,0.0,0.0,0.0,0.0,0.0,0.0,0.0,0.0,0.0,0.0,0.0,0.0,0.0,0.0,0.0,2.0,0.0,2.0,0.0,0.0,0.0,2.0,2.0,6.0,#NULL!,#NULL!,#NULL!,#NULL!,#NULL!,#NULL!,#NULL!,#NULL!,1.0,,6.0,6.0,3.0,2.0,3.0,3.0,6.0,6.0,7.0,7.0,2.0,2.0,2.0,2.0,2.0,2.0,2.0,2.0,2.0,9.0,1.0,3.0,2.0,3.0,
4,5,,25,I,7.0,,17,,kesihatan,4,4,4,4,4,4,4,4,3,3,3,4,4,2,1.0,1.0,,,0,0,,,,,2.0,2,2.0,1.0,2.0,2.0,1.0,285.0,445.0,730.0,375.0,483.0,858.0,80.0,135.0,215.0,68.0,104.0,172.0,26.0,16.0,42.0,81.0,97.0,178.0,25.0,13.0,38.0,95.0,118.0,213.0,0.0,0.0,0.0,0.0,0.0,0.0,1.0,1.0,4.0,2429,9566,2429,9566,1312,5173,1312,5173,1.0,,6.0,6.0,3.0,3.0,3.0,3.0,1.0,6.0,7.0,7.0,2.0,2.0,2.0,2.0,2.0,2.0,2.0,2.0,2.0,1.0,1.0,1.0,1.0,5.0,
4,5,4.0,12,B,1.0,,6,,makanan (kek),3,2,3,1,4,4,4,2,2,4,3,4,2,1,,,,,0,0,,,,,2.0,1,,2.0,2.0,2.0,2.0,0.0,0.0,0.0,0.0,0.0,0.0,0.0,0.0,0.0,0.0,0.0,0.0,0.0,0.0,0.0,0.0,0.0,0.0,0.0,0.0,0.0,0.0,0.0,0.0,0.0,0.0,0.0,0.0,0.0,0.0,2.0,1.0,9.0,#NULL!,#NULL!,#NULL!,#NULL!,#NULL!,#NULL!,#NULL!,#NULL!,1.0,,2.0,1.0,1.0,1.0,3.0,3.0,6.0,6.0,7.0,7.0,3.0,3.0,3.0,3.0,3.0,3.0,3.0,3.0,3.0,9.0,2.0,3.0,1.0,3.0,
4,5,,25,I,7.0,,15,,pencegahan jenayah dan keselamatan komuniti,1,4,4,4,2,3,4,2,3,2,2,3,3,2,1.0,1.0,,,0,0,,,,,1.0,1,,2.0,2.0,1.0,1.0,315.0,120.0,435.0,328.0,360.0,688.0,20.0,30.0,50.0,200.0,50.0,250.0,20.0,30.0,50.0,25.0,30.0,55.0,55.0,8.0,63.0,8.0,212.0,220.0,232.0,0.0,232.0,0.0,0.0,0.0,1.0,1.0,2.0,1200,#NULL!,#NULL!,#NULL!,1200,#NULL!,1200,#NULL!,1.0,,6.0,6.0,3.0,3.0,3.0,3.0,6.0,6.0,2.0,2.0,2.0,2.0,2.0,2.0,2.0,2.0,1.0,3.0,2.0,7.0,2.0,3.0,1.0,5.0,
4,5,4.0,12,C,1.0,,4,,membuat kunci,3,3,2,3,4,4,4,3,3,4,3,4,1,1,,,,,0,0,,,,,2.0,1,,2.0,2.0,2.0,2.0,0.0,0.0,0.0,0.0,0.0,0.0,0.0,0.0,0.0,0.0,0.0,0.0,0.0,0.0,0.0,0.0,0.0,0.0,0.0,0.0,0.0,0.0,0.0,0.0,0.0,0.0,0.0,0.0,0.0,0.0,3.0,3.0,8.0,1000,1200,1000,1100,1000,1000,800,900,1.0,,3.0,3.0,2.0,2.0,2.0,2.0,6.0,6.0,3.0,2.0,4.0,4.0,4.0,4.0,4.0,4.0,4.0,4.0,4.0,2.0,3.0,2.0,1.0,4.0,
4,5,1.0,12,C,3.0,,4,,sarung tangan getah,2,2,1,1,2,3,3,2,4,3,2,3,3,2,1.0,1.0,,,0,0,,,,,1.0,1,,1.0,1.0,1.0,2.0,136.0,17.0,153.0,71.0,7.0,78.0,0.0,3.0,3.0,0.0,0.0,0.0,68.0,0.0,68.0,0.0,2.0,2.0,0.0,0.0,0.0,3.0,2.0,5.0,106.0,0.0,106.0,0.0,0.0,0.0,1.0,1.0,1.0,1200,1800,#NULL!,#NULL!,1000,1000,900,950,1.0,,2.0,3.0,2.0,2.0,3.0,3.0,1.0,6.0,1.0,2.0,2.0,3.0,3.0,3.0,3.0,3.0,2.0,2.0,2.0,2.0,2.0,3.0,1.0,3.0,
4,5,4.0,24,H,2.0,,9,,servis canopy dan catering,3,3,3,2,2,4,1,3,3,4,4,4,4,1,,,,,0,0,,,,,2.0,1,,2.0,2.0,2.0,2.0,2.0,0.0,2.0,2.0,0.0,2.0,0.0,0.0,0.0,0.0,0.0,0.0,0.0,0.0,0.0,0.0,0.0,0.0,0.0,0.0,0.0,2.0,0.0,2.0,0.0,0.0,0.0,0.0,0.0,0.0,2.0,2.0,9.0,#NULL!,#NULL!,#NULL!,#NULL!,#NULL!,#NULL!,1200,1500,2.0,pengambilan pekerja bertukar ganti,2.0,1.0,2.0,2.0,3.0,3.0,6.0,6.0,2.0,2.0,3.0,3.0,3.0,3.0,3.0,3.0,3.0,3.0,3.0,9.0,3.0,1.0,2.0,3.0,
4,5,4.0,25,J,1.0,,13,,insurans,3,3,3,3,4,4,4,3,3,3,4,3,1,1,,,,,0,0,,,,,2.0,1,,2.0,2.0,2.0,2.0,0.0,0.0,0.0,0.0,0.0,0.0,0.0,0.0,0.0,0.0,0.0,0.0,0.0,0.0,0.0,0.0,0.0,0.0,0.0,0.0,0.0,0.0,0.0,0.0,0.0,0.0,0.0,0.0,0.0,0.0,2.0,2.0,7.0,#NULL!,#NULL!,#NULL!,#NULL!,#NULL!,#NULL!,#NULL!,#NULL!,1.0,,3.0,3.0,2.0,2.0,2.0,2.0,6.0,6.0,2.0,3.0,3.0,3.0,3.0,3.0,3.0,3.0,3.0,3.0,3.0,9.0,3.0,2.0,1.0,3.0,
4,5,4.0,12,B,1.0,,14,,broker tanah,3,4,1,3,4,4,4,3,3,3,3,3,4,1,,,,,0,0,,,,,2.0,1,,2.0,2.0,2.0,2.0,0.0,0.0,0.0,0.0,0.0,0.0,0.0,0.0,0.0,0.0,0.0,0.0,0.0,0.0,0.0,0.0,0.0,0.0,0.0,0.0,0.0,0.0,0.0,0.0,0.0,0.0,0.0,0.0,0.0,0.0,2.0,2.0,8.0,#NULL!,#NULL!,#NULL!,#NULL!,#NULL!,#NULL!,#NULL!,#NULL!,1.0,,2.0,2.0,2.0,2.0,3.0,3.0,6.0,6.0,2.0,2.0,3.0,3.0,3.0,3.0,3.0,3.0,3.0,3.0,3.0,9.0,2.0,1.0,3.0,1.0,
4,5,3.0,4,A,1.0,,1,,minyak sawit,2,3,2,2,2,2,2,3,3,3,2,2,2,2,,1.0,,,0,0,,,,,1.0,2,2.0,2.0,2.0,1.0,2.0,4.0,1.0,5.0,3.0,1.0,4.0,0.0,1.0,1.0,0.0,0.0,0.0,3.0,0.0,3.0,0.0,0.0,0.0,0.0,0.0,0.0,0.0,0.0,0.0,0.0,0.0,0.0,0.0,0.0,0.0,1.0,1.0,1.0,1300,1600,#NULL!,#NULL!,1100,1300,900,1000,1.0,,3.0,2.0,3.0,3.0,3.0,3.0,1.0,6.0,7.0,7.0,2.0,2.0,2.0,3.0,2.0,1.0,1.0,3.0,1.0,7.0,1.0,1.0,2.0,5.0,
4,5,4.0,25,J,1.0,,17,kedai gunting rambut,gunting rambut,3,2,1,1,1,1,1,1,1,3,3,3,4,1,,,,,0,0,,,,,2.0,1,,2.0,2.0,2.0,2.0,0.0,1.0,1.0,0.0,0.0,0.0,0.0,0.0,0.0,0.0,0.0,0.0,0.0,0.0,0.0,0.0,0.0,0.0,0.0,0.0,0.0,0.0,0.0,0.0,0.0,0.0,0.0,0.0,0.0,0.0,1.0,2.0,8.0,#NULL!,#NULL!,#NULL!,#NULL!,#NULL!,#NULL!,#NULL!,#NULL!,1.0,,6.0,6.0,3.0,3.0,3.0,3.0,6.0,6.0,7.0,7.0,3.0,2.0,1.0,3.0,3.0,2.0,1.0,2.0,1.0,7.0,1.0,2.0,3.0,1.0,
4,5,4.0,25,J,1.0,,4,,membaiki mekanikal dan elektronik,3,3,1,3,3,2,2,3,3,3,3,3,4,1,,,,,0,0,,,,,2.0,1,,2.0,2.0,2.0,2.0,1.0,0.0,1.0,0.0,0.0,0.0,0.0,0.0,0.0,0.0,0.0,0.0,0.0,0.0,0.0,0.0,0.0,0.0,0.0,0.0,0.0,0.0,0.0,0.0,0.0,0.0,0.0,0.0,0.0,0.0,1.0,3.0,8.0,#NULL!,#NULL!,#NULL!,#NULL!,#NULL!,#NULL!,#NULL!,#NULL!,1.0,,6.0,6.0,3.0,3.0,3.0,3.0,6.0,6.0,7.0,7.0,3.0,2.0,2.0,2.0,2.0,3.0,2.0,1.0,1.0,7.0,2.0,1.0,3.0,6.0,
4,5,3.0,12,A,3.0,,4,,mesin pengisar buah kelapa sawit,2,1,2,2,3,2,2,3,3,3,2,2,1,2,1.0,,,,0,0,,,,,1.0,2,2.0,2.0,2.0,2.0,2.0,53.0,21.0,74.0,66.0,13.0,79.0,0.0,0.0,0.0,5.0,5.0,10.0,28.0,0.0,28.0,2.0,3.0,5.0,15.0,3.0,18.0,16.0,2.0,18.0,17.0,0.0,17.0,0.0,0.0,0.0,1.0,1.0,2.0,2000,4000,#NULL!,#NULL!,1200,2600,1000,2000,2.0,"terlalu memilih kerja, demand",2.0,2.0,2.0,2.0,2.0,2.0,1.0,5.0,1.0,2.0,2.0,3.0,4.0,3.0,3.0,3.0,4.0,4.0,3.0,2.0,2.0,1.0,2.0,3.0,
4,5,4.0,4,A,1.0,,1,,tanaman sawit,3,3,1,2,2,1,2,3,3,3,3,3,4,1,,,,,0,0,,,,,2.0,1,,2.0,2.0,2.0,2.0,4.0,0.0,4.0,4.0,0.0,4.0,0.0,0.0,0.0,0.0,0.0,0.0,0.0,0.0,0.0,0.0,0.0,0.0,0.0,0.0,0.0,4.0,0.0,4.0,0.0,0.0,0.0,0.0,0.0,0.0,2.0,1.0,9.0,#NULL!,#NULL!,#NULL!,#NULL!,#NULL!,#NULL!,1000,1500,1.0,,2.0,2.0,2.0,2.0,2.0,2.0,2.0,2.0,6.0,6.0,3.0,2.0,2.0,2.0,3.0,1.0,1.0,1.0,1.0,9.0,1.0,2.0,3.0,3.0,
4,5,4.0,24,H,1.0,,9,,makanan dan minuman,2,2,1,3,4,4,4,2,4,4,3,2,4,1,,,,,0,0,,,,,2.0,1,,2.0,2.0,2.0,2.0,1.0,1.0,2.0,0.0,0.0,0.0,0.0,0.0,0.0,0.0,0.0,0.0,0.0,0.0,0.0,0.0,0.0,0.0,0.0,0.0,0.0,0.0,0.0,0.0,0.0,0.0,0.0,0.0,0.0,0.0,2.0,2.0,8.0,#NULL!,#NULL!,#NULL!,#NULL!,#NULL!,#NULL!,#NULL!,#NULL!,1.0,,6.0,6.0,3.0,3.0,3.0,3.0,6.0,6.0,7.0,7.0,3.0,3.0,3.0,3.0,3.0,3.0,3.0,3.0,3.0,9.0,1.0,2.0,3.0,3.0,
6,5,3.0,4,E,1.0,,1,,"MENJUAL BUNGA, BAJA, DAN POKOK DAN TANAMAN",3,3,3,3,3,3,3,3,3,4,3,3,4,2,1.0,,,,0,0,,,,,2.0,1,,2.0,2.0,2.0,2.0,2.0,2.0,4.0,0.0,0.0,0.0,0.0,0.0,0.0,0.0,0.0,0.0,0.0,0.0,0.0,0.0,0.0,0.0,0.0,0.0,0.0,0.0,0.0,0.0,0.0,0.0,0.0,0.0,0.0,0.0,2.0,2.0,9.0,#NULL!,#NULL!,#NULL!,#NULL!,#NULL!,#NULL!,900,900,1.0,,6.0,6.0,3.0,3.0,3.0,3.0,6.0,6.0,7.0,7.0,2.0,2.0,2.0,2.0,2.0,2.0,2.0,2.0,2.0,9.0,2.0,1.0,1.0,1.0,
6,5,4.0,15,G,2.0,,14,,REAL ESTATE,4,3,2,2,2,3,2,2,3,2,3,3,4,2,1.0,,,,0,1,1.0,,26.0,20.0,1.0,1,,1.0,1.0,1.0,2.0,5.0,11.0,16.0,0.0,5.0,5.0,0.0,5.0,5.0,0.0,0.0,0.0,0.0,0.0,0.0,0.0,0.0,0.0,0.0,0.0,0.0,0.0,0.0,0.0,0.0,0.0,0.0,0.0,0.0,0.0,3.0,3.0,2.0,1000,1000,#NULL!,#NULL!,1000,1000,850,1000,1.0,,2.0,2.0,3.0,3.0,1.0,1.0,1.0,1.0,6.0,6.0,3.0,3.0,3.0,3.0,3.0,4.0,4.0,4.0,4.0,9.0,2.0,3.0,1.0,5.0,
6,5,4.0,12,D,1.0,,4,,WELDING AND MEKANIKAL,2,3,1,2,3,2,2,2,3,4,2,3,1,1,,,,,0,0,,,,,2.0,1,,2.0,2.0,2.0,2.0,1.0,0.0,1.0,0.0,0.0,0.0,0.0,0.0,0.0,0.0,0.0,0.0,0.0,0.0,0.0,0.0,0.0,0.0,0.0,0.0,0.0,0.0,0.0,0.0,0.0,0.0,0.0,0.0,0.0,0.0,2.0,1.0,8.0,#NULL!,#NULL!,#NULL!,#NULL!,#NULL!,#NULL!,2000,2500,1.0,,2.0,2.0,2.0,2.0,3.0,3.0,5.0,6.0,7.0,7.0,3.0,3.0,3.0,3.0,3.0,3.0,3.0,3.0,3.0,8.0,3.0,1.0,2.0,3.0,
6,5,4.0,25,J,1.0,,17,BARBER SHOP,GUNTING RAMBUT,3,3,3,3,2,3,3,2,3,3,3,3,4,1,,,,,0,0,,,,,2.0,1,,2.0,2.0,2.0,2.0,2.0,0.0,2.0,2.0,0.0,2.0,0.0,0.0,0.0,0.0,0.0,0.0,0.0,0.0,0.0,0.0,0.0,0.0,0.0,0.0,0.0,2.0,0.0,2.0,0.0,0.0,0.0,0.0,0.0,0.0,1.0,1.0,1.0,#NULL!,#NULL!,#NULL!,#NULL!,1200,1800,900,1200,1.0,,2.0,6.0,2.0,2.0,3.0,3.0,5.0,6.0,7.0,7.0,3.0,3.0,3.0,3.0,3.0,3.0,3.0,3.0,3.0,9.0,2.0,2.0,2.0,3.0,
6,5,3.0,17,I,1.0,,17,,PRIVATE CLINIC,1,2,2,2,3,2,3,2,4,3,3,3,4,2,,,,TRAINING 3 MONTH BEFORE PERMANENT JOB,0,0,,,,,2.0,1,,2.0,2.0,2.0,2.0,1.0,3.0,4.0,0.0,1.0,1.0,0.0,0.0,0.0,0.0,1.0,1.0,0.0,0.0,0.0,0.0,0.0,0.0,0.0,0.0,0.0,0.0,0.0,0.0,0.0,0.0,0.0,0.0,0.0,0.0,2.0,2.0,2.0,1350,1500,#NULL!,#NULL!,#NULL!,#NULL!,1000,1200,1.0,,2.0,1.0,1.0,1.0,1.0,1.0,1.0,1.0,2.0,2.0,2.0,2.0,1.0,1.0,2.0,1.0,1.0,2.0,1.0,7.0,1.0,2.0,3.0,3.0,
6,5,3.0,18,F,1.0,,9,,MAKANAN DAN MINUMAN,3,3,4,2,3,3,3,3,2,4,4,2,4,1,,,,,0,0,,,,,2.0,1,,2.0,2.0,2.0,2.0,10.0,10.0,20.0,8.0,8.0,16.0,0.0,0.0,0.0,2.0,4.0,6.0,6.0,4.0,10.0,0.0,0.0,0.0,0.0,0.0,0.0,0.0,0.0,0.0,9.0,10.0,19.0,0.0,0.0,0.0,1.0,1.0,9.0,#NULL!,#NULL!,#NULL!,#NULL!,#NULL!,#NULL!,900,1200,1.0,,3.0,6.0,3.0,3.0,3.0,3.0,6.0,6.0,7.0,7.0,2.0,3.0,3.0,2.0,2.0,3.0,3.0,3.0,3.0,9.0,3.0,2.0,1.0,10.0,
6,5,4.0,6,A,1.0,,6,,JALAN RAYA DAN PEMBINAAN RUMAH,3,3,3,2,3,3,2,3,3,3,3,3,3,1,,,,,0,0,,,,,2.0,1,,1.0,2.0,2.0,2.0,10.0,0.0,10.0,7.0,0.0,7.0,0.0,0.0,0.0,0.0,0.0,0.0,7.0,0.0,7.0,0.0,0.0,0.0,0.0,0.0,0.0,0.0,0.0,0.0,0.0,0.0,0.0,0.0,0.0,0.0,2.0,1.0,9.0,#NULL!,#NULL!,#NULL!,#NULL!,#NULL!,#NULL!,1000,1500,1.0,,6.0,6.0,2.0,2.0,3.0,3.0,6.0,6.0,2.0,2.0,3.0,3.0,3.0,3.0,3.0,2.0,3.0,3.0,3.0,2.0,3.0,1.0,2.0,4.0,
6,5,3.0,12,D,1.0,,4,,BAIK PULIH,1,1,1,1,1,2,1,3,3,4,1,2,1,1,,,,,0,0,,,,,2.0,1,,1.0,2.0,2.0,2.0,2.0,1.0,3.0,0.0,0.0,0.0,0.0,0.0,0.0,0.0,0.0,0.0,0.0,0.0,0.0,0.0,0.0,0.0,0.0,0.0,0.0,0.0,0.0,0.0,0.0,0.0,0.0,0.0,0.0,0.0,2.0,2.0,9.0,#NULL!,#NULL!,#NULL!,#NULL!,#NULL!,#NULL!,2800,3000,2.0,SIKAP ORANG,3.0,3.0,2.0,2.0,3.0,3.0,6.0,6.0,7.0,7.0,3.0,2.0,3.0,3.0,3.0,3.0,3.0,3.0,3.0,2.0,3.0,1.0,2.0,8.0,
6,5,3.0,26,H,3.0,,6,,PERKHIDMATAN,3,2,2,2,3,3,3,3,3,3,3,3,3,2,1.0,,,,0,0,,,,,1.0,1,,1.0,2.0,2.0,2.0,0.0,7.0,7.0,0.0,7.0,7.0,0.0,2.0,2.0,0.0,5.0,5.0,0.0,0.0,0.0,0.0,0.0,0.0,0.0,0.0,0.0,0.0,0.0,0.0,0.0,0.0,0.0,0.0,0.0,0.0,2.0,2.0,9.0,#NULL!,#NULL!,#NULL!,#NULL!,#NULL!,#NULL!,1100,3000,1.0,,1.0,1.0,1.0,1.0,3.0,3.0,1.0,1.0,7.0,7.0,2.0,2.0,2.0,2.0,2.0,2.0,2.0,2.0,1.0,6.0,3.0,2.0,1.0,1.0,
6,5,4.0,4,A,1.0,,1,,LADANG KELAPA SAWIT,3,3,3,3,2,2,2,2,3,4,4,3,4,1,,,,,0,0,,,,,1.0,1,,2.0,2.0,2.0,2.0,0.0,0.0,0.0,0.0,0.0,0.0,0.0,0.0,0.0,0.0,0.0,0.0,0.0,0.0,0.0,0.0,0.0,0.0,0.0,0.0,0.0,0.0,0.0,0.0,0.0,0.0,0.0,0.0,0.0,0.0,2.0,2.0,6.0,#NULL!,#NULL!,#NULL!,#NULL!,#NULL!,#NULL!,#NULL!,#NULL!,1.0,,6.0,2.0,2.0,3.0,3.0,3.0,6.0,6.0,7.0,7.0,3.0,3.0,3.0,3.0,3.0,3.0,2.0,3.0,2.0,9.0,3.0,2.0,1.0,5.0,
6,5,1.0,28,C,2.0,,4,,LOGAM,2,2,2,2,3,3,2,4,3,3,3,2,4,1,,,,,0,0,,,,,2.0,2,2.0,1.0,1.0,2.0,1.0,10.0,2.0,12.0,8.0,2.0,10.0,1.0,2.0,3.0,0.0,0.0,0.0,7.0,0.0,7.0,0.0,0.0,0.0,0.0,0.0,0.0,0.0,0.0,0.0,4.0,0.0,4.0,0.0,0.0,0.0,1.0,1.0,1.0,#NULL!,#NULL!,#NULL!,#NULL!,#NULL!,#NULL!,1000,1000,2.0,SERING BERT,6.0,6.0,3.0,3.0,3.0,3.0,6.0,6.0,7.0,7.0,3.0,3.0,3.0,3.0,3.0,3.0,3.0,3.0,3.0,9.0,1.0,1.0,1.0,1.0,
6,5,4.0,13,E,2.0,,7,,MENJUAL BARANG RUNCIT,2,3,2,2,2,2,2,2,3,2,2,1,4,1,,,,,0,0,,,,,2.0,1,,2.0,2.0,2.0,2.0,1.0,0.0,1.0,1.0,0.0,1.0,0.0,0.0,0.0,0.0,0.0,0.0,0.0,0.0,0.0,0.0,0.0,0.0,0.0,0.0,0.0,1.0,0.0,1.0,0.0,0.0,0.0,0.0,0.0,0.0,2.0,3.0,9.0,#NULL!,#NULL!,#NULL!,#NULL!,#NULL!,#NULL!,1000,1200,2.0,MODAL KURAN,6.0,6.0,3.0,3.0,3.0,3.0,6.0,6.0,7.0,7.0,3.0,3.0,1.0,1.0,2.0,1.0,1.0,1.0,1.0,9.0,1.0,1.0,1.0,1.0,
6,5,4.0,12,B,1.0,,4,,JAHITAN,3,2,2,2,3,3,3,3,2,3,2,3,4,1,,,,,0,0,,,,,2.0,1,,2.0,2.0,1.0,1.0,1.0,2.0,3.0,0.0,0.0,0.0,0.0,0.0,0.0,0.0,0.0,0.0,0.0,0.0,0.0,0.0,0.0,0.0,0.0,0.0,0.0,0.0,0.0,0.0,0.0,0.0,0.0,0.0,0.0,0.0,1.0,3.0,2.0,#NULL!,#NULL!,#NULL!,#NULL!,#NULL!,#NULL!,1500,3000,1.0,,6.0,6.0,3.0,3.0,3.0,3.0,6.0,6.0,7.0,7.0,3.0,3.0,3.0,3.0,3.0,3.0,3.0,3.0,3.0,2.0,1.0,1.0,1.0,3.0,
6,5,4.0,12,E,1.0,,4,,KEDAI KEK DAN ROTI,3,3,2,2,3,3,3,2,3,4,2,2,4,2,1.0,,,,0,0,,,,,2.0,1,,2.0,2.0,2.0,2.0,0.0,0.0,0.0,0.0,1.0,1.0,0.0,0.0,0.0,0.0,0.0,0.0,0.0,1.0,1.0,0.0,0.0,0.0,0.0,0.0,0.0,0.0,0.0,0.0,0.0,0.0,0.0,0.0,0.0,0.0,2.0,2.0,9.0,#NULL!,#NULL!,#NULL!,#NULL!,#NULL!,#NULL!,800,900,1.0,,6.0,6.0,3.0,3.0,3.0,3.0,6.0,6.0,7.0,7.0,2.0,2.0,1.0,1.0,3.0,2.0,2.0,2.0,2.0,9.0,3.0,1.0,2.0,3.0,
6,5,4.0,12,E,1.0,,4,,PERNIAGAAN PERABOT,3,3,3,3,3,3,3,3,3,3,4,4,3,2,1.0,,,,0,0,,,,,2.0,1,,2.0,2.0,2.0,2.0,6.0,4.0,10.0,6.0,4.0,10.0,0.0,4.0,4.0,0.0,0.0,0.0,6.0,0.0,6.0,0.0,0.0,0.0,0.0,0.0,0.0,0.0,0.0,0.0,1.0,0.0,1.0,0.0,0.0,0.0,1.0,2.0,8.0,#NULL!,#NULL!,#NULL!,#NULL!,#NULL!,#NULL!,1000,3000,1.0,,6.0,6.0,3.0,3.0,3.0,3.0,6.0,6.0,7.0,7.0,2.0,2.0,2.0,2.0,2.0,2.0,2.0,2.0,2.0,9.0,3.0,3.0,1.0,5.0,
6,5,2.0,12,F,2.0,,9,,PEMBUATAN KEK DAN BISKUT,2,2,2,2,2,3,3,2,2,2,2,2,3,1,,,,,0,0,,,,,2.0,2,1.0,2.0,2.0,2.0,2.0,0.0,0.0,0.0,0.0,0.0,0.0,0.0,0.0,0.0,0.0,0.0,0.0,0.0,0.0,0.0,0.0,0.0,0.0,0.0,0.0,0.0,0.0,0.0,0.0,0.0,0.0,0.0,0.0,0.0,0.0,2.0,2.0,1.0,#NULL!,#NULL!,#NULL!,#NULL!,#NULL!,#NULL!,#NULL!,#NULL!,1.0,,6.0,6.0,3.0,3.0,3.0,3.0,6.0,6.0,7.0,7.0,3.0,3.0,3.0,3.0,3.0,3.0,3.0,3.0,3.0,2.0,1.0,1.0,1.0,10.0,
6,5,,20,I,5.0,,15,,BIASISWA PINJAMAN PELAJARAN,1,3,2,4,4,3,4,1,3,3,3,4,4,2,1.0,1.0,,,1,0,2.0,,3.0,0.0,1.0,2,2.0,1.0,1.0,2.0,2.0,2.0,3.0,5.0,0.0,4.0,4.0,0.0,1.0,1.0,0.0,0.0,0.0,0.0,0.0,0.0,0.0,3.0,3.0,0.0,0.0,0.0,0.0,0.0,0.0,0.0,0.0,0.0,0.0,0.0,0.0,2.0,2.0,1.0,1800,2500,#NULL!,#NULL!,#NULL!,#NULL!,1400,1800,1.0,,2.0,2.0,3.0,3.0,3.0,3.0,1.0,6.0,1.0,7.0,2.0,2.0,1.0,2.0,2.0,2.0,2.0,2.0,2.0,8.0,1.0,2.0,3.0,4.0,
6,5,2.0,16,H,1.0,,18,TRAVEL AGENCY,PELANCONGAN,2,2,2,2,3,3,2,2,3,3,3,2,2,1,,,,,0,0,,,,,2.0,1,,1.0,2.0,2.0,2.0,1.0,5.0,6.0,0.0,5.0,5.0,0.0,0.0,0.0,0.0,0.0,0.0,0.0,0.0,0.0,0.0,1.0,1.0,0.0,3.0,3.0,0.0,1.0,1.0,0.0,0.0,0.0,0.0,0.0,0.0,1.0,2.0,8.0,#NULL!,#NULL!,#NULL!,#NULL!,#NULL!,#NULL!,1000,1200,1.0,,2.0,2.0,1.0,1.0,3.0,3.0,6.0,6.0,7.0,7.0,2.0,2.0,2.0,2.0,2.0,2.0,2.0,2.0,2.0,9.0,3.0,2.0,1.0,3.0,
6,5,4.0,11,A,1.0,,4,,"BATU-BATA, PASIR, DAN KAYU",2,2,2,2,3,3,3,3,3,3,3,3,3,1,,,,,0,0,,,,,2.0,2,1.0,2.0,2.0,2.0,2.0,9.0,2.0,11.0,0.0,11.0,11.0,0.0,0.0,0.0,0.0,2.0,2.0,0.0,0.0,0.0,0.0,9.0,9.0,0.0,0.0,0.0,0.0,0.0,0.0,0.0,0.0,0.0,0.0,0.0,0.0,2.0,3.0,9.0,#NULL!,#NULL!,#NULL!,#NULL!,#NULL!,#NULL!,1440,1500,1.0,,6.0,6.0,2.0,2.0,3.0,3.0,6.0,6.0,7.0,7.0,3.0,3.0,3.0,3.0,3.0,3.0,3.0,3.0,3.0,9.0,1.0,1.0,1.0,2.0,
6,5,,23,I,5.0,,15,,MEMANTAU DAN MENYELIA BELIA YANG DIBEBASKAN,1,4,4,4,4,4,4,4,3,3,3,4,4,1,,,,,0,0,,,,,1.0,2,1.0,1.0,1.0,1.0,1.0,8.0,1.0,9.0,8.0,1.0,9.0,0.0,0.0,0.0,0.0,0.0,0.0,0.0,0.0,0.0,2.0,0.0,2.0,0.0,0.0,0.0,6.0,1.0,7.0,0.0,0.0,0.0,0.0,0.0,0.0,3.0,1.0,4.0,#NULL!,#NULL!,#NULL!,#NULL!,#NULL!,#NULL!,1200,1500,1.0,,1.0,1.0,3.0,3.0,3.0,3.0,6.0,6.0,2.0,2.0,2.0,2.0,2.0,2.0,2.0,2.0,2.0,2.0,2.0,1.0,2.0,3.0,2.0,2.0,
6,5,4.0,27,E,11.0,SEPARA SWASTA DAN KERAJAAN,5,,AIR,3,3,3,3,3,3,3,3,3,3,3,4,4,2,1.0,,,,0,0,,,,,1.0,2,1.0,1.0,1.0,2.0,2.0,70.0,15.0,85.0,0.0,2.0,2.0,0.0,2.0,2.0,0.0,0.0,0.0,0.0,0.0,0.0,0.0,0.0,0.0,0.0,0.0,0.0,0.0,0.0,0.0,0.0,0.0,0.0,0.0,0.0,0.0,2.0,2.0,1.0,#NULL!,#NULL!,2500,2700,#NULL!,#NULL!,1000,1200,1.0,,2.0,2.0,3.0,3.0,3.0,3.0,1.0,1.0,2.0,2.0,2.0,2.0,2.0,2.0,2.0,1.0,1.0,2.0,1.0,2.0,3.0,1.0,2.0,3.0,
6,5,3.0,20,I,10.0,,16,,KOPERASI,3,3,3,3,3,3,3,3,3,3,3,4,4,1,,,,,0,0,,,,,1.0,2,2.0,2.0,2.0,2.0,2.0,4.0,5.0,9.0,10.0,8.0,18.0,4.0,5.0,9.0,0.0,0.0,0.0,0.0,0.0,0.0,1.0,3.0,4.0,0.0,0.0,0.0,5.0,0.0,5.0,0.0,0.0,0.0,0.0,0.0,0.0,1.0,1.0,2.0,1000,1200,#NULL!,#NULL!,#NULL!,#NULL!,1000,1200,1.0,,2.0,2.0,3.0,3.0,3.0,3.0,1.0,1.0,2.0,2.0,2.0,2.0,2.0,2.0,2.0,2.0,2.0,2.0,2.0,8.0,3.0,2.0,1.0,10.0,
6,5,4.0,26,I,3.0,,15,SECURITY,KESELAMATAN,3,3,3,2,3,3,3,3,3,3,3,3,4,1,,,,,0,0,,,,,2.0,2,2.0,2.0,2.0,2.0,2.0,100.0,2.0,102.0,5.0,0.0,5.0,0.0,0.0,0.0,0.0,0.0,0.0,5.0,0.0,5.0,0.0,0.0,0.0,0.0,0.0,0.0,0.0,0.0,0.0,14.0,0.0,14.0,0.0,0.0,0.0,1.0,2.0,1.0,#NULL!,#NULL!,#NULL!,#NULL!,#NULL!,#NULL!,1000,1200,2.0,MASALAH MIN,6.0,6.0,2.0,2.0,3.0,3.0,6.0,6.0,2.0,2.0,2.0,3.0,2.0,2.0,3.0,2.0,2.0,3.0,2.0,4.0,2.0,3.0,1.0,1.0,
6,5,4.0,17,J,3.0,,17,,HEARING AND TIMMITUS ASSESMENT FITTING,3,3,3,3,3,3,3,3,3,3,3,3,4,1,,,,,0,0,,,,,1.0,3,1.0,2.0,2.0,2.0,2.0,1.0,1.0,2.0,2.0,2.0,4.0,0.0,1.0,1.0,1.0,0.0,1.0,0.0,0.0,0.0,1.0,1.0,2.0,0.0,0.0,0.0,0.0,0.0,0.0,0.0,0.0,0.0,0.0,0.0,0.0,2.0,2.0,1.0,900,4000,#NULL!,#NULL!,#NULL!,#NULL!,#NULL!,#NULL!,1.0,,6.0,6.0,3.0,3.0,3.0,3.0,1.0,1.0,6.0,6.0,2.0,2.0,1.0,1.0,2.0,2.0,1.0,2.0,1.0,1.0,3.0,2.0,1.0,5.0,
6,5,4.0,13,J,1.0,,17,,PEMBORONG CONTACT LENS DAN KOSMETIK,3,4,2,2,4,4,4,3,3,3,3,3,3,2,1.0,,,,0,0,,,,,1.0,1,,2.0,2.0,2.0,2.0,0.0,5.0,5.0,0.0,5.0,5.0,0.0,0.0,0.0,0.0,0.0,0.0,0.0,5.0,5.0,0.0,0.0,0.0,0.0,0.0,0.0,0.0,0.0,0.0,0.0,0.0,0.0,0.0,0.0,0.0,1.0,1.0,1.0,#NULL!,#NULL!,#NULL!,#NULL!,#NULL!,#NULL!,1000,1200,1.0,,6.0,6.0,1.0,1.0,3.0,3.0,6.0,6.0,7.0,7.0,2.0,3.0,2.0,2.0,2.0,2.0,2.0,2.0,3.0,3.0,1.0,2.0,3.0,5.0,
6,5,4.0,17,J,3.0,,17,,MAMADIL PRODUK,3,3,3,2,3,3,3,3,3,3,3,3,4,2,1.0,,,,0,0,,,,,1.0,1,,2.0,2.0,2.0,2.0,0.0,3.0,3.0,0.0,4.0,4.0,0.0,1.0,1.0,0.0,0.0,0.0,0.0,0.0,0.0,0.0,2.0,2.0,0.0,0.0,0.0,0.0,1.0,1.0,0.0,0.0,0.0,0.0,0.0,0.0,2.0,1.0,1.0,#NULL!,#NULL!,#NULL!,#NULL!,#NULL!,#NULL!,1000,1200,1.0,,2.0,2.0,1.0,1.0,3.0,3.0,6.0,6.0,2.0,2.0,2.0,2.0,2.0,2.0,3.0,2.0,2.0,2.0,2.0,3.0,1.0,3.0,2.0,2.0,
6,5,4.0,18,F,2.0,,9,,KEDAI MAKANAN,2,2,2,3,3,3,3,3,3,3,3,3,3,1,,,,,0,0,,,,,2.0,1,,2.0,2.0,2.0,2.0,0.0,2.0,2.0,0.0,0.0,0.0,0.0,0.0,0.0,0.0,0.0,0.0,0.0,0.0,0.0,0.0,0.0,0.0,0.0,0.0,0.0,0.0,0.0,0.0,0.0,0.0,0.0,0.0,0.0,0.0,2.0,2.0,9.0,#NULL!,#NULL!,#NULL!,#NULL!,#NULL!,#NULL!,600,600,1.0,,6.0,6.0,3.0,3.0,3.0,3.0,6.0,6.0,7.0,7.0,3.0,3.0,3.0,3.0,3.0,3.0,3.0,3.0,3.0,9.0,1.0,1.0,1.0,1.0,
6,5,4.0,13,E,1.0,,18,,ALATAN TULIS DAN FOTOSTAT,2,2,2,3,3,3,3,3,3,3,3,3,4,1,,,,,0,0,,,,,2.0,1,,2.0,2.0,2.0,2.0,1.0,1.0,2.0,1.0,0.0,1.0,0.0,0.0,0.0,0.0,0.0,0.0,0.0,0.0,0.0,0.0,0.0,0.0,0.0,0.0,0.0,1.0,0.0,1.0,0.0,0.0,0.0,0.0,0.0,0.0,1.0,2.0,9.0,#NULL!,#NULL!,#NULL!,#NULL!,#NULL!,#NULL!,800,900,1.0,,6.0,6.0,3.0,3.0,3.0,3.0,6.0,6.0,7.0,7.0,2.0,2.0,2.0,2.0,2.0,2.0,2.0,2.0,2.0,9.0,3.0,2.0,1.0,6.0,
6,5,3.0,12,C,1.0,,4,,"WELDING, MEMBUAT ALAT-ALAT BERASASKAN BESI",2,2,2,2,2,2,2,2,2,3,3,2,3,1,,,,,0,0,,,,,2.0,1,,2.0,2.0,2.0,2.0,5.0,0.0,5.0,5.0,0.0,5.0,0.0,0.0,0.0,0.0,0.0,0.0,0.0,0.0,0.0,0.0,0.0,0.0,0.0,0.0,0.0,5.0,0.0,5.0,0.0,0.0,0.0,0.0,0.0,0.0,2.0,1.0,8.0,#NULL!,#NULL!,#NULL!,#NULL!,#NULL!,#NULL!,720,900,1.0,,6.0,6.0,2.0,2.0,3.0,3.0,6.0,6.0,7.0,7.0,3.0,2.0,2.0,2.0,3.0,2.0,2.0,2.0,2.0,2.0,3.0,1.0,2.0,3.0,
6,5,2.0,4,A,2.0,,1,,"TANAMAN POKOK BUNGA, JUAL BAJA DAN TANAMAN",3,3,3,3,3,3,3,3,3,3,3,3,3,1,,,,,0,0,,,,,2.0,1,,2.0,2.0,2.0,2.0,0.0,1.0,1.0,0.0,0.0,0.0,0.0,0.0,0.0,0.0,0.0,0.0,0.0,0.0,0.0,0.0,0.0,0.0,0.0,0.0,0.0,0.0,0.0,0.0,0.0,0.0,0.0,0.0,0.0,0.0,2.0,2.0,8.0,#NULL!,#NULL!,#NULL!,#NULL!,#NULL!,#NULL!,900,1000,1.0,,6.0,6.0,1.0,1.0,3.0,3.0,6.0,6.0,7.0,7.0,3.0,3.0,3.0,3.0,3.0,3.0,3.0,3.0,3.0,7.0,1.0,1.0,1.0,3.0,
6,5,4.0,12,C,1.0,,6,,WELDING,2,2,2,2,3,3,3,4,4,4,4,4,4,2,1.0,,,,0,0,,,,,1.0,1,,1.0,2.0,2.0,1.0,4.0,0.0,4.0,5.0,0.0,5.0,1.0,0.0,1.0,0.0,0.0,0.0,4.0,0.0,4.0,0.0,0.0,0.0,0.0,0.0,0.0,0.0,0.0,0.0,0.0,0.0,0.0,0.0,0.0,0.0,1.0,1.0,8.0,#NULL!,#NULL!,#NULL!,#NULL!,#NULL!,#NULL!,900,1500,1.0,,6.0,6.0,2.0,2.0,3.0,3.0,6.0,6.0,7.0,7.0,3.0,3.0,3.0,3.0,3.0,3.0,3.0,3.0,3.0,2.0,1.0,1.0,2.0,1.0,
6,5,4.0,25,E,1.0,,13,,MENYEDIAKAN BAYARAN INSURANS DAN ROADTAX,3,3,3,2,3,3,3,3,3,3,3,3,3,1,,,,,0,0,,,,,2.0,1,,2.0,2.0,2.0,2.0,0.0,1.0,1.0,0.0,0.0,0.0,0.0,0.0,0.0,0.0,0.0,0.0,0.0,0.0,0.0,0.0,0.0,0.0,0.0,0.0,0.0,0.0,0.0,0.0,0.0,0.0,0.0,0.0,0.0,0.0,2.0,2.0,1.0,#NULL!,#NULL!,#NULL!,#NULL!,1000,1000,#NULL!,#NULL!,1.0,,6.0,6.0,3.0,3.0,3.0,3.0,6.0,6.0,7.0,7.0,3.0,3.0,3.0,3.0,3.0,3.0,3.0,3.0,3.0,7.0,1.0,1.0,1.0,1.0,
6,5,3.0,12,B,1.0,,7,PRINTING,PRINTING & SUPPLIES,3,3,3,3,3,3,3,3,3,3,3,4,4,1,,,,,0,0,,,,,2.0,1,,2.0,2.0,2.0,2.0,6.0,6.0,12.0,0.0,0.0,0.0,0.0,0.0,0.0,0.0,0.0,0.0,0.0,0.0,0.0,0.0,0.0,0.0,0.0,0.0,0.0,0.0,0.0,0.0,0.0,0.0,0.0,0.0,0.0,0.0,1.0,1.0,8.0,#NULL!,#NULL!,#NULL!,#NULL!,#NULL!,#NULL!,1200,1200,1.0,,1.0,1.0,3.0,3.0,3.0,3.0,6.0,6.0,7.0,7.0,2.0,3.0,2.0,2.0,3.0,2.0,2.0,2.0,2.0,9.0,3.0,2.0,1.0,3.0,
6,5,3.0,2,F,1.0,,2,,"MENJUAL MAKANAN HAIWAN, DAN BARANG- BARANG KEPERLUAN HAIWAN",2,2,2,3,2,2,2,2,3,3,3,3,3,1,,,,,0,0,,,,,2.0,1,,2.0,2.0,2.0,2.0,20.0,3.0,23.0,20.0,3.0,23.0,0.0,3.0,3.0,0.0,0.0,0.0,20.0,0.0,20.0,0.0,0.0,0.0,0.0,0.0,0.0,0.0,0.0,0.0,0.0,0.0,0.0,0.0,0.0,0.0,3.0,2.0,2.0,#NULL!,#NULL!,#NULL!,#NULL!,#NULL!,#NULL!,1000,2000,1.0,,6.0,6.0,2.0,2.0,3.0,3.0,6.0,6.0,7.0,7.0,3.0,3.0,3.0,3.0,3.0,2.0,1.0,1.0,1.0,7.0,1.0,1.0,1.0,1.0,
6,5,2.0,26,I,11.0,KESATUAN GURU,13,KOPERASI,KOPERASI KESATUAN GURU,3,3,3,3,3,4,3,3,3,3,3,4,4,2,1.0,,,,0,0,,,,,1.0,2,1.0,1.0,1.0,1.0,1.0,0.0,5.0,5.0,0.0,10.0,10.0,0.0,5.0,5.0,0.0,0.0,0.0,0.0,0.0,0.0,0.0,0.0,0.0,0.0,5.0,5.0,0.0,0.0,0.0,0.0,0.0,0.0,0.0,0.0,0.0,1.0,2.0,8.0,900,1200,#NULL!,#NULL!,#NULL!,#NULL!,#NULL!,#NULL!,1.0,,2.0,2.0,3.0,3.0,3.0,3.0,1.0,1.0,2.0,2.0,2.0,2.0,2.0,2.0,2.0,2.0,2.0,2.0,2.0,9.0,1.0,3.0,2.0,10.0,
6,5,3.0,12,F,1.0,,9,,IKS,3,3,3,2,2,3,3,3,3,3,3,3,3,2,1.0,,,,0,0,,,,,1.0,1,,1.0,2.0,2.0,2.0,3.0,1.0,4.0,3.0,1.0,4.0,0.0,0.0,0.0,3.0,1.0,4.0,0.0,0.0,0.0,0.0,0.0,0.0,0.0,0.0,0.0,0.0,0.0,0.0,0.0,0.0,0.0,0.0,0.0,0.0,1.0,1.0,9.0,#NULL!,#NULL!,#NULL!,#NULL!,#NULL!,#NULL!,900,1000,2.0,TIDAK BOLEH,1.0,1.0,2.0,2.0,1.0,1.0,1.0,1.0,7.0,7.0,3.0,3.0,3.0,3.0,3.0,3.0,3.0,3.0,3.0,6.0,3.0,1.0,2.0,1.0,
6,5,4.0,26,H,3.0,,3,,PEMBEKAL,2,3,3,2,3,4,3,3,3,3,3,4,4,1,,,,,0,0,,,,,2.0,1,,2.0,2.0,2.0,2.0,0.0,3.0,3.0,0.0,0.0,0.0,0.0,0.0,0.0,0.0,0.0,0.0,0.0,0.0,0.0,0.0,0.0,0.0,0.0,0.0,0.0,0.0,0.0,0.0,0.0,0.0,0.0,0.0,0.0,0.0,1.0,2.0,2.0,#NULL!,#NULL!,#NULL!,#NULL!,#NULL!,#NULL!,1000,1000,1.0,,2.0,2.0,3.0,3.0,3.0,3.0,6.0,6.0,2.0,2.0,2.0,2.0,2.0,2.0,2.0,2.0,2.0,2.0,2.0,2.0,1.0,2.0,3.0,5.0,
6,5,4.0,25,F,3.0,,8,,PENGHANTARAN BARANG KE SERATA TEMPAT,3,2,2,2,2,2,2,2,3,3,3,2,2,2,1.0,,,,1,0,1.0,,1.0,0.0,1.0,1,,1.0,2.0,2.0,2.0,5.0,5.0,10.0,5.0,0.0,5.0,0.0,0.0,0.0,0.0,0.0,0.0,5.0,0.0,5.0,0.0,0.0,0.0,0.0,0.0,0.0,0.0,0.0,0.0,0.0,0.0,0.0,0.0,0.0,0.0,1.0,1.0,1.0,#NULL!,#NULL!,#NULL!,#NULL!,#NULL!,#NULL!,1000,1000,1.0,,2.0,2.0,3.0,3.0,3.0,3.0,6.0,6.0,7.0,7.0,2.0,2.0,2.0,2.0,2.0,2.0,2.0,2.0,2.0,1.0,1.0,2.0,2.0,1.0,
6,5,2.0,1,A,3.0,,4,,MEMBEKAL KAYU DAN PAPAN,4,3,2,4,2,2,3,3,3,3,3,4,4,1,,,,,0,0,,,,,2.0,1,,2.0,2.0,2.0,2.0,32.0,4.0,36.0,0.0,0.0,0.0,0.0,0.0,0.0,0.0,0.0,0.0,0.0,0.0,0.0,0.0,0.0,0.0,0.0,0.0,0.0,0.0,0.0,0.0,4.0,0.0,4.0,0.0,0.0,0.0,2.0,1.0,8.0,#NULL!,#NULL!,#NULL!,#NULL!,#NULL!,#NULL!,1000,3000,2.0,BELIA KURAN,6.0,6.0,2.0,2.0,3.0,3.0,6.0,6.0,6.0,6.0,3.0,2.0,2.0,2.0,3.0,2.0,2.0,2.0,2.0,9.0,3.0,1.0,3.0,1.0,
6,5,4.0,17,G,3.0,,13,,INSURANCE & CONSULTATION,4,4,3,3,3,4,3,3,3,3,4,4,4,1,,,,,0,0,,,,,2.0,1,,2.0,2.0,2.0,2.0,0.0,2.0,2.0,0.0,0.0,0.0,0.0,0.0,0.0,0.0,0.0,0.0,0.0,0.0,0.0,0.0,0.0,0.0,0.0,0.0,0.0,0.0,0.0,0.0,0.0,0.0,0.0,0.0,0.0,0.0,2.0,2.0,8.0,#NULL!,#NULL!,#NULL!,#NULL!,#NULL!,#NULL!,1000,2500,1.0,,6.0,6.0,3.0,3.0,3.0,3.0,6.0,6.0,7.0,7.0,2.0,2.0,2.0,1.0,1.0,2.0,1.0,2.0,1.0,7.0,2.0,2.0,2.0,3.0,
6,5,4.0,25,J,1.0,,5,LAIN-LAIN,MEMBAIKI ALAT ELEKTRIK,4,4,3,3,4,2,4,3,3,3,4,4,4,1,,,,,0,0,,,,,2.0,1,,1.0,1.0,2.0,2.0,0.0,0.0,0.0,0.0,0.0,0.0,0.0,0.0,0.0,0.0,0.0,0.0,0.0,0.0,0.0,0.0,0.0,0.0,0.0,0.0,0.0,0.0,0.0,0.0,0.0,0.0,0.0,0.0,0.0,0.0,3.0,2.0,8.0,#NULL!,#NULL!,#NULL!,#NULL!,#NULL!,#NULL!,#NULL!,#NULL!,2.0,PERNIAGAAN,6.0,6.0,3.0,3.0,3.0,3.0,6.0,6.0,7.0,7.0,2.0,2.0,2.0,2.0,2.0,2.0,2.0,2.0,2.0,9.0,1.0,1.0,1.0,3.0,
6,5,3.0,5,A,1.0,,1,,TERNAKAN AYAM,3,3,3,3,3,2,3,3,3,3,4,4,4,1,,,,,0,0,,,,,2.0,2,1.0,2.0,2.0,2.0,2.0,6.0,0.0,6.0,0.0,0.0,0.0,0.0,0.0,0.0,0.0,0.0,0.0,0.0,0.0,0.0,0.0,0.0,0.0,0.0,0.0,0.0,0.0,0.0,0.0,6.0,0.0,6.0,0.0,0.0,0.0,2.0,2.0,4.0,#NULL!,#NULL!,#NULL!,#NULL!,#NULL!,#NULL!,1600,1600,2.0,BELIA TIDAK,3.0,3.0,2.0,2.0,3.0,3.0,6.0,6.0,7.0,7.0,2.0,2.0,2.0,2.0,2.0,1.0,1.0,1.0,1.0,9.0,3.0,1.0,3.0,3.0,
6,5,4.0,18,F,2.0,,9,,KEDAI MAKANAN DAN MINUMAN,4,4,3,3,4,3,3,3,3,3,4,4,4,1,,,,,0,0,,,,,1.0,1,,2.0,2.0,2.0,2.0,1.0,1.0,2.0,0.0,0.0,0.0,0.0,0.0,0.0,0.0,0.0,0.0,0.0,0.0,0.0,0.0,0.0,0.0,0.0,0.0,0.0,0.0,0.0,0.0,0.0,0.0,0.0,0.0,0.0,0.0,2.0,2.0,8.0,#NULL!,#NULL!,#NULL!,#NULL!,#NULL!,#NULL!,900,1200,1.0,,6.0,6.0,3.0,3.0,3.0,3.0,6.0,6.0,7.0,7.0,3.0,3.0,3.0,3.0,3.0,3.0,3.0,3.0,3.0,9.0,3.0,3.0,3.0,3.0,
6,5,4.0,12,I,3.0,,17,,PRODUK KESIHATAN DAN UBAT-UBATAN,2,4,3,2,3,3,3,3,3,4,3,4,4,2,1.0,,,,0,0,,,,,2.0,1,,2.0,2.0,2.0,2.0,3.0,3.0,6.0,2.0,3.0,5.0,2.0,3.0,5.0,0.0,0.0,0.0,0.0,0.0,0.0,0.0,0.0,0.0,0.0,0.0,0.0,0.0,0.0,0.0,0.0,0.0,0.0,0.0,0.0,0.0,2.0,1.0,8.0,#NULL!,#NULL!,#NULL!,#NULL!,#NULL!,#NULL!,1000,3000,1.0,,6.0,6.0,3.0,3.0,3.0,3.0,6.0,6.0,7.0,7.0,1.0,1.0,1.0,1.0,1.0,1.0,1.0,1.0,2.0,9.0,2.0,1.0,2.0,1.0,
6,5,4.0,25,J,1.0,,17,KEDAI RAMBUT,PERKHIDMATAN GUNTING RAMBUT,4,4,3,3,4,3,3,3,3,2,4,4,4,2,,1.0,,,0,0,,,,,2.0,1,,1.0,1.0,1.0,1.0,1.0,0.0,1.0,1.0,0.0,1.0,0.0,0.0,0.0,0.0,0.0,0.0,1.0,0.0,1.0,0.0,0.0,0.0,0.0,0.0,0.0,0.0,0.0,0.0,0.0,0.0,0.0,0.0,0.0,0.0,2.0,1.0,9.0,#NULL!,#NULL!,#NULL!,#NULL!,#NULL!,#NULL!,1500,1500,1.0,,6.0,6.0,3.0,3.0,3.0,3.0,6.0,6.0,7.0,7.0,2.0,1.0,1.0,1.0,1.0,2.0,2.0,1.0,2.0,2.0,1.0,1.0,1.0,7.0,
6,5,4.0,20,I,3.0,,16,,PUSAT JAGAAN KANAK-KANAK DAN TASKA & TUISYEN,4,4,3,3,3,4,3,3,3,3,4,4,4,2,1.0,,,,1,0,1.0,,4.0,4.0,1.0,2,2.0,2.0,2.0,2.0,2.0,1.0,1.0,2.0,1.0,1.0,2.0,0.0,0.0,0.0,1.0,1.0,2.0,0.0,0.0,0.0,0.0,0.0,0.0,0.0,0.0,0.0,0.0,0.0,0.0,0.0,0.0,0.0,0.0,0.0,0.0,2.0,1.0,8.0,#NULL!,#NULL!,#NULL!,#NULL!,#NULL!,#NULL!,1200,1200,1.0,,6.0,6.0,3.0,3.0,3.0,3.0,6.0,6.0,1.0,3.0,2.0,2.0,3.0,3.0,2.0,2.0,2.0,4.0,2.0,9.0,1.0,2.0,2.0,3.0,
6,5,4.0,25,J,2.0,,17,KEDAI GUNTING RAMBUT,KEDAI GUNTING RAMBUT,4,4,3,3,4,3,3,4,3,4,4,4,4,1,,,,,0,0,,,,,2.0,1,,2.0,2.0,2.0,2.0,0.0,1.0,1.0,0.0,0.0,0.0,0.0,0.0,0.0,0.0,0.0,0.0,0.0,0.0,0.0,0.0,0.0,0.0,0.0,0.0,0.0,0.0,0.0,0.0,0.0,0.0,0.0,0.0,0.0,0.0,2.0,2.0,9.0,#NULL!,#NULL!,#NULL!,#NULL!,#NULL!,#NULL!,#NULL!,#NULL!,2.0,PENDAPATAN,6.0,6.0,3.0,3.0,3.0,3.0,6.0,6.0,7.0,7.0,3.0,3.0,3.0,3.0,3.0,3.0,3.0,3.0,3.0,9.0,3.0,1.0,3.0,3.0,
6,5,2.0,12,B,3.0,,1,,KAYU DAN BALAK,4,3,3,2,3,3,3,3,3,3,3,4,4,2,1.0,,,,0,0,,,,,2.0,3,1.0,2.0,2.0,2.0,2.0,110.0,10.0,120.0,0.0,0.0,0.0,0.0,0.0,0.0,0.0,0.0,0.0,0.0,0.0,0.0,0.0,0.0,0.0,0.0,0.0,0.0,0.0,0.0,0.0,100.0,0.0,100.0,0.0,0.0,0.0,1.0,2.0,6.0,#NULL!,#NULL!,#NULL!,#NULL!,#NULL!,#NULL!,1000,3500,1.0,,1.0,1.0,3.0,3.0,3.0,3.0,6.0,6.0,7.0,7.0,3.0,1.0,1.0,1.0,2.0,2.0,2.0,2.0,2.0,2.0,1.0,1.0,1.0,3.0,
6,5,4.0,12,B,1.0,,7,JAHITAN,MENJAHIT PAKAIAN,4,4,3,3,4,3,4,3,3,4,3,4,4,1,,,,,0,0,,,,,2.0,1,,2.0,2.0,2.0,2.0,1.0,0.0,1.0,0.0,0.0,0.0,0.0,0.0,0.0,0.0,0.0,0.0,0.0,0.0,0.0,0.0,0.0,0.0,0.0,0.0,0.0,0.0,0.0,0.0,0.0,0.0,0.0,0.0,0.0,0.0,2.0,2.0,8.0,#NULL!,#NULL!,#NULL!,#NULL!,#NULL!,#NULL!,500,800,2.0,KEDAI KECIL,6.0,6.0,3.0,3.0,3.0,3.0,5.0,5.0,7.0,7.0,2.0,2.0,2.0,2.0,2.0,2.0,2.0,2.0,2.0,2.0,1.0,1.0,3.0,3.0,
6,5,4.0,4,I,11.0,KOPERASI,1,,PERTANIAN DAN PEMBANGUNAN,2,4,3,3,3,3,3,3,3,3,3,3,4,1,,,,,0,0,,,,,2.0,1,,2.0,2.0,2.0,2.0,10.0,13.0,23.0,0.0,0.0,0.0,0.0,0.0,0.0,0.0,0.0,0.0,0.0,0.0,0.0,0.0,0.0,0.0,0.0,0.0,0.0,0.0,0.0,0.0,0.0,0.0,0.0,0.0,0.0,0.0,2.0,2.0,4.0,2500,2500,#NULL!,#NULL!,#NULL!,#NULL!,1200,1200,1.0,,6.0,6.0,3.0,3.0,3.0,3.0,1.0,1.0,6.0,6.0,3.0,1.0,1.0,1.0,1.0,1.0,1.0,1.0,1.0,2.0,3.0,2.0,1.0,5.0,
6,5,4.0,18,F,1.0,,9,,PERNIAGAAN MAKANAN,3,3,2,3,3,3,3,3,2,2,3,3,3,1,,,,,0,0,,,,,2.0,1,,2.0,2.0,2.0,2.0,0.0,1.0,1.0,0.0,0.0,0.0,0.0,0.0,0.0,0.0,0.0,0.0,0.0,0.0,0.0,0.0,0.0,0.0,0.0,0.0,0.0,0.0,0.0,0.0,0.0,0.0,0.0,0.0,0.0,0.0,2.0,2.0,9.0,#NULL!,#NULL!,#NULL!,#NULL!,#NULL!,#NULL!,600,800,1.0,,2.0,2.0,3.0,3.0,3.0,3.0,6.0,6.0,3.0,3.0,3.0,3.0,3.0,3.0,3.0,3.0,2.0,3.0,2.0,9.0,1.0,3.0,2.0,5.0,
6,5,4.0,4,A,1.0,,1,,MENJUAL TANAMAN DAN NURSERY,3,3,1,2,3,2,2,2,2,1,2,2,3,1,,,,,0,0,,,,,2.0,3,2.0,2.0,2.0,2.0,2.0,2.0,0.0,2.0,0.0,0.0,0.0,0.0,0.0,0.0,0.0,0.0,0.0,0.0,0.0,0.0,0.0,0.0,0.0,0.0,0.0,0.0,0.0,0.0,0.0,1.0,0.0,1.0,0.0,0.0,0.0,2.0,3.0,5.0,1500,1500,#NULL!,#NULL!,#NULL!,#NULL!,1000,1000,1.0,,2.0,2.0,2.0,2.0,2.0,2.0,2.0,6.0,6.0,3.0,3.0,3.0,2.0,2.0,3.0,3.0,2.0,3.0,3.0,9.0,1.0,2.0,3.0,6.0,
6,5,4.0,4,A,3.0,,1,,LADANG TEH,3,4,3,4,3,3,3,3,3,3,3,3,4,2,1.0,,,,0,0,,,,,1.0,2,1.0,1.0,1.0,2.0,2.0,8.0,3.0,11.0,5.0,2.0,7.0,0.0,0.0,0.0,0.0,0.0,0.0,5.0,2.0,7.0,0.0,0.0,0.0,0.0,0.0,0.0,0.0,0.0,0.0,8.0,2.0,10.0,0.0,0.0,0.0,2.0,2.0,5.0,#NULL!,#NULL!,#NULL!,#NULL!,#NULL!,#NULL!,900,1500,1.0,,6.0,6.0,3.0,3.0,3.0,3.0,5.0,6.0,1.0,2.0,2.0,2.0,2.0,2.0,2.0,2.0,2.0,2.0,2.0,2.0,2.0,1.0,1.0,1.0,
6,5,4.0,12,B,1.0,,9,,KEK DAN ROTI,3,3,3,2,4,3,3,3,3,3,3,3,4,2,1.0,,,,0,0,,,,,2.0,1,,1.0,1.0,2.0,2.0,6.0,4.0,10.0,7.0,3.0,10.0,2.0,0.0,2.0,1.0,2.0,3.0,4.0,0.0,4.0,0.0,0.0,0.0,0.0,0.0,0.0,0.0,1.0,1.0,4.0,0.0,4.0,0.0,0.0,0.0,2.0,1.0,1.0,#NULL!,#NULL!,#NULL!,#NULL!,#NULL!,#NULL!,900,1200,1.0,,1.0,1.0,3.0,3.0,3.0,3.0,5.0,6.0,7.0,7.0,2.0,2.0,2.0,2.0,3.0,2.0,2.0,2.0,2.0,2.0,1.0,1.0,3.0,11.0,
6,5,3.0,4,A,11.0,PARTNERSHIP,1,,"PERTANIAN, SAYUR- SAYURAN",3,3,2,3,3,2,3,3,3,4,4,3,4,2,1.0,,,,0,0,,,,,2.0,1,,2.0,2.0,2.0,2.0,5.0,2.0,7.0,0.0,0.0,0.0,0.0,0.0,0.0,0.0,0.0,0.0,0.0,0.0,0.0,0.0,0.0,0.0,0.0,0.0,0.0,0.0,0.0,0.0,3.0,0.0,3.0,0.0,0.0,0.0,2.0,1.0,4.0,#NULL!,#NULL!,#NULL!,#NULL!,#NULL!,#NULL!,1200,1500,1.0,,6.0,6.0,2.0,2.0,3.0,3.0,6.0,6.0,7.0,2.0,3.0,3.0,3.0,3.0,3.0,3.0,3.0,3.0,3.0,9.0,1.0,2.0,3.0,10.0,
6,5,4.0,25,J,1.0,,6,,BANGUNAN DAN JALAN,3,2,2,2,2,2,2,2,2,3,3,3,2,2,1.0,,,,0,0,,,,,2.0,2,1.0,1.0,1.0,2.0,2.0,3.0,2.0,5.0,3.0,1.0,4.0,0.0,1.0,1.0,0.0,0.0,0.0,0.0,0.0,0.0,1.0,0.0,1.0,1.0,0.0,1.0,1.0,0.0,1.0,0.0,0.0,0.0,0.0,0.0,0.0,1.0,1.0,4.0,2000,3500,2000,3000,1800,3000,1100,2500,2.0,BELIA TIDAK,3.0,2.0,2.0,2.0,3.0,3.0,5.0,6.0,7.0,7.0,2.0,2.0,2.0,2.0,2.0,2.0,2.0,2.0,2.0,2.0,1.0,2.0,3.0,5.0,
6,5,4.0,12,J,1.0,,17,SALOON,PERKHIDMATAN POTONG RAMBUT DAN FACIAL,3,3,2,2,3,2,3,3,3,3,3,3,4,2,1.0,,,,0,0,,,,,2.0,1,,2.0,2.0,2.0,2.0,0.0,2.0,2.0,0.0,1.0,1.0,0.0,0.0,0.0,0.0,0.0,0.0,0.0,0.0,0.0,0.0,0.0,0.0,0.0,0.0,0.0,0.0,1.0,1.0,0.0,0.0,0.0,0.0,0.0,0.0,3.0,2.0,8.0,#NULL!,#NULL!,#NULL!,#NULL!,#NULL!,#NULL!,250,1200,2.0,BELIA MEMIL,6.0,6.0,1.0,1.0,3.0,3.0,5.0,6.0,7.0,7.0,4.0,4.0,3.0,3.0,3.0,3.0,4.0,4.0,4.0,9.0,1.0,2.0,3.0,3.0,
6,5,1.0,22,F,3.0,,9,,PERHOTELAN,3,3,3,2,2,3,3,3,3,3,3,3,3,2,1.0,1.0,,,0,0,,,,,1.0,3,2.0,1.0,1.0,1.0,2.0,90.0,110.0,200.0,50.0,80.0,130.0,10.0,10.0,20.0,20.0,20.0,40.0,10.0,40.0,50.0,5.0,10.0,15.0,4.0,0.0,4.0,1.0,0.0,1.0,27.0,0.0,27.0,0.0,0.0,0.0,1.0,2.0,1.0,1000,1500,#NULL!,#NULL!,1000,1500,1000,1500,1.0,,3.0,1.0,3.0,3.0,3.0,3.0,1.0,6.0,6.0,7.0,2.0,2.0,2.0,2.0,3.0,1.0,1.0,2.0,1.0,9.0,1.0,3.0,2.0,3.0,
6,5,2.0,4,A,2.0,,11,,FLOWER,2,2,2,2,2,2,2,4,4,2,2,4,4,1,,,,,0,0,,,,,2.0,3,2.0,2.0,2.0,2.0,2.0,3.0,2.0,5.0,1.0,0.0,1.0,0.0,0.0,0.0,0.0,0.0,0.0,0.0,0.0,0.0,0.0,0.0,0.0,0.0,0.0,0.0,1.0,0.0,1.0,1.0,1.0,2.0,0.0,0.0,0.0,2.0,1.0,7.0,#NULL!,#NULL!,#NULL!,#NULL!,#NULL!,#NULL!,1500,1800,2.0,TIDAK BERMI,1.0,2.0,3.0,2.0,3.0,3.0,6.0,6.0,1.0,2.0,2.0,2.0,3.0,2.0,3.0,2.0,2.0,3.0,2.0,2.0,1.0,1.0,2.0,10.0,
6,5,2.0,4,E,3.0,,1,,SAYUR-SAYURAN,3,3,3,3,2,2,2,3,3,2,3,3,4,1,,,,,0,0,,,,,1.0,1,,2.0,2.0,2.0,2.0,0.0,0.0,0.0,0.0,0.0,0.0,0.0,0.0,0.0,0.0,0.0,0.0,0.0,0.0,0.0,0.0,0.0,0.0,0.0,0.0,0.0,0.0,0.0,0.0,0.0,0.0,0.0,0.0,0.0,0.0,1.0,1.0,6.0,#NULL!,#NULL!,5000,6000,#NULL!,#NULL!,1350,2000,2.0,TIDAK RAJIN,6.0,6.0,3.0,3.0,3.0,3.0,6.0,6.0,1.0,2.0,2.0,1.0,3.0,3.0,1.0,2.0,2.0,3.0,2.0,9.0,1.0,2.0,2.0,3.0,
6,5,3.0,25,B,1.0,,7,JAHITAN,MENJAHIT PAKAIAN,4,4,3,3,4,3,3,3,3,3,4,4,4,2,1.0,,,,0,0,,,,,2.0,1,,1.0,1.0,2.0,2.0,0.0,1.0,1.0,0.0,0.0,0.0,0.0,0.0,0.0,0.0,0.0,0.0,0.0,0.0,0.0,0.0,0.0,0.0,0.0,0.0,0.0,0.0,0.0,0.0,0.0,0.0,0.0,0.0,0.0,0.0,2.0,2.0,9.0,#NULL!,#NULL!,#NULL!,#NULL!,#NULL!,#NULL!,1000,1500,2.0,KURANG BERM,6.0,6.0,1.0,1.0,3.0,3.0,6.0,6.0,2.0,2.0,2.0,4.0,2.0,2.0,2.0,2.0,2.0,2.0,2.0,2.0,1.0,1.0,1.0,3.0,
6,5,2.0,11,H,3.0,,6,,PEMBINAAN,3,3,3,3,3,4,3,3,2,2,3,3,4,2,,1.0,,,0,0,,,,,1.0,1,,1.0,1.0,2.0,2.0,4.0,4.0,8.0,1.0,1.0,2.0,1.0,1.0,2.0,0.0,0.0,0.0,0.0,0.0,0.0,0.0,0.0,0.0,0.0,0.0,0.0,0.0,0.0,0.0,0.0,0.0,0.0,0.0,0.0,0.0,1.0,2.0,8.0,1300,2000,#NULL!,#NULL!,#NULL!,#NULL!,1300,1300,2.0,TIDAK BERMI,6.0,6.0,3.0,3.0,3.0,3.0,6.0,6.0,2.0,1.0,2.0,2.0,4.0,3.0,4.0,2.0,3.0,3.0,2.0,3.0,1.0,2.0,3.0,1.0,
6,5,3.0,12,E,1.0,,7,,MENJUAL DAN MEMBEKAL PERKAKAS ELEKTRIK DAN HARDWARE,3,2,3,3,3,3,3,3,3,2,4,4,4,2,1.0,,,,0,0,,,,,2.0,3,2.0,2.0,2.0,2.0,2.0,3.0,2.0,5.0,2.0,2.0,4.0,0.0,0.0,0.0,2.0,2.0,4.0,0.0,0.0,0.0,0.0,0.0,0.0,0.0,0.0,0.0,0.0,0.0,0.0,0.0,0.0,0.0,0.0,0.0,0.0,2.0,2.0,8.0,#NULL!,#NULL!,#NULL!,#NULL!,#NULL!,#NULL!,1200,1500,2.0,TIDAK BERMI,1.0,1.0,3.0,3.0,3.0,3.0,6.0,6.0,7.0,7.0,2.0,2.0,2.0,2.0,2.0,1.0,1.0,2.0,2.0,9.0,1.0,1.0,3.0,3.0,
6,5,4.0,26,H,3.0,,19,ADMIN,PERKHIDMATAN PENGURUSAN PEJABAT DAN KESETIAUSAHAAN,4,4,3,3,2,4,3,3,3,3,4,3,4,1,,,,,0,0,,,,,1.0,1,,1.0,1.0,2.0,2.0,0.0,2.0,2.0,0.0,0.0,0.0,0.0,0.0,0.0,0.0,0.0,0.0,0.0,0.0,0.0,0.0,0.0,0.0,0.0,0.0,0.0,0.0,0.0,0.0,0.0,0.0,0.0,0.0,0.0,0.0,2.0,2.0,8.0,#NULL!,#NULL!,#NULL!,#NULL!,#NULL!,#NULL!,250,1900,2.0,SUDAH CUKUP,6.0,6.0,3.0,3.0,3.0,3.0,6.0,6.0,7.0,7.0,2.0,1.0,1.0,1.0,1.0,2.0,1.0,2.0,1.0,7.0,1.0,1.0,3.0,1.0,
6,5,4.0,25,F,3.0,,19,KURIER,PENGHANTARAN SURAT DAN BARANGAN KURIER,3,2,3,2,3,3,3,3,3,3,4,4,4,2,1.0,,,,0,0,,,,,1.0,1,,1.0,2.0,2.0,2.0,5.0,3.0,8.0,1.0,2.0,3.0,0.0,0.0,0.0,1.0,2.0,3.0,0.0,0.0,0.0,0.0,0.0,0.0,0.0,0.0,0.0,0.0,0.0,0.0,0.0,0.0,0.0,0.0,0.0,0.0,1.0,1.0,1.0,#NULL!,#NULL!,1000,2500,#NULL!,#NULL!,1000,2000,1.0,,1.0,1.0,3.0,3.0,3.0,3.0,6.0,6.0,2.0,1.0,2.0,1.0,1.0,1.0,1.0,1.0,1.0,2.0,1.0,6.0,1.0,1.0,1.0,3.0,
6,5,4.0,13,G,1.0,,4,,"MOTORSIKAL, BAIKI",3,4,3,3,4,4,4,3,3,3,4,3,4,2,1.0,,,,0,0,,,,,1.0,1,,2.0,2.0,2.0,2.0,0.0,1.0,1.0,0.0,0.0,0.0,0.0,0.0,0.0,0.0,0.0,0.0,0.0,0.0,0.0,0.0,0.0,0.0,0.0,0.0,0.0,0.0,0.0,0.0,0.0,0.0,0.0,0.0,0.0,0.0,2.0,2.0,9.0,#NULL!,#NULL!,#NULL!,#NULL!,#NULL!,#NULL!,600,900,2.0,KURANG BERM,1.0,1.0,2.0,2.0,1.0,1.0,6.0,6.0,7.0,7.0,2.0,2.0,2.0,2.0,2.0,2.0,2.0,2.0,2.0,8.0,1.0,1.0,3.0,3.0,
6,5,4.0,13,E,1.0,,7,,BARANGAN RUNCIT,4,4,3,3,4,3,3,3,2,4,4,4,4,1,,,,,0,0,,,,,1.0,1,,2.0,2.0,2.0,2.0,0.0,1.0,1.0,0.0,0.0,0.0,0.0,0.0,0.0,0.0,0.0,0.0,0.0,0.0,0.0,0.0,0.0,0.0,0.0,0.0,0.0,0.0,0.0,0.0,0.0,0.0,0.0,0.0,0.0,0.0,2.0,2.0,9.0,#NULL!,#NULL!,#NULL!,#NULL!,#NULL!,#NULL!,#NULL!,#NULL!,1.0,,6.0,6.0,3.0,3.0,3.0,3.0,6.0,6.0,7.0,7.0,2.0,2.0,2.0,2.0,2.0,2.0,2.0,2.0,2.0,9.0,3.0,3.0,3.0,3.0,
6,5,4.0,12,B,2.0,,4,,MENJAHIT,2,3,3,2,3,3,3,2,3,3,2,3,4,2,1.0,,,,0,0,,,,,2.0,1,,2.0,2.0,1.0,2.0,0.0,2.0,2.0,0.0,2.0,2.0,0.0,0.0,0.0,0.0,2.0,2.0,0.0,0.0,0.0,0.0,0.0,0.0,0.0,0.0,0.0,0.0,0.0,0.0,0.0,0.0,0.0,0.0,0.0,0.0,2.0,1.0,8.0,900,900,#NULL!,#NULL!,#NULL!,#NULL!,500,900,1.0,,6.0,6.0,3.0,3.0,3.0,3.0,6.0,6.0,7.0,7.0,2.0,2.0,2.0,2.0,2.0,2.0,2.0,2.0,2.0,9.0,1.0,3.0,2.0,3.0,
6,5,4.0,22,F,1.0,,9,,HOTEL,2,3,3,2,3,3,2,3,3,3,4,4,4,2,1.0,,,,0,0,,,,,1.0,1,,1.0,2.0,2.0,2.0,1.0,3.0,4.0,0.0,1.0,1.0,0.0,0.0,0.0,0.0,0.0,0.0,0.0,1.0,1.0,0.0,0.0,0.0,0.0,0.0,0.0,0.0,0.0,0.0,0.0,0.0,0.0,0.0,0.0,0.0,1.0,1.0,8.0,1500,1500,#NULL!,#NULL!,#NULL!,#NULL!,1000,1000,1.0,,6.0,6.0,3.0,3.0,3.0,3.0,1.0,1.0,1.0,1.0,3.0,3.0,2.0,2.0,2.0,2.0,2.0,2.0,2.0,7.0,3.0,3.0,1.0,5.0,
6,5,4.0,12,C,1.0,,4,,WELDING,2,2,2,2,2,2,2,2,2,3,2,3,4,2,,1.0,,,0,0,,,,,1.0,1,,1.0,1.0,1.0,1.0,3.0,0.0,3.0,3.0,0.0,3.0,0.0,0.0,0.0,0.0,0.0,0.0,0.0,0.0,0.0,0.0,0.0,0.0,3.0,0.0,3.0,0.0,0.0,0.0,0.0,0.0,0.0,0.0,0.0,0.0,3.0,1.0,3.0,1200,1200,#NULL!,#NULL!,1200,1200,1200,1200,2.0,TERLALU MEM,1.0,1.0,2.0,2.0,3.0,3.0,5.0,5.0,7.0,7.0,3.0,3.0,3.0,3.0,3.0,2.0,2.0,2.0,2.0,8.0,3.0,2.0,1.0,6.0,
6,5,4.0,18,F,2.0,,9,,MAKANAN,3,2,2,2,2,2,2,2,3,4,4,4,4,1,,,,,0,0,,,,,2.0,1,,2.0,2.0,2.0,2.0,2.0,6.0,8.0,1.0,2.0,3.0,0.0,0.0,0.0,0.0,0.0,0.0,0.0,0.0,0.0,0.0,0.0,0.0,1.0,2.0,3.0,0.0,0.0,0.0,0.0,0.0,0.0,0.0,0.0,0.0,2.0,2.0,9.0,#NULL!,#NULL!,#NULL!,#NULL!,#NULL!,#NULL!,900,960,1.0,,2.0,2.0,3.0,3.0,3.0,3.0,6.0,6.0,7.0,7.0,3.0,2.0,2.0,2.0,3.0,3.0,2.0,3.0,2.0,9.0,1.0,2.0,3.0,11.0,
6,5,4.0,13,E,1.0,,7,,BUKU DAN ALAT TULIS,2,2,3,2,3,3,3,3,3,3,3,3,3,2,1.0,,,,0,0,,,,,2.0,1,,2.0,2.0,2.0,2.0,0.0,5.0,5.0,0.0,5.0,5.0,0.0,0.0,0.0,0.0,0.0,0.0,0.0,0.0,0.0,0.0,0.0,0.0,0.0,5.0,5.0,0.0,0.0,0.0,0.0,0.0,0.0,0.0,0.0,0.0,1.0,1.0,2.0,#NULL!,#NULL!,#NULL!,#NULL!,#NULL!,#NULL!,700,1000,1.0,,1.0,1.0,1.0,1.0,1.0,1.0,6.0,6.0,7.0,7.0,3.0,3.0,2.0,2.0,2.0,2.0,2.0,3.0,2.0,9.0,3.0,2.0,1.0,12.0,CARI PENGALAMAN
6,5,4.0,16,J,1.0,,18,SPORT TOTO,SPORT TOTO,2,2,1,3,3,3,2,3,2,2,3,2,4,1,,,,,0,0,,,,,2.0,1,,2.0,2.0,2.0,2.0,0.0,4.0,4.0,0.0,2.0,2.0,0.0,0.0,0.0,0.0,0.0,0.0,0.0,0.0,0.0,0.0,0.0,0.0,0.0,0.0,0.0,0.0,2.0,2.0,0.0,0.0,0.0,0.0,0.0,0.0,2.0,2.0,2.0,#NULL!,#NULL!,#NULL!,#NULL!,#NULL!,#NULL!,1000,1000,2.0,TERHAD UMUR,6.0,6.0,1.0,1.0,3.0,3.0,6.0,6.0,7.0,7.0,3.0,3.0,2.0,2.0,3.0,3.0,2.0,2.0,2.0,9.0,1.0,3.0,2.0,5.0,
6,5,4.0,18,F,2.0,,9,,MAKANAN DAN MINUMAN,2,2,2,2,2,2,2,3,3,4,4,4,4,2,,1.0,,,0,0,,,,,1.0,1,,2.0,2.0,2.0,2.0,3.0,0.0,3.0,3.0,0.0,3.0,0.0,0.0,0.0,0.0,0.0,0.0,3.0,0.0,3.0,0.0,0.0,0.0,0.0,0.0,0.0,0.0,0.0,0.0,2.0,0.0,2.0,0.0,0.0,0.0,2.0,2.0,8.0,2000,2000,#NULL!,#NULL!,#NULL!,#NULL!,800,800,2.0,DEMAND GAJI,6.0,6.0,3.0,3.0,3.0,3.0,6.0,6.0,7.0,7.0,3.0,2.0,3.0,3.0,4.0,3.0,3.0,4.0,3.0,3.0,1.0,2.0,3.0,5.0,
6,5,4.0,13,E,1.0,,7,,PERNIAGAAN RUNCIT,3,3,2,3,3,3,3,1,3,3,3,3,4,1,,,,,0,0,,,,,2.0,1,,2.0,2.0,2.0,2.0,0.0,1.0,1.0,0.0,0.0,0.0,0.0,0.0,0.0,0.0,0.0,0.0,0.0,0.0,0.0,0.0,0.0,0.0,0.0,0.0,0.0,0.0,0.0,0.0,0.0,0.0,0.0,0.0,0.0,0.0,2.0,2.0,8.0,#NULL!,#NULL!,#NULL!,#NULL!,#NULL!,#NULL!,1000,1000,1.0,,6.0,6.0,3.0,3.0,3.0,3.0,6.0,6.0,7.0,7.0,3.0,3.0,3.0,3.0,3.0,3.0,1.0,3.0,1.0,7.0,2.0,3.0,1.0,5.0,
6,5,4.0,18,F,2.0,,9,,MAKANAN DAN MINUMAN,3,3,2,1,3,2,2,3,2,3,3,3,4,2,,1.0,,,0,0,,,,,2.0,1,,2.0,2.0,2.0,2.0,5.0,2.0,7.0,0.0,0.0,0.0,0.0,0.0,0.0,0.0,0.0,0.0,0.0,0.0,0.0,0.0,0.0,0.0,0.0,0.0,0.0,0.0,0.0,0.0,1.0,0.0,1.0,0.0,0.0,0.0,1.0,1.0,8.0,2500,2500,#NULL!,#NULL!,#NULL!,#NULL!,800,800,2.0,BERHENTI AW,6.0,6.0,3.0,3.0,1.0,1.0,6.0,6.0,2.0,2.0,3.0,1.0,1.0,2.0,3.0,1.0,1.0,3.0,1.0,9.0,3.0,2.0,1.0,3.0,
6,5,4.0,18,F,1.0,,9,,KANTIN SEKOLAH,3,3,2,2,3,3,3,3,1,3,3,3,4,1,,,,,0,0,,,,,2.0,1,,2.0,2.0,2.0,2.0,0.0,1.0,1.0,0.0,0.0,0.0,0.0,0.0,0.0,0.0,0.0,0.0,0.0,0.0,0.0,0.0,0.0,0.0,0.0,0.0,0.0,0.0,0.0,0.0,0.0,0.0,0.0,0.0,0.0,0.0,2.0,2.0,8.0,#NULL!,#NULL!,#NULL!,#NULL!,#NULL!,#NULL!,500,500,1.0,,2.0,2.0,1.0,1.0,2.0,2.0,6.0,6.0,7.0,7.0,3.0,3.0,3.0,3.0,3.0,2.0,1.0,3.0,1.0,7.0,2.0,3.0,1.0,5.0,
6,5,4.0,25,I,9.0,,18,,PUSAT PENJAGAAN ORANG-ORANG TUA DAN PUSAT DIALISIS,4,4,4,4,4,4,2,3,4,4,4,4,4,2,1.0,,,,0,0,,,,,2.0,1,,2.0,2.0,2.0,2.0,27.0,19.0,46.0,2.0,2.0,4.0,0.0,0.0,0.0,2.0,2.0,4.0,0.0,0.0,0.0,0.0,0.0,0.0,0.0,0.0,0.0,0.0,0.0,0.0,0.0,0.0,0.0,0.0,0.0,0.0,2.0,1.0,8.0,#NULL!,#NULL!,#NULL!,#NULL!,#NULL!,#NULL!,#NULL!,#NULL!,1.0,,6.0,6.0,3.0,3.0,3.0,3.0,6.0,6.0,7.0,7.0,2.0,3.0,2.0,2.0,2.0,1.0,1.0,2.0,2.0,7.0,2.0,3.0,1.0,5.0,
6,5,3.0,12,H,3.0,,19,PRINTING,SIGNBOARD AND BANNER,3,3,3,3,3,3,3,3,3,2,3,3,3,1,,,,,0,0,,,,,2.0,1,,2.0,2.0,2.0,2.0,6.0,4.0,10.0,6.0,7.0,13.0,0.0,1.0,1.0,2.0,2.0,4.0,1.0,1.0,2.0,1.0,1.0,2.0,0.0,0.0,0.0,2.0,2.0,4.0,0.0,0.0,0.0,0.0,0.0,0.0,2.0,1.0,2.0,1400,1400,#NULL!,#NULL!,1000,1000,900,900,1.0,,6.0,6.0,3.0,3.0,3.0,3.0,5.0,6.0,7.0,7.0,2.0,2.0,2.0,2.0,2.0,2.0,2.0,2.0,2.0,7.0,2.0,1.0,2.0,5.0,
7,5,4.0,18,E,1.0,,9,,MENJUAL KUIH MUIH,3,3,2,3,3,3,3,4,4,4,4,4,4,1,,,,,0,0,,,,,2.0,1,,2.0,2.0,2.0,2.0,1.0,1.0,2.0,,,,,,,,,,,,,,,,,,,,,,,,,,,,2.0,2.0,9.0,#NULL!,#NULL!,#NULL!,#NULL!,#NULL!,#NULL!,#NULL!,#NULL!,1.0,,6.0,6.0,3.0,3.0,3.0,3.0,6.0,6.0,3.0,3.0,3.0,3.0,3.0,3.0,3.0,3.0,3.0,3.0,3.0,9.0,1.0,2.0,3.0,5.0,
7,5,4.0,22,F,2.0,,9,,PENGINAPAN,3,3,3,3,3,3,3,3,3,3,3,3,3,1,,,,,0,0,,,,,2.0,1,,2.0,2.0,2.0,2.0,1.0,,,,,,,,,,,,,,,,,,,,,,,,,,,,,,2.0,2.0,2.0,#NULL!,#NULL!,#NULL!,#NULL!,#NULL!,#NULL!,#NULL!,#NULL!,1.0,,6.0,6.0,3.0,3.0,3.0,3.0,6.0,6.0,7.0,7.0,3.0,3.0,3.0,3.0,3.0,3.0,3.0,3.0,3.0,9.0,3.0,2.0,1.0,4.0,
7,5,4.0,11,E,6.0,,11,,DESIGN AND PROVIDE ENGINEERING,2,2,1,3,2,2,2,2,4,3,3,4,4,2,1.0,1.0,,,0,0,,,,,1.0,3,2.0,1.0,1.0,1.0,2.0,3.0,1.0,4.0,,,,,,,,,,,,,1.0,,,,,,,,,,,,,,,1.0,1.0,1.0,#NULL!,#NULL!,#NULL!,#NULL!,#NULL!,#NULL!,#NULL!,#NULL!,1.0,,6.0,6.0,3.0,3.0,3.0,3.0,6.0,3.0,6.0,6.0,3.0,3.0,3.0,3.0,3.0,3.0,3.0,3.0,3.0,5.0,2.0,1.0,3.0,6.0,
7,5,3.0,4,C,3.0,,4,,SMT STENCIL,3,2,2,3,3,3,3,3,3,3,3,4,4,2,1.0,,,,0,0,,,,,1.0,1,,1.0,2.0,2.0,2.0,17.0,23.0,40.0,,,,,1.0,,,,,,,,,,,,,,1.0,,,2.0,,,,,,1.0,1.0,1.0,#NULL!,#NULL!,#NULL!,#NULL!,#NULL!,#NULL!,1200,#NULL!,1.0,,2.0,2.0,3.0,3.0,3.0,3.0,1.0,6.0,6.0,7.0,2.0,2.0,2.0,2.0,2.0,2.0,2.0,2.0,2.0,2.0,3.0,1.0,2.0,3.0,
7,5,4.0,18,F,2.0,,9,,MENJUAL MAKANAN DAN MINUMAN,3,3,3,3,3,3,3,3,3,4,4,4,4,1,,,,,0,0,,,,,2.0,1,,1.0,2.0,2.0,2.0,2.0,2.0,4.0,,,,,,,,,,,,,,,,,,,1.0,,,,,,,,,1.0,1.0,2.0,#NULL!,#NULL!,#NULL!,#NULL!,#NULL!,#NULL!,700,1800,1.0,,1.0,1.0,3.0,3.0,3.0,3.0,6.0,6.0,7.0,7.0,3.0,3.0,3.0,3.0,3.0,3.0,2.0,3.0,2.0,9.0,3.0,2.0,1.0,10.0,
7,5,4.0,19,J,1.0,,19,LAUNDRY,DOBI CUCI KAIN,3,3,1,3,3,3,3,3,3,4,4,3,4,2,1.0,,,,0,0,,,,,2.0,1,,1.0,2.0,2.0,2.0,,3.0,,,,,,,,,,,,,,,,,,,,,1.0,,,,,,,,2.0,2.0,9.0,#NULL!,#NULL!,#NULL!,#NULL!,#NULL!,#NULL!,1200,1600,2.0,BELIA MEMILIH KERJA,6.0,6.0,3.0,3.0,3.0,3.0,6.0,6.0,7.0,7.0,3.0,3.0,3.0,3.0,3.0,3.0,3.0,3.0,3.0,7.0,1.0,2.0,3.0,5.0,
7,5,4.0,19,H,1.0,,18,PELANCONGAN,PACKAGE PELANCONGAN,3,3,2,2,3,3,3,3,3,3,3,4,2,1,,,,,0,0,,,,,2.0,1,,2.0,2.0,2.0,2.0,,1.0,,,,,,,,,,,,,,,1.0,,,,,,,,,,,,,,3.0,2.0,9.0,1700,2000,#NULL!,#NULL!,#NULL!,#NULL!,#NULL!,#NULL!,1.0,,6.0,6.0,3.0,3.0,3.0,3.0,1.0,5.0,7.0,7.0,2.0,2.0,2.0,3.0,2.0,2.0,3.0,3.0,2.0,6.0,2.0,3.0,1.0,5.0,
7,5,4.0,4,B,1.0,,4,,ALKOHOL,3,2,2,3,4,4,4,3,3,3,3,3,3,1,,,,,0,0,,,,,2.0,1,,2.0,2.0,2.0,2.0,3.0,,,,,,,,,,,,,,,,,,,,,,,,,,,,,,2.0,2.0,8.0,#NULL!,#NULL!,#NULL!,#NULL!,#NULL!,#NULL!,#NULL!,#NULL!,1.0,,6.0,6.0,3.0,3.0,3.0,3.0,6.0,6.0,7.0,7.0,2.0,2.0,2.0,2.0,2.0,2.0,2.0,2.0,2.0,9.0,2.0,3.0,1.0,1.0,
7,5,4.0,17,I,1.0,,17,,HELATH CARE & SOCIAL ASSISTANT,3,2,2,2,2,2,2,3,4,3,3,4,4,1,,,,,0,0,,,,,2.0,1,,1.0,2.0,2.0,2.0,2.0,2.0,4.0,,,,,,,,,,,,,,,,,,,,1.0,,,,,,,,2.0,2.0,1.0,#NULL!,#NULL!,#NULL!,#NULL!,#NULL!,#NULL!,900,#NULL!,1.0,,6.0,6.0,3.0,3.0,3.0,3.0,3.0,6.0,6.0,6.0,2.0,2.0,2.0,2.0,2.0,2.0,2.0,2.0,2.0,7.0,2.0,3.0,1.0,5.0,
7,5,3.0,18,I,1.0,,18,,MUSIC CLASS,3,3,3,2,2,4,2,4,4,4,2,3,2,2,1.0,,,,0,0,,,,,1.0,1,,1.0,1.0,2.0,1.0,4.0,3.0,7.0,,,,,,,3.0,2.0,5.0,,,,,,,,,,,,,,,,,,,2.0,1.0,2.0,#NULL!,#NULL!,#NULL!,#NULL!,1800,2800,#NULL!,#NULL!,1.0,,3.0,4.0,3.0,3.0,3.0,3.0,5.0,6.0,1.0,7.0,2.0,1.0,1.0,2.0,2.0,1.0,1.0,1.0,1.0,8.0,2.0,1.0,3.0,1.0,
7,5,4.0,17,I,3.0,,17,,MEDICAL,3,2,3,2,3,3,2,2,3,3,2,3,2,2,1.0,,,,0,0,,,,,2.0,1,,1.0,2.0,2.0,2.0,,3.0,,,,,,,,,,,,,,,1.0,,,,,,,,,,,,,,2.0,1.0,2.0,1500,2200,#NULL!,#NULL!,#NULL!,#NULL!,#NULL!,#NULL!,1.0,,3.0,3.0,1.0,1.0,3.0,3.0,2.0,2.0,1.0,6.0,1.0,2.0,2.0,2.0,1.0,2.0,1.0,3.0,1.0,7.0,2.0,3.0,1.0,1.0,
7,5,3.0,7,E,1.0,,7,,PERABOT,2,2,1,1,3,3,2,2,3,3,3,3,1,1,,,,,0,0,,,,,2.0,1,,2.0,2.0,2.0,2.0,7.0,2.0,9.0,,,,1.0,1.0,2.0,1.0,,,1.0,,,,,,,,,,,,,,,,,,1.0,1.0,2.0,1500,2200,#NULL!,#NULL!,#NULL!,#NULL!,700,1200,1.0,,3.0,3.0,3.0,3.0,3.0,3.0,1.0,6.0,1.0,1.0,2.0,2.0,2.0,2.0,2.0,1.0,1.0,2.0,1.0,3.0,1.0,3.0,2.0,3.0,
7,5,3.0,15,I,3.0,,15,,SECURITY,2,2,2,2,2,3,2,3,3,3,3,3,3,1,,,,,0,0,,,,,2.0,1,,2.0,2.0,2.0,2.0,2.0,3.0,5.0,,,,,,,,,,,,,,,,,,,,1.0,,,,,,,,2.0,2.0,1.0,1800,3800,#NULL!,#NULL!,#NULL!,#NULL!,1000,1500,1.0,,3.0,4.0,3.0,3.0,3.0,3.0,1.0,6.0,1.0,7.0,2.0,2.0,2.0,2.0,2.0,2.0,2.0,2.0,2.0,7.0,2.0,3.0,1.0,5.0,
7,5,4.0,7,E,1.0,,7,,PAKAIAN BUTIK,3,2,2,2,3,3,2,2,3,3,3,2,1,1,,,,,0,0,,,,,2.0,1,,2.0,2.0,2.0,2.0,,2.0,,,,,,1.0,,,,,,,,,,,,,,,,,,,,,,,2.0,1.0,2.0,#NULL!,#NULL!,#NULL!,#NULL!,#NULL!,#NULL!,700,1200,1.0,,2.0,3.0,1.0,1.0,3.0,3.0,6.0,6.0,3.0,2.0,3.0,3.0,1.0,2.0,2.0,2.0,1.0,2.0,1.0,3.0,1.0,3.0,2.0,1.0,
7,5,4.0,7,E,1.0,,7,,PAKAIAN WANITA,2,2,2,2,3,2,3,1,3,4,4,3,3,2,1.0,,,,0,0,,,,,2.0,1,,2.0,2.0,2.0,2.0,,4.0,,,,,,,,,,,,,,,,,,,,,1.0,,,,,,,,3.0,2.0,8.0,#NULL!,#NULL!,#NULL!,#NULL!,#NULL!,#NULL!,900,#NULL!,1.0,,,2.0,,1.0,,1.0,,6.0,,2.0,3.0,3.0,2.0,2.0,3.0,2.0,2.0,2.0,2.0,3.0,1.0,2.0,3.0,1.0,
7,5,3.0,7,E,1.0,,7,,STATIONERY,3,2,3,2,2,4,2,4,4,3,2,3,2,2,1.0,,,,0,0,,,,,1.0,3,2.0,2.0,2.0,2.0,2.0,3.0,4.0,7.0,,,,,,,,,,,,,,,,1.0,2.0,3.0,,,,,,,,,,1.0,1.0,1.0,1800,2500,#NULL!,#NULL!,#NULL!,#NULL!,#NULL!,#NULL!,1.0,,3.0,3.0,3.0,3.0,3.0,3.0,5.0,6.0,3.0,7.0,2.0,2.0,2.0,2.0,2.0,2.0,1.0,1.0,1.0,7.0,1.0,2.0,3.0,1.0,
7,5,3.0,7,E,2.0,,7,,RUNCIT,2,2,2,2,2,2,2,3,2,2,2,3,2,1,,,,,0,0,,,,,2.0,1,,2.0,2.0,2.0,2.0,8.0,,,,,,,,,,,,,,,,,,,,,,,,,,,,,,1.0,1.0,8.0,#NULL!,#NULL!,#NULL!,#NULL!,#NULL!,#NULL!,700,1500,1.0,,3.0,4.0,2.0,2.0,3.0,3.0,6.0,6.0,7.0,7.0,3.0,2.0,2.0,3.0,3.0,2.0,2.0,3.0,2.0,9.0,1.0,2.0,3.0,5.0,
7,5,3.0,7,E,1.0,,7,,KEDAI RUNCIT,2,2,2,2,2,2,2,3,3,3,2,2,2,1,,,,,0,0,,,,,2.0,1,,2.0,2.0,2.0,2.0,8.0,1.0,9.0,,,,,,,,1.0,,2.0,,,,,,,,,,,,5.0,,,,,,1.0,1.0,9.0,#NULL!,#NULL!,#NULL!,#NULL!,#NULL!,#NULL!,900,1800,1.0,,3.0,3.0,2.0,2.0,3.0,3.0,6.0,6.0,7.0,7.0,3.0,2.0,2.0,3.0,3.0,2.0,2.0,3.0,3.0,9.0,1.0,2.0,3.0,6.0,
7,5,3.0,7,E,2.0,,7,,WHOLESALER,2,2,2,2,2,2,2,3,2,2,2,3,2,1,,,,,0,0,,,,,2.0,1,,2.0,2.0,2.0,2.0,10.0,,,,,,,,,,,,8.0,,,,,,,,,,,,4.0,,,,,,2.0,2.0,9.0,#NULL!,#NULL!,#NULL!,#NULL!,#NULL!,#NULL!,700,1200,1.0,,3.0,4.0,2.0,2.0,3.0,3.0,6.0,6.0,4.0,4.0,2.0,2.0,2.0,2.0,3.0,2.0,2.0,2.0,2.0,7.0,1.0,2.0,3.0,5.0,
7,5,3.0,7,E,2.0,,7,,PAKAIAN,2,2,2,2,3,2,2,3,3,3,3,3,2,1,,,,,0,0,,,,,2.0,1,,2.0,2.0,2.0,2.0,7.0,5.0,12.0,,,,,,,,,,2.0,1.0,3.0,,,,,,,,,,3.0,,,,,,2.0,2.0,8.0,#NULL!,#NULL!,#NULL!,#NULL!,#NULL!,#NULL!,900,1500,1.0,,2.0,3.0,3.0,2.0,3.0,3.0,6.0,6.0,7.0,7.0,2.0,2.0,2.0,2.0,3.0,2.0,2.0,2.0,2.0,9.0,1.0,3.0,2.0,3.0,
7,5,3.0,18,E,1.0,,18,,SOLEKAN,3,3,3,2,2,3,2,3,3,3,2,3,3,1,,,,,0,0,,,,,2.0,1,,2.0,2.0,2.0,2.0,,5.0,,,,,,,,,1.0,,,,,,,,,,,,,,,,,,,,1.0,1.0,2.0,#NULL!,#NULL!,#NULL!,#NULL!,1500,2000,#NULL!,#NULL!,1.0,,2.0,2.0,1.0,1.0,3.0,3.0,5.0,5.0,7.0,7.0,2.0,2.0,2.0,2.0,2.0,2.0,2.0,2.0,1.0,8.0,2.0,1.0,3.0,1.0,
7,5,3.0,16,I,3.0,,16,,PENDIDIKAN PRA SEKOLAH,4,4,3,1,3,3,3,3,3,3,3,4,4,2,1.0,,,,0,0,,,,,1.0,1,,2.0,1.0,2.0,1.0,,32.0,,,,,,1.0,,,9.0,,,4.0,,,2.0,,,5.0,,,,,,,,,,,2.0,2.0,1.0,1500,2800,1000,2000,1000,2000,1000,2000,1.0,,1.0,,1.0,,1.0,,,1.0,1.0,,1.0,2.0,2.0,2.0,1.0,2.0,1.0,1.0,1.0,1.0,1.0,3.0,2.0,3.0,
7,5,3.0,16,I,11.0,TASKA TEMPAT KERJA,16,,PENDIDIKAN AWAL KANAK-KANAK,3,4,4,4,3,3,3,3,3,3,3,3,4,2,1.0,,,,0,0,,,,,1.0,1,,2.0,2.0,2.0,2.0,1.0,31.0,32.0,,,,,,,,,,,,,,,,,,,,9.0,,,,,,,,2.0,2.0,1.0,#NULL!,#NULL!,#NULL!,#NULL!,#NULL!,#NULL!,1000,1733.34,2.0,MASALAH GAJI YANG RENDAH (BASIC RM 750) 3 BULAN PERTAMA,,3.0,,1.0,,3.0,,6.0,,2.0,2.0,1.0,2.0,2.0,1.0,2.0,2.0,1.0,1.0,7.0,2.0,3.0,1.0,1.0,
7,5,4.0,7,E,1.0,,7,,PAKAIAN,3,4,1,2,4,3,1,1,3,1,2,3,4,1,,,,,0,0,,,,,2.0,1,,2.0,2.0,2.0,2.0,,2.0,,,,,,1.0,,,,,,,,,,,,,,,,,,,,,,,2.0,1.0,1.0,#NULL!,#NULL!,1000,2000,#NULL!,#NULL!,#NULL!,#NULL!,1.0,,1.0,4.0,1.0,1.0,3.0,3.0,1.0,6.0,1.0,,2.0,1.0,1.0,1.0,1.0,1.0,1.0,1.0,1.0,3.0,1.0,2.0,1.0,6.0,
7,5,3.0,19,E,11.0,PARTNERSHIP,6,ARCHITECT,,3,2,2,3,4,3,3,4,4,3,3,3,4,2,1.0,,,,0,0,,,,,1.0,1,,2.0,1.0,2.0,2.0,14.0,20.0,34.0,,,,,,,,,,,,,10.0,17.0,27.0,,,,,,,,,,,,,2.0,2.0,1.0,#NULL!,#NULL!,#NULL!,#NULL!,#NULL!,#NULL!,#NULL!,#NULL!,1.0,,2.0,6.0,3.0,3.0,3.0,3.0,1.0,5.0,1.0,,2.0,2.0,3.0,1.0,1.0,1.0,1.0,1.0,1.0,8.0,3.0,1.0,2.0,1.0,
7,5,3.0,18,E,9.0,,18,,LUKISAN TINTA CINA,3,3,3,3,2,3,3,1,3,3,2,3,3,2,1.0,,,,0,0,,,,,1.0,1,,2.0,2.0,2.0,2.0,4.0,3.0,7.0,,,,,,,,,,,,,,,,,,,,,,,,,,,,2.0,1.0,8.0,#NULL!,#NULL!,#NULL!,#NULL!,700,800,#NULL!,#NULL!,1.0,,3.0,3.0,3.0,3.0,3.0,3.0,5.0,6.0,3.0,3.0,2.0,2.0,3.0,1.0,3.0,1.0,1.0,1.0,1.0,8.0,3.0,1.0,2.0,6.0,
7,5,4.0,7,E,1.0,,7,,KEDAI BUKU ALAT-ALAT TULIS,3,2,2,1,3,3,2,1,3,3,3,2,2,1,,,,,0,0,,,,,2.0,1,,2.0,2.0,2.0,2.0,,2.0,,,,,,1.0,,,,,,,,,,,,,,,,,,,,,,,2.0,2.0,2.0,#NULL!,#NULL!,#NULL!,#NULL!,#NULL!,#NULL!,700,1200,1.0,,3.0,3.0,3.0,3.0,3.0,3.0,5.0,5.0,6.0,6.0,2.0,2.0,1.0,2.0,2.0,1.0,2.0,1.0,1.0,3.0,1.0,3.0,2.0,7.0,
7,5,3.0,17,E,1.0,,17,,FARMASI,4,3,3,1,3,4,2,3,3,3,3,3,2,1,,,,,0,0,,,,,2.0,1,,1.0,2.0,2.0,2.0,2.0,3.0,5.0,,,,,,,,,,,,,,,,,,,,,,,,,,,,2.0,2.0,2.0,1500,2500,#NULL!,#NULL!,#NULL!,#NULL!,700,1200,1.0,,2.0,3.0,3.0,3.0,3.0,3.0,1.0,6.0,1.0,7.0,1.0,1.0,1.0,2.0,2.0,2.0,1.0,2.0,1.0,1.0,1.0,3.0,2.0,6.0,
7,5,4.0,18,I,9.0,,18,,MEDICAL CENTRE,4,4,4,4,4,3,4,4,3,2,3,3,3,1,,,,,0,0,,,,,2.0,1,,2.0,2.0,2.0,2.0,2.0,2.0,4.0,,,,,,,,,,,,,,,,,,,,,,,,,,,,2.0,2.0,2.0,#NULL!,#NULL!,#NULL!,#NULL!,#NULL!,#NULL!,700,1000,1.0,,6.0,4.0,3.0,3.0,2.0,2.0,6.0,6.0,3.0,3.0,3.0,3.0,2.0,2.0,3.0,2.0,2.0,2.0,2.0,3.0,2.0,3.0,1.0,5.0,
7,5,4.0,17,I,1.0,,17,,DENTAL SURGERY,3,2,3,2,3,3,2,3,3,3,3,3,1,2,1.0,,,,0,0,,,,,2.0,1,,1.0,1.0,2.0,2.0,1.0,2.0,3.0,,,,,,,,,,,,,,,,,,,,,,,,,,,,2.0,1.0,1.0,2000,2800,#NULL!,#NULL!,#NULL!,#NULL!,750,850,1.0,,3.0,4.0,3.0,1.0,3.0,2.0,1.0,6.0,1.0,1.0,1.0,2.0,1.0,1.0,1.0,2.0,1.0,2.0,1.0,1.0,3.0,2.0,1.0,3.0,
7,5,4.0,13,G,1.0,,13,,AUDIT,2,2,2,2,2,2,2,2,2,2,2,2,2,2,1.0,,,,0,0,,,,,2.0,1,,2.0,2.0,2.0,2.0,7.0,1.0,8.0,,,,,,,,,,,,,,2.0,,,,,,,,,,,,,,2.0,1.0,1.0,1800,2700,#NULL!,#NULL!,#NULL!,#NULL!,#NULL!,#NULL!,1.0,,2.0,5.0,3.0,3.0,3.0,3.0,2.0,6.0,1.0,2.0,1.0,1.0,1.0,1.0,1.0,1.0,1.0,1.0,1.0,1.0,2.0,3.0,1.0,1.0,
7,5,3.0,7,E,1.0,,7,,PRINTING,3,2,2,2,3,3,2,3,3,3,2,3,3,1,,,,,0,0,,,,,2.0,1,,2.0,2.0,2.0,2.0,2.0,3.0,5.0,,,,,,,,1.0,,,,,,,,,,,,,,,,,,,,2.0,2.0,9.0,#NULL!,#NULL!,#NULL!,#NULL!,1200,1200,#NULL!,#NULL!,1.0,,2.0,2.0,2.0,3.0,3.0,3.0,5.0,5.0,7.0,7.0,2.0,2.0,2.0,2.0,2.0,2.0,2.0,2.0,2.0,2.0,2.0,1.0,3.0,5.0,
7,5,3.0,16,I,1.0,,16,,PERKHIDMATAN PENDIDIKAN,2,3,3,2,3,3,2,2,3,3,3,3,3,2,1.0,,,,0,0,,,,,2.0,1,,2.0,2.0,2.0,2.0,3.0,5.0,8.0,,,,,,,1.0,,,,,,1.0,3.0,4.0,,,,,,,,,,,,,1.0,1.0,1.0,1200,1800,#NULL!,#NULL!,#NULL!,#NULL!,#NULL!,#NULL!,1.0,,2.0,3.0,3.0,3.0,3.0,3.0,1.0,6.0,1.0,1.0,1.0,1.0,1.0,1.0,1.0,1.0,1.0,1.0,1.0,1.0,1.0,2.0,3.0,1.0,
7,5,4.0,18,H,1.0,,18,,PHOTOGRAPHY,3,2,2,2,3,3,2,2,3,3,2,3,3,2,1.0,,,,0,0,,,,,1.0,1,,1.0,2.0,2.0,2.0,2.0,1.0,3.0,,,,,1.0,,2.0,,,,,,,,,,,,,,,,,,,,,1.0,1.0,2.0,1500,2800,#NULL!,#NULL!,#NULL!,#NULL!,#NULL!,#NULL!,1.0,,2.0,2.0,2.0,2.0,1.0,1.0,1.0,1.0,2.0,2.0,2.0,1.0,1.0,2.0,1.0,1.0,1.0,1.0,1.0,2.0,2.0,1.0,3.0,1.0,
7,5,3.0,7,E,1.0,,7,,KEDAI CERMIN MATA,3,2,2,2,3,3,3,3,3,3,3,3,2,2,1.0,,,,0,0,,,,,2.0,1,,2.0,2.0,2.0,2.0,2.0,3.0,5.0,,,,,,,,2.0,,,,,,,,,,,,,,,,,,,,2.0,2.0,8.0,#NULL!,#NULL!,#NULL!,#NULL!,1800,3000,#NULL!,#NULL!,1.0,,2.0,3.0,3.0,3.0,3.0,3.0,1.0,6.0,3.0,7.0,2.0,2.0,2.0,2.0,2.0,2.0,2.0,2.0,2.0,9.0,1.0,2.0,3.0,3.0,
7,5,4.0,7,E,1.0,,7,,KEDAI CERMIN MATA,2,2,2,1,2,3,2,3,3,3,3,3,1,2,1.0,,,,0,0,,,,,2.0,1,,2.0,2.0,2.0,2.0,1.0,2.0,3.0,,,,,,,,,,,,,,,,,,,,,,,,,,,,2.0,2.0,1.0,2200,3000,#NULL!,#NULL!,#NULL!,#NULL!,#NULL!,#NULL!,1.0,,3.0,4.0,3.0,3.0,3.0,3.0,1.0,6.0,1.0,3.0,1.0,1.0,1.0,2.0,2.0,1.0,1.0,1.0,1.0,3.0,1.0,2.0,3.0,6.0,
7,5,4.0,18,J,1.0,,18,,SALOON,3,3,3,2,3,3,2,2,2,3,2,3,3,2,1.0,,,,0,0,,,,,2.0,1,,2.0,1.0,2.0,2.0,,3.0,,,,,,,,,,,,,,,,,,,,,,,,,,,,,2.0,2.0,2.0,#NULL!,#NULL!,#NULL!,#NULL!,1200,1500,#NULL!,#NULL!,1.0,,3.0,4.0,1.0,1.0,3.0,3.0,5.0,6.0,2.0,2.0,3.0,1.0,1.0,2.0,3.0,1.0,1.0,1.0,1.0,2.0,2.0,1.0,3.0,6.0,
7,5,3.0,7,E,2.0,,7,,KEDAI RUNCIT,2,2,2,2,2,2,3,3,3,3,3,3,2,1,,,,,0,0,,,,,2.0,1,,2.0,2.0,2.0,2.0,4.0,2.0,6.0,,,,,,,,,,,,,,,,,,,,,,3.0,,,,,,2.0,1.0,8.0,#NULL!,#NULL!,#NULL!,#NULL!,#NULL!,#NULL!,900,1200,1.0,,3.0,3.0,3.0,2.0,3.0,3.0,6.0,6.0,4.0,4.0,2.0,2.0,3.0,3.0,3.0,2.0,3.0,2.0,2.0,9.0,1.0,2.0,3.0,5.0,
7,5,4.0,8,H,1.0,,8,,TOUR AND TRAVEL,2,2,1,1,3,3,3,2,3,3,3,3,1,1,,,,,0,0,,,,,2.0,3,,2.0,2.0,2.0,2.0,2.0,2.0,4.0,,,,,,,,,,,,,,,,,,,,,,,,,,,,2.0,1.0,1.0,1800,2800,#NULL!,#NULL!,#NULL!,#NULL!,#NULL!,#NULL!,1.0,,2.0,5.0,3.0,3.0,3.0,3.0,2.0,6.0,1.0,1.0,2.0,2.0,1.0,2.0,1.0,2.0,1.0,2.0,1.0,3.0,2.0,3.0,1.0,11.0,
7,5,4.0,7,E,1.0,,7,,,3,2,2,2,4,4,2,2,3,3,3,3,1,1,,,,,0,0,,,,,2.0,1,,2.0,2.0,2.0,2.0,,4.0,,,,,,,,,,,,,,,,,,,,,,,,,,,,,2.0,2.0,2.0,#NULL!,#NULL!,#NULL!,#NULL!,#NULL!,#NULL!,1000,1500,1.0,,2.0,4.0,1.0,1.0,2.0,2.0,5.0,6.0,1.0,1.0,2.0,2.0,1.0,2.0,3.0,2.0,1.0,2.0,1.0,3.0,1.0,3.0,2.0,1.0,
7,5,4.0,17,I,3.0,,17,,KLINIK,3,2,3,3,2,4,3,3,3,3,3,3,2,1,,,,,0,0,,,,,2.0,1,,1.0,1.0,2.0,2.0,1.0,2.0,3.0,,,,,,,,,,,,,,,,,,,,,,,,,,,,2.0,1.0,1.0,2000,2500,#NULL!,#NULL!,#NULL!,#NULL!,1200,1800,1.0,,3.0,3.0,3.0,1.0,3.0,2.0,1.0,5.0,1.0,6.0,1.0,1.0,1.0,1.0,2.0,2.0,1.0,1.0,1.0,1.0,2.0,3.0,1.0,5.0,
7,5,3.0,7,E,1.0,,7,,KEDAI RUNCIT,2,2,1,2,3,3,2,2,3,3,3,2,1,1,,,,,0,0,,,,,2.0,1,,2.0,2.0,2.0,2.0,5.0,,,,,,,,,,,,,,,,,,,,,,,,,,,,,,2.0,1.0,6.0,#NULL!,#NULL!,#NULL!,#NULL!,#NULL!,#NULL!,750,1500,1.0,,6.0,3.0,3.0,2.0,3.0,3.0,6.0,6.0,6.0,6.0,3.0,2.0,1.0,1.0,2.0,1.0,1.0,3.0,1.0,3.0,2.0,3.0,1.0,5.0,
7,5,4.0,7,B,1.0,,7,,TUKANG JAHIT,3,3,3,2,1,3,2,2,3,3,2,3,3,2,1.0,,,,0,0,,,,,2.0,1,,1.0,2.0,2.0,2.0,,3.0,,,,,,,,,1.0,,,,,,,,,,,,,,,,,,,,2.0,1.0,2.0,#NULL!,#NULL!,#NULL!,#NULL!,1000,1500,#NULL!,#NULL!,1.0,,3.0,4.0,1.0,1.0,3.0,3.0,5.0,6.0,2.0,6.0,2.0,1.0,1.0,2.0,2.0,2.0,1.0,1.0,1.0,8.0,3.0,1.0,2.0,6.0,
7,5,4.0,7,J,1.0,,7,,PRODUK KECANTIKAN,3,2,2,1,4,4,2,3,3,3,3,3,2,1,,,,,0,0,,,,,2.0,1,,2.0,2.0,2.0,2.0,,2.0,,,,,,,,,,,,,,,,,,,,,1.0,,,,,,,,2.0,2.0,8.0,#NULL!,#NULL!,#NULL!,#NULL!,#NULL!,#NULL!,1000,1500,1.0,,3.0,2.0,2.0,2.0,3.0,3.0,5.0,6.0,2.0,2.0,2.0,2.0,1.0,2.0,2.0,2.0,1.0,1.0,2.0,8.0,1.0,3.0,2.0,1.0,
7,5,4.0,19,E,1.0,,8,PENJUALAN KERETA DAN SER,JUAL KERETA DAN SERVICE,2,2,1,1,2,2,1,1,2,3,3,3,2,1,,,,,0,0,,,,,2.0,1,,2.0,2.0,2.0,2.0,3.0,1.0,4.0,,,,2.0,,,1.0,,,,,,,,,,,,,,,,,,,,,2.0,2.0,2.0,3000,7000,2500,6500,2000,5500,1200,4500,1.0,,6.0,6.0,3.0,3.0,3.0,3.0,1.0,6.0,7.0,7.0,2.0,2.0,2.0,3.0,3.0,2.0,2.0,3.0,3.0,1.0,1.0,3.0,2.0,10.0,
7,5,4.0,11,E,1.0,,11,,"INTERNET, PHOTOSTAT, PRINTING",1,1,1,2,2,2,2,2,3,3,3,3,1,1,,,,,0,0,,,,,2.0,1,,2.0,2.0,2.0,2.0,1.0,1.0,2.0,,,,,,,,,,,,,,,,,,,,,,,,,,,,2.0,2.0,2.0,3000,7000,2500,6500,2000,5500,1200,4500,1.0,,6.0,6.0,3.0,3.0,3.0,3.0,1.0,6.0,7.0,7.0,2.0,1.0,1.0,1.0,2.0,2.0,2.0,3.0,3.0,1.0,1.0,2.0,3.0,10.0,
7,5,4.0,19,J,1.0,,17,GUNTING RAMBUT,GUNTING RAMBUT DAN FASHION,1,1,1,2,2,2,2,1,1,3,3,3,2,1,,,,,0,0,,,,,2.0,1,,2.0,2.0,2.0,2.0,,2.0,,,,,,1.0,,,1.0,,,,,,,,,,,,,,,,,,,,2.0,2.0,2.0,3000,7000,2500,6000,2000,5500,1200,4500,1.0,,6.0,6.0,3.0,3.0,3.0,3.0,1.0,6.0,7.0,7.0,2.0,2.0,3.0,3.0,3.0,2.0,2.0,3.0,3.0,1.0,1.0,2.0,3.0,10.0,
7,5,4.0,19,F,1.0,,9,GERAI MAKANAN,MENJUAL MAKANAN DAN MINUMAN,2,2,2,1,1,2,2,3,3,3,3,3,2,1,,,,,0,0,,,,,2.0,1,,2.0,2.0,2.0,2.0,1.0,2.0,3.0,,,,,,,,,,,,,,,,,,,,1.0,,,,,,,,2.0,2.0,5.0,3000,7000,2500,6500,2000,5500,1200,4500,1.0,,6.0,6.0,3.0,3.0,3.0,3.0,1.0,6.0,7.0,7.0,2.0,2.0,1.0,1.0,1.0,2.0,2.0,3.0,3.0,1.0,1.0,3.0,2.0,5.0,
7,5,3.0,5,D,1.0,,5,,BAIKI PETI SEJUK DAN ELEKTRIK,2,2,1,1,2,2,3,3,2,3,3,3,2,1,,,,,0,0,,,,,2.0,1,,2.0,2.0,2.0,2.0,4.0,2.0,6.0,,,,1.0,1.0,2.0,3.0,1.0,4.0,,,,,,,,,,,,,,,,,,,2.0,2.0,2.0,3000,7000,2500,6500,2000,5500,1200,4500,1.0,,6.0,6.0,3.0,3.0,3.0,3.0,1.0,5.0,7.0,7.0,2.0,2.0,1.0,1.0,2.0,2.0,3.0,3.0,3.0,1.0,1.0,3.0,2.0,10.0,
7,5,3.0,4,C,3.0,,4,,SUPPLIER MESIN DAN LOGAM,1,1,1,2,2,2,2,2,3,3,3,3,2,1,,,,,0,0,,,,,2.0,1,,2.0,2.0,2.0,2.0,40.0,20.0,60.0,,,,10.0,5.0,15.0,20.0,10.0,30.0,,5.0,,,,,,,,,,,10.0,,,,,,2.0,2.0,2.0,3000,7000,2500,6500,2000,5500,1200,4500,1.0,,6.0,6.0,3.0,3.0,1.0,3.0,1.0,6.0,7.0,7.0,2.0,1.0,1.0,1.0,2.0,2.0,2.0,2.0,3.0,1.0,1.0,3.0,2.0,10.0,
7,5,4.0,19,D,1.0,,19,SYARIKAT SERVICE & PEMAS,SERVICES AIRCOND & PEMASANGAN,2,2,2,3,3,2,2,3,3,2,3,3,2,1,,,,,0,0,,,,,2.0,1,,2.0,2.0,2.0,2.0,4.0,,,,,,1.0,,,2.0,,,,,,,,,1.0,,,,,,,,,,,,2.0,2.0,2.0,3000,7000,2500,6500,2000,5500,1200,4500,1.0,,6.0,6.0,3.0,3.0,3.0,3.0,1.0,5.0,7.0,7.0,2.0,2.0,1.0,1.0,2.0,2.0,3.0,3.0,3.0,1.0,1.0,2.0,3.0,10.0,
7,5,3.0,5,D,2.0,,5,,SUPPLIER COMPONENT ELEKTRIK,1,1,1,2,2,2,2,3,3,3,3,3,2,1,,,,,0,0,,,,,2.0,1,,2.0,2.0,2.0,2.0,3.0,2.0,5.0,,,,1.0,1.0,2.0,2.0,1.0,3.0,,,,,,,,,,,,,,,,,,,2.0,2.0,2.0,3000,7000,2500,6500,2000,5500,1200,4500,1.0,,6.0,6.0,3.0,3.0,3.0,3.0,1.0,5.0,7.0,7.0,2.0,2.0,2.0,3.0,3.0,2.0,2.0,3.0,3.0,1.0,1.0,3.0,2.0,10.0,
7,5,3.0,4,C,3.0,,4,,KOMPONEN ELEKTRIK & LOGAM,1,1,1,2,2,2,2,2,2,3,3,3,2,1,,,,,0,0,,,,,2.0,1,,2.0,2.0,2.0,2.0,20.0,10.0,30.0,,,,3.0,2.0,5.0,,1.0,,10.0,,,,,,,5.0,,,,,7.0,2.0,9.0,,,,2.0,2.0,2.0,3000,7500,2500,6500,2000,5000,1200,4500,1.0,,6.0,6.0,3.0,3.0,3.0,3.0,1.0,5.0,7.0,7.0,1.0,1.0,2.0,2.0,2.0,3.0,3.0,3.0,3.0,1.0,1.0,3.0,2.0,10.0,
7,5,3.0,7,E,2.0,,7,,"BAJU KORPORAT, TSHIRT, UNIFORM",2,2,2,3,3,2,2,3,3,3,3,3,2,1,,,,,0,0,,,,,2.0,1,,2.0,1.0,1.0,2.0,10.0,5.0,15.0,,,,2.0,2.0,4.0,5.0,1.0,6.0,3.0,2.0,5.0,,,,,,,,,,,,,,,,2.0,2.0,2.0,3000,7000,2500,6500,2000,5500,1200,4500,1.0,,6.0,6.0,3.0,3.0,3.0,3.0,1.0,6.0,7.0,7.0,2.0,2.0,2.0,3.0,3.0,2.0,2.0,2.0,3.0,1.0,1.0,3.0,2.0,10.0,
7,5,3.0,4,D,3.0,,4,,KILANG PEMPROSES PEMESINAN,1,1,1,2,2,2,2,3,3,3,3,3,2,1,,,,,0,0,,,,,2.0,1,,2.0,2.0,2.0,2.0,15.0,10.0,25.0,,,,2.0,3.0,5.0,7.0,5.0,12.0,3.0,,,,,,,,,,,,3.0,2.0,5.0,,,,2.0,2.0,1.0,3000,7000,2200,6000,1900,5000,1200,4500,1.0,,6.0,6.0,3.0,3.0,1.0,3.0,1.0,6.0,7.0,7.0,1.0,1.0,1.0,2.0,2.0,3.0,3.0,2.0,3.0,1.0,1.0,2.0,3.0,10.0,
7,5,3.0,8,D,2.0,,8,,SERVICE TRAKTOR & MESIN BERAT,1,1,1,2,2,2,2,2,3,3,3,3,2,1,,,,,0,0,,,,,2.0,1,,2.0,2.0,2.0,1.0,8.0,2.0,10.0,,,,1.0,1.0,2.0,6.0,1.0,7.0,1.0,,,,,,,,,,,,,,,,,,2.0,2.0,2.0,3000,7000,2500,6500,2000,5500,1500,4500,1.0,,6.0,6.0,3.0,3.0,3.0,3.0,1.0,6.0,7.0,7.0,1.0,1.0,2.0,2.0,2.0,3.0,3.0,2.0,3.0,1.0,1.0,2.0,3.0,10.0,
7,5,3.0,4,C,3.0,,4,,GETAH SILIKON,2,2,2,3,3,2,2,3,3,2,2,3,3,1,,,,,0,0,,,,,2.0,1,,2.0,2.0,2.0,2.0,20.0,20.0,40.0,,,,3.0,4.0,7.0,5.0,6.0,11.0,3.0,3.0,6.0,,,,4.0,,,,,,5.0,7.0,12.0,,,,2.0,2.0,3.0,3000,7000,2500,6500,2000,5000,1300,4500,1.0,,6.0,6.0,3.0,3.0,3.0,3.0,1.0,6.0,7.0,7.0,2.0,2.0,1.0,1.0,2.0,2.0,3.0,3.0,3.0,1.0,1.0,3.0,2.0,10.0,
7,5,4.0,19,F,1.0,,9,GERAI MAKANAN & MINUMAN,MAKANAN & MINUMAN,2,2,2,3,3,3,2,2,3,3,3,2,2,1,,,,,0,0,,,,,2.0,1,,2.0,1.0,1.0,2.0,1.0,1.0,2.0,,,,,,,,,,,,,,,,,,,,,,,,,,,,2.0,2.0,3.0,3000,7000,2500,6500,2000,5500,1200,4500,1.0,,6.0,6.0,3.0,3.0,3.0,3.0,1.0,6.0,7.0,7.0,2.0,2.0,2.0,3.0,3.0,3.0,3.0,3.0,2.0,1.0,1.0,2.0,3.0,10.0,
7,5,4.0,19,E,1.0,,17,KEDAI JUALAN UBAT,KEDAI UBAT,2,2,2,3,3,2,3,3,3,3,3,3,2,1,,,,,0,0,,,,,2.0,1,,2.0,2.0,2.0,2.0,1.0,2.0,3.0,,,,,,,1.0,1.0,2.0,1.0,,,,,,,,,,,,,,,,,,2.0,2.0,2.0,3000,7500,2500,6000,2000,5000,1200,4500,1.0,,6.0,6.0,3.0,3.0,3.0,3.0,1.0,6.0,7.0,7.0,2.0,2.0,2.0,3.0,3.0,3.0,2.0,2.0,3.0,1.0,1.0,3.0,2.0,10.0,
7,5,4.0,17,B,1.0,,17,,PRODUK KESIHATAN & KECANTIKAN,1,1,1,2,2,1,1,3,3,2,2,3,2,1,,,,,0,0,,,,,2.0,1,,2.0,2.0,2.0,2.0,1.0,3.0,4.0,,,,1.0,1.0,2.0,,,,,2.0,,,,,,,,,,,,,,,,,2.0,2.0,2.0,3500,8000,3000,7500,2000,6000,1500,5000,1.0,,6.0,6.0,3.0,3.0,3.0,3.0,1.0,6.0,7.0,7.0,1.0,1.0,1.0,2.0,2.0,2.0,2.0,2.0,2.0,2.0,1.0,2.0,3.0,10.0,
7,5,3.0,18,B,2.0,,9,,"KEK, KUIH & ROTI UNTUK CINA",2,2,2,2,2,3,3,2,2,3,3,2,2,1,,,,,0,0,,,,,2.0,1,,2.0,2.0,2.0,2.0,5.0,5.0,10.0,,,,1.0,1.0,2.0,,,,4.0,4.0,8.0,,,,,,,,,,,,,,,,2.0,2.0,2.0,3000,7000,2500,6500,1800,5500,1200,4500,1.0,,6.0,6.0,3.0,3.0,3.0,3.0,1.0,6.0,7.0,7.0,2.0,2.0,1.0,1.0,2.0,2.0,2.0,1.0,1.0,1.0,1.0,2.0,3.0,10.0,
7,5,3.0,5,B,2.0,,5,,PERKHIDMATAN ELEKTRIK,2,1,1,1,1,2,2,1,3,3,3,3,2,1,,,,,0,0,,,,,2.0,1,,2.0,2.0,2.0,2.0,5.0,2.0,7.0,,,,1.0,1.0,2.0,,,,3.0,1.0,4.0,,,,,,,,,,1.0,,,,,,2.0,2.0,2.0,3000,7500,2400,6500,1900,5500,1200,4500,1.0,,6.0,6.0,3.0,3.0,3.0,3.0,1.0,6.0,7.0,7.0,1.0,1.0,1.0,2.0,2.0,1.0,1.0,2.0,2.0,2.0,1.0,3.0,2.0,10.0,
7,5,3.0,5,A,1.0,,1,,LADANG PENTERNAKAN & PEKEBUN,2,2,2,2,3,3,3,3,3,3,3,3,2,1,,,,,0,0,,,,,2.0,1,,2.0,2.0,2.0,2.0,3.0,2.0,5.0,,,,1.0,1.0,2.0,,,,2.0,1.0,3.0,,,,,,,,,,,,,,,,2.0,2.0,1.0,3000,7000,2500,6000,1800,5000,1200,4500,1.0,,6.0,6.0,3.0,3.0,3.0,3.0,1.0,6.0,7.0,7.0,1.0,1.0,1.0,2.0,2.0,1.0,1.0,2.0,2.0,2.0,1.0,2.0,3.0,10.0,
7,5,3.0,19,C,1.0,,5,SYARIKAT ELEKTRIKAL/MNE,KONTRAKTOR ELEKTRIK & MNE,2,2,2,2,3,3,3,3,3,2,3,3,3,1,,,,,0,0,,,,,2.0,1,,2.0,2.0,2.0,2.0,4.0,1.0,5.0,,,,1.0,,,2.0,1.0,3.0,,,,,,,1.0,,,,,,,,,,,,2.0,2.0,2.0,3000,7000,2400,6500,1900,5500,1200,4500,1.0,,6.0,6.0,3.0,3.0,3.0,3.0,1.0,6.0,7.0,7.0,2.0,2.0,2.0,3.0,3.0,2.0,2.0,3.0,3.0,1.0,1.0,2.0,3.0,10.0,
7,5,4.0,19,F,1.0,,7,PENIAGA KEDAI RUNCIT,BARANG RUNCIT,2,2,2,3,3,2,2,3,3,3,3,3,2,1,,,,,0,0,,,,,2.0,1,,2.0,2.0,2.0,2.0,2.0,1.0,3.0,,,,,1.0,,,,,2.0,,,,,,,,,,,,,,,,,,2.0,2.0,2.0,3000,7000,2500,6500,2000,5000,1200,4500,1.0,,6.0,6.0,3.0,3.0,3.0,3.0,1.0,6.0,7.0,7.0,1.0,1.0,1.0,2.0,2.0,2.0,2.0,2.0,3.0,1.0,1.0,2.0,3.0,10.0,
7,5,4.0,4,D,3.0,,1,,PENANAMAN BONZAI & HERBA,2,2,2,1,1,1,2,2,3,3,3,3,1,1,,,,,0,0,,,,,2.0,1,,2.0,2.0,2.0,2.0,3.0,1.0,4.0,,,,1.0,1.0,2.0,,,,2.0,,,,,,,,,,,,,,,,,,2.0,2.0,2.0,3000,7000,2500,6500,1900,5000,1200,4500,1.0,,6.0,6.0,3.0,3.0,3.0,3.0,1.0,6.0,7.0,7.0,2.0,2.0,2.0,2.0,2.0,3.0,3.0,3.0,3.0,1.0,1.0,2.0,3.0,10.0,
7,5,4.0,19,F,1.0,,7,JUAL SONGKOK & PAKAIAN H,SONGKOK DAN PAKAIAN HAJI,2,2,2,3,3,2,2,3,2,3,2,3,2,1,,,,,0,0,,,,,2.0,1,,2.0,2.0,2.0,2.0,1.0,1.0,2.0,,,,,,,1.0,1.0,2.0,,,,,,,,,,,,,,,,,,,2.0,2.0,1.0,3000,7000,2500,6000,1800,5000,1200,4500,1.0,,6.0,6.0,3.0,3.0,3.0,3.0,1.0,6.0,7.0,7.0,2.0,1.0,1.0,1.0,2.0,2.0,2.0,1.0,1.0,2.0,1.0,2.0,3.0,10.0,
7,5,3.0,4,B,3.0,,4,,MEMBUAT DAN MEMBEKAL PLYWOOD,2,2,2,1,1,2,3,3,3,3,3,3,2,1,,,,,0,0,,,,,2.0,1,,2.0,2.0,2.0,2.0,15.0,10.0,25.0,,,,2.0,1.0,3.0,5.0,2.0,7.0,,,,,,,,,,,,,8.0,7.0,15.0,,,,2.0,2.0,2.0,3500,7500,3000,6500,2000,5000,1500,4500,1.0,,6.0,6.0,3.0,3.0,3.0,3.0,1.0,6.0,7.0,7.0,1.0,1.0,2.0,2.0,2.0,1.0,1.0,2.0,2.0,1.0,1.0,2.0,3.0,10.0,
7,5,3.0,4,C,6.0,,4,,KEJURUTERAAN MESIN,1,1,1,2,2,2,2,2,3,3,3,3,2,1,,,,,0,0,,,,,2.0,1,,2.0,2.0,2.0,2.0,30.0,8.0,38.0,,,,5.0,3.0,8.0,8.0,3.0,11.0,8.0,5.0,13.0,,,,,,,,,,9.0,,,,,,2.0,2.0,2.0,3000,7000,2500,6500,2000,5500,1200,4500,1.0,,6.0,6.0,3.0,3.0,3.0,3.0,1.0,6.0,7.0,7.0,1.0,1.0,1.0,2.0,2.0,2.0,2.0,2.0,2.0,2.0,1.0,2.0,3.0,10.0,
7,5,3.0,4,C,3.0,,4,,MEMBEKAL PERALATAN KELULI,2,2,2,3,2,2,2,3,3,3,3,3,2,1,,,,,0,0,,,,,2.0,1,,2.0,2.0,2.0,2.0,10.0,5.0,15.0,,,,1.0,1.0,2.0,3.0,4.0,7.0,2.0,0.0,2.0,,,,,,,,,,4.0,0.0,4.0,,,,2.0,2.0,1.0,3000,7000,2500,6500,2000,3500,1200,4500,1.0,,6.0,6.0,3.0,3.0,3.0,3.0,1.0,5.0,7.0,7.0,2.0,2.0,2.0,1.0,1.0,2.0,2.0,3.0,3.0,2.0,1.0,2.0,3.0,11.0,
7,5,3.0,6,D,1.0,,6,,PEMBINAAN RUMAH & UBAH SUAI,2,2,2,1,1,2,2,2,3,3,3,3,2,1,,,,,0,0,,,,,2.0,1,,1.0,2.0,2.0,2.0,8.0,1.0,9.0,,,,1.0,1.0,2.0,2.0,0.0,2.0,5.0,0.0,5.0,,,,,,,,,,,,,,,,2.0,2.0,2.0,3000,7000,2500,6500,2000,5500,1500,5000,1.0,,6.0,6.0,3.0,3.0,3.0,3.0,1.0,6.0,7.0,7.0,1.0,1.0,1.0,2.0,2.0,2.0,2.0,2.0,2.0,1.0,1.0,2.0,3.0,11.0,
7,5,4.0,18,E,1.0,,9,,KEDAI MAKANAN CINA,1,1,1,1,1,2,2,2,2,3,3,2,3,1,,,,,0,0,,,,,2.0,1,,2.0,2.0,2.0,2.0,2.0,2.0,4.0,,,,1.0,1.0,2.0,,,,1.0,1.0,2.0,,,,,,,,,,,,,,,,2.0,2.0,2.0,3000,7000,2000,6500,2000,5100,1200,4500,1.0,,6.0,6.0,3.0,3.0,3.0,3.0,1.0,5.0,7.0,7.0,2.0,2.0,2.0,3.0,3.0,2.0,2.0,1.0,3.0,1.0,1.0,2.0,3.0,11.0,
7,5,3.0,2,A,1.0,,2,,PERIKANAN,1,2,3,4,4,4,4,3,2,1,2,3,4,2,,1.0,,,1,0,1.0,,40.0,35.0,1.0,2,2.0,2.0,1.0,1.0,1.0,10.0,10.0,20.0,0.0,0.0,0.0,30.0,30.0,60.0,10.0,10.0,20.0,35.0,35.0,70.0,40.0,45.0,85.0,30.0,50.0,80.0,90.0,0.0,0.0,0.0,0.0,0.0,0.0,0.0,0.0,1.0,2.0,1.0,1100,1300,1900,2200,1500,1700,900,1500,1.0,,1.0,4.0,1.0,3.0,1.0,3.0,1.0,5.0,1.0,5.0,1.0,2.0,3.0,4.0,5.0,5.0,5.0,5.0,5.0,1.0,1.0,2.0,3.0,1.0,
7,5,3.0,1,E,1.0,,1,,PERTANIAN PERHUTANAN,1,2,3,4,4,4,4,4,4,1,2,3,4,2,1.0,,,,0,0,2.0,,30.0,34.0,1.0,3,1.0,1.0,1.0,2.0,2.0,15.0,15.0,30.0,0.0,0.0,0.0,25.0,25.0,50.0,30.0,40.0,70.0,40.0,50.0,90.0,45.0,30.0,75.0,25.0,70.0,95.0,30.0,0.0,0.0,0.0,0.0,0.0,0.0,0.0,0.0,1.0,1.0,1.0,1100,1500,1300,1800,1900,2200,1100,1300,1.0,,1.0,2.0,1.0,2.0,1.0,2.0,1.0,2.0,1.0,2.0,1.0,2.0,3.0,4.0,5.0,5.0,5.0,5.0,5.0,1.0,1.0,2.0,3.0,2.0,
7,5,2.0,4,E,1.0,,2,,JAMBU,1,2,3,4,4,4,4,4,4,4,4,4,4,1,,,,,1,0,1.0,,40.0,30.0,1.0,2,1.0,2.0,2.0,2.0,2.0,40.0,40.0,80.0,0.0,0.0,0.0,0.0,0.0,0.0,0.0,0.0,0.0,0.0,0.0,0.0,0.0,0.0,0.0,0.0,0.0,0.0,0.0,0.0,0.0,0.0,0.0,0.0,0.0,0.0,0.0,1.0,1.0,2.0,1200,1500,1100,1300,1400,1800,900,1300,1.0,,1.0,4.0,1.0,2.0,1.0,2.0,1.0,2.0,1.0,2.0,1.0,2.0,3.0,4.0,4.0,5.0,5.0,5.0,5.0,1.0,1.0,3.0,2.0,2.0,
7,5,3.0,6,E,2.0,,6,,PRINTING,1,2,3,4,4,4,4,4,4,1,1,2,3,2,,1.0,,,0,1,1.0,,,,2.0,2,1.0,2.0,2.0,1.0,2.0,0.0,0.0,0.0,0.0,0.0,0.0,0.0,0.0,0.0,0.0,0.0,0.0,0.0,0.0,0.0,0.0,0.0,0.0,0.0,0.0,0.0,0.0,0.0,0.0,0.0,0.0,0.0,0.0,0.0,0.0,2.0,3.0,2.0,1100,1500,1100,1700,900,1500,800,1500,1.0,,1.0,2.0,1.0,2.0,1.0,2.0,1.0,2.0,1.0,2.0,1.0,1.0,1.0,2.0,3.0,4.0,4.0,5.0,5.0,9.0,1.0,2.0,3.0,6.0,
7,5,3.0,7,E,3.0,,7,,"PLASTIK, BESI, PEMOTONGAN",1,1,2,2,2,2,3,3,2,3,3,3,2,1,,,,,0,0,,,,,2.0,1,,2.0,2.0,2.0,2.0,15.0,5.0,20.0,,,,1.0,1.0,2.0,,,,5.0,3.0,8.0,,,,5.0,1.0,6.0,4.0,0.0,4.0,,,,,,,2.0,2.0,2.0,3000,7500,2500,6000,2000,5500,1200,4500,1.0,,6.0,6.0,3.0,3.0,3.0,3.0,1.0,6.0,7.0,7.0,2.0,2.0,2.0,3.0,3.0,2.0,2.0,3.0,3.0,1.0,1.0,3.0,2.0,10.0,
7,5,3.0,4,C,3.0,,4,,"BAHAN PLASTIK, RESIN SINKETIK",1,1,1,2,2,2,2,2,3,3,3,3,2,1,,,,,0,0,,,,,2.0,1,,2.0,2.0,2.0,2.0,10.0,10.0,20.0,,,,2.0,2.0,4.0,5.0,5.0,10.0,,,,,,,,,,,,,3.0,3.0,6.0,,,,2.0,2.0,2.0,3000,7000,2500,6500,1900,5500,1200,4500,1.0,,6.0,6.0,3.0,3.0,3.0,3.0,1.0,6.0,6.0,6.0,1.0,1.0,1.0,1.0,1.0,2.0,2.0,1.0,1.0,2.0,1.0,3.0,2.0,10.0,
7,5,4.0,4,C,1.0,,4,,KEJURUTERAAN MESIN & LOGAM,1,1,1,2,2,2,2,3,3,3,3,3,2,1,,,,,0,0,,,,,2.0,1,,2.0,2.0,2.0,2.0,3.0,1.0,4.0,,,,1.0,1.0,2.0,2.0,0.0,2.0,,,,,,,,,,,,,,,,,,,2.0,2.0,1.0,3000,7000,2500,6500,2000,5500,1200,4500,1.0,,6.0,6.0,3.0,3.0,3.0,3.0,1.0,6.0,7.0,7.0,2.0,2.0,2.0,2.0,2.0,2.0,2.0,3.0,2.0,2.0,1.0,3.0,2.0,10.0,
7,5,3.0,5,G,2.0,,5,,EVENT MANAGEMENT,1,2,3,4,4,4,4,4,2,3,1,2,3,2,,,1.0,,1,0,,,40.0,30.0,1.0,3,,2.0,1.0,2.0,1.0,10.0,30.0,40.0,0.0,0.0,0.0,0.0,0.0,0.0,0.0,0.0,0.0,0.0,0.0,0.0,0.0,0.0,0.0,0.0,0.0,0.0,0.0,0.0,0.0,0.0,0.0,0.0,0.0,0.0,0.0,1.0,3.0,3.0,1100,1200,1300,1400,1400,1700,900,1200,1.0,,1.0,2.0,1.0,2.0,1.0,2.0,1.0,2.0,1.0,2.0,1.0,2.0,1.0,1.0,1.0,1.0,1.0,1.0,1.0,5.0,1.0,2.0,3.0,8.0,
7,5,3.0,5,E,1.0,,5,,ELEKTRIK GAS DAN AIR,3,1,3,1,2,2,3,3,1,1,2,3,4,2,,,1.0,,1,0,,,150.0,50.0,1.0,2,,1.0,1.0,2.0,1.0,,,,,,,,,,,,,,,,,,,,,,,,,,,,,,,1.0,1.0,1.0,#NULL!,#NULL!,#NULL!,#NULL!,#NULL!,#NULL!,#NULL!,#NULL!,1.0,,1.0,1.0,2.0,1.0,2.0,1.0,1.0,1.0,1.0,1.0,1.0,2.0,3.0,4.0,5.0,5.0,5.0,5.0,5.0,1.0,1.0,2.0,3.0,1.0,
7,5,3.0,13,E,2.0,,9,,,1,2,3,4,4,4,4,4,4,4,1,1,2,2,1.0,,,,1,0,,,,,2.0,1,,2.0,2.0,2.0,2.0,,,,,,,,,,,,,,,,,,,,,,,,,,,,,,,2.0,3.0,2.0,#NULL!,#NULL!,#NULL!,#NULL!,#NULL!,#NULL!,#NULL!,#NULL!,1.0,,1.0,2.0,1.0,2.0,1.0,2.0,1.0,2.0,1.0,2.0,1.0,1.0,1.0,2.0,2.0,2.0,3.0,3.0,3.0,9.0,1.0,2.0,3.0,6.0,
7,5,3.0,13,C,2.0,,9,,,2,2,2,2,2,2,2,2,2,2,2,2,2,2,,1.0,,,1,0,,,,,2.0,2,,2.0,2.0,2.0,1.0,,,,,,,,,,,,,,,,,,,,,,,,,,,,,,,2.0,3.0,2.0,#NULL!,#NULL!,#NULL!,#NULL!,#NULL!,#NULL!,#NULL!,#NULL!,1.0,,1.0,2.0,1.0,2.0,1.0,2.0,1.0,2.0,1.0,2.0,1.0,1.0,1.0,2.0,2.0,2.0,2.0,2.0,2.0,8.0,1.0,2.0,3.0,6.0,
7,5,3.0,13,E,2.0,,9,,,1,1,1,1,1,1,1,1,1,1,1,1,1,2,,1.0,,,0,1,,,,,1.0,2,,2.0,2.0,1.0,2.0,,,,,,,,,,,,,,,,,,,,,,,,,,,,,,,2.0,3.0,2.0,#NULL!,#NULL!,#NULL!,#NULL!,#NULL!,#NULL!,#NULL!,#NULL!,1.0,,1.0,2.0,1.0,2.0,1.0,2.0,1.0,2.0,1.0,2.0,1.0,1.0,1.0,1.0,1.0,1.0,1.0,1.0,1.0,9.0,1.0,2.0,3.0,6.0,
7,5,3.0,10,F,4.0,,10,,,1,2,3,3,4,4,4,4,4,1,2,3,4,2,1.0,,,,0,1,1.0,,40.0,50.0,1.0,2,1.0,2.0,1.0,1.0,2.0,10.0,30.0,40.0,0.0,0.0,0.0,10.0,40.0,50.0,30.0,50.0,80.0,40.0,70.0,110.0,50.0,80.0,130.0,60.0,80.0,140.0,30.0,0.0,0.0,0.0,0.0,0.0,0.0,0.0,0.0,1.0,2.0,1.0,1100,1300,1400,1800,900,1100,800,1300,1.0,,1.0,2.0,1.0,2.0,1.0,,1.0,2.0,1.0,2.0,1.0,2.0,3.0,4.0,4.0,5.0,5.0,5.0,5.0,5.0,1.0,2.0,3.0,9.0,
7,5,3.0,2,F,2.0,,2,,PERIKANAN,1,1,1,2,2,3,3,4,4,1,2,3,4,2,,1.0,,,1,0,1.0,,30.0,,1.0,2,1.0,1.0,2.0,1.0,2.0,30.0,40.0,70.0,0.0,0.0,0.0,50.0,45.0,95.0,80.0,85.0,165.0,70.0,35.0,105.0,68.0,75.0,143.0,35.0,45.0,80.0,78.0,0.0,0.0,0.0,0.0,0.0,0.0,0.0,0.0,1.0,2.0,1.0,1100,1400,2200,2450,1500,1800,900,1300,2.0,,2.0,3.0,2.0,,2.0,,1.0,3.0,1.0,2.0,1.0,2.0,3.0,4.0,5.0,5.0,5.0,5.0,5.0,4.0,1.0,2.0,3.0,2.0,
7,5,3.0,10,G,2.0,,10,,,1,2,3,4,4,4,4,4,4,1,1,2,3,2,,1.0,,,0,1,1.0,,,,2.0,2,1.0,2.0,2.0,1.0,2.0,10.0,30.0,40.0,0.0,0.0,0.0,0.0,0.0,0.0,0.0,0.0,0.0,0.0,0.0,0.0,0.0,0.0,0.0,0.0,0.0,0.0,0.0,0.0,0.0,0.0,0.0,0.0,0.0,0.0,0.0,2.0,3.0,2.0,1100,1500,1100,1700,900,1500,800,1500,1.0,,1.0,2.0,1.0,2.0,1.0,2.0,1.0,2.0,1.0,2.0,1.0,1.0,1.0,2.0,3.0,4.0,4.0,5.0,5.0,9.0,1.0,2.0,3.0,6.0,
7,5,3.0,13,G,3.0,,9,,,1,2,3,4,4,4,4,4,4,1,1,2,3,2,,1.0,,,0,0,1.0,,,,2.0,2,1.0,2.0,2.0,1.0,2.0,10.0,30.0,40.0,0.0,0.0,0.0,0.0,0.0,0.0,0.0,0.0,0.0,0.0,0.0,0.0,0.0,0.0,0.0,0.0,0.0,0.0,0.0,0.0,0.0,0.0,0.0,0.0,0.0,0.0,0.0,2.0,3.0,2.0,1100,1500,1100,1700,900,1500,800,1500,1.0,,1.0,2.0,1.0,2.0,1.0,2.0,2.0,1.0,2.0,1.0,1.0,1.0,1.0,2.0,3.0,4.0,4.0,5.0,5.0,9.0,1.0,2.0,3.0,6.0,
7,5,3.0,11,G,10.0,,11,,,1,2,3,3,4,4,4,4,1,1,2,3,3,2,1.0,,,,1,0,1.0,,40.0,30.0,1.0,3,2.0,2.0,1.0,2.0,2.0,10.0,20.0,30.0,0.0,0.0,0.0,0.0,0.0,0.0,0.0,0.0,0.0,0.0,0.0,0.0,0.0,0.0,0.0,0.0,0.0,0.0,0.0,0.0,0.0,0.0,0.0,0.0,0.0,0.0,0.0,1.0,3.0,1.0,1100,1800,900,1100,1000,1400,1500,1700,1.0,,1.0,3.0,1.0,3.0,1.0,3.0,1.0,2.0,1.0,2.0,1.0,2.0,3.0,4.0,4.0,5.0,5.0,5.0,5.0,2.0,1.0,2.0,3.0,9.0,
7,5,3.0,16,G,3.0,,16,,,1,2,3,4,4,4,4,4,4,3,3,3,3,2,1.0,,,,1,0,1.0,,20.0,30.0,2.0,3,1.0,1.0,2.0,1.0,1.0,10.0,20.0,30.0,0.0,0.0,0.0,0.0,0.0,0.0,0.0,0.0,0.0,0.0,0.0,0.0,0.0,0.0,0.0,0.0,0.0,0.0,0.0,0.0,0.0,0.0,0.0,0.0,0.0,0.0,0.0,1.0,3.0,3.0,1100,1800,900,1100,1000,1400,1500,1700,1.0,,1.0,2.0,1.0,,1.0,2.0,1.0,4.0,1.0,2.0,1.0,2.0,3.0,4.0,4.0,5.0,5.0,5.0,5.0,1.0,1.0,2.0,3.0,6.0,
7,5,3.0,7,F,2.0,,7,,GAS DAN PETROLIUM,1,1,2,2,3,3,4,4,4,1,2,3,4,2,1.0,1.0,,,1,0,1.0,,30.0,40.0,2.0,2,1.0,2.0,2.0,2.0,1.0,10.0,20.0,30.0,0.0,0.0,0.0,0.0,0.0,0.0,0.0,0.0,0.0,0.0,0.0,0.0,0.0,0.0,0.0,0.0,0.0,0.0,0.0,0.0,0.0,0.0,0.0,0.0,0.0,0.0,0.0,1.0,3.0,1.0,1200,1500,1300,1600,700,1100,300,1100,1.0,,1.0,2.0,1.0,3.0,1.0,3.0,1.0,4.0,1.0,4.0,1.0,2.0,3.0,3.0,4.0,4.0,5.0,5.0,5.0,4.0,2.0,1.0,3.0,2.0,
7,5,3.0,10,F,5.0,,10,,,1,1,3,1,3,4,1,2,4,4,1,3,4,2,,1.0,,,1,0,1.0,,40.0,30.0,1.0,3,1.0,1.0,2.0,2.0,1.0,10.0,30.0,40.0,0.0,0.0,0.0,10.0,10.0,20.0,20.0,30.0,50.0,30.0,40.0,70.0,80.0,80.0,160.0,70.0,40.0,110.0,20.0,0.0,0.0,0.0,0.0,0.0,0.0,0.0,0.0,1.0,2.0,2.0,1100,1500,1200,1800,1000,1200,900,2000,1.0,,1.0,2.0,1.0,2.0,1.0,2.0,1.0,2.0,1.0,2.0,1.0,2.0,3.0,3.0,4.0,5.0,5.0,5.0,5.0,3.0,1.0,2.0,3.0,8.0,
7,5,3.0,13,G,5.0,,9,,,1,2,3,4,3,2,3,4,3,1,2,3,4,2,1.0,,,,1,0,1.0,,40.0,30.0,1.0,2,2.0,1.0,1.0,2.0,1.0,40.0,30.0,70.0,0.0,0.0,0.0,10.0,25.0,35.0,10.0,25.0,35.0,0.0,0.0,0.0,0.0,0.0,0.0,0.0,0.0,0.0,0.0,0.0,0.0,0.0,0.0,0.0,0.0,0.0,0.0,1.0,2.0,4.0,1100,1200,1200,1500,900,1300,800,1200,1.0,,1.0,3.0,1.0,3.0,1.0,3.0,1.0,2.0,1.0,2.0,1.0,2.0,3.0,4.0,5.0,5.0,5.0,5.0,5.0,5.0,1.0,2.0,3.0,6.0,
7,5,3.0,5,F,4.0,,5,,,1,2,2,3,3,4,3,4,4,1,2,3,4,2,,1.0,,,0,1,1.0,,40.0,50.0,2.0,2,2.0,2.0,1.0,2.0,1.0,10.0,30.0,40.0,0.0,0.0,0.0,0.0,0.0,0.0,0.0,0.0,0.0,0.0,0.0,0.0,0.0,0.0,0.0,0.0,0.0,0.0,0.0,0.0,0.0,0.0,0.0,0.0,0.0,0.0,0.0,1.0,3.0,4.0,1200,1500,1000,1200,900,1200,1000,1500,1.0,,1.0,2.0,1.0,2.0,1.0,2.0,1.0,4.0,1.0,2.0,1.0,2.0,3.0,4.0,5.0,5.0,4.0,5.0,5.0,3.0,1.0,2.0,3.0,7.0,
7,5,3.0,10,G,2.0,,10,,,1,2,3,4,4,4,4,4,4,1,1,2,3,2,,1.0,,,0,1,1.0,,,,2.0,2,1.0,2.0,2.0,1.0,2.0,10.0,30.0,40.0,0.0,0.0,0.0,0.0,0.0,0.0,0.0,0.0,0.0,0.0,0.0,0.0,0.0,0.0,0.0,0.0,0.0,0.0,0.0,0.0,0.0,0.0,0.0,0.0,0.0,0.0,0.0,2.0,3.0,2.0,1100,1500,1100,1700,900,1500,800,1500,1.0,,1.0,2.0,1.0,2.0,1.0,2.0,1.0,2.0,1.0,2.0,1.0,1.0,1.0,2.0,3.0,4.0,4.0,5.0,5.0,9.0,1.0,2.0,3.0,6.0,
7,5,3.0,13,G,4.0,,9,,,1,2,3,3,4,3,4,3,4,1,2,3,4,2,1.0,,,,1,0,1.0,,30.0,80.0,1.0,2,1.0,1.0,2.0,1.0,2.0,10.0,30.0,40.0,0.0,0.0,0.0,0.0,0.0,0.0,0.0,0.0,0.0,0.0,0.0,0.0,0.0,0.0,0.0,0.0,0.0,0.0,0.0,0.0,0.0,0.0,0.0,0.0,0.0,0.0,0.0,1.0,2.0,4.0,1200,1500,1300,1900,900,2000,800,1300,1.0,,1.0,2.0,1.0,2.0,1.0,2.0,1.0,2.0,1.0,2.0,1.0,2.0,3.0,4.0,4.0,5.0,5.0,4.0,5.0,6.0,1.0,2.0,3.0,6.0,
7,5,3.0,13,F,2.0,,9,,,1,2,3,4,4,4,4,4,4,1,1,2,3,2,,1.0,,,0,1,1.0,,,,2.0,2,1.0,2.0,2.0,1.0,2.0,0.0,0.0,0.0,0.0,0.0,0.0,0.0,0.0,0.0,0.0,0.0,0.0,0.0,0.0,0.0,0.0,0.0,0.0,0.0,0.0,0.0,0.0,0.0,0.0,0.0,0.0,0.0,0.0,0.0,0.0,2.0,3.0,2.0,1100,1500,1100,1700,900,1500,800,1500,1.0,,1.0,2.0,1.0,2.0,1.0,2.0,1.0,2.0,1.0,2.0,1.0,1.0,1.0,2.0,3.0,4.0,4.0,5.0,5.0,9.0,1.0,2.0,3.0,6.0,
7,5,3.0,8,F,2.0,,8,,,1,2,3,4,4,4,4,3,4,1,2,3,4,2,1.0,,,,1,0,1.0,,40.0,40.0,1.0,2,2.0,2.0,1.0,1.0,2.0,10.0,30.0,40.0,0.0,0.0,0.0,10.0,20.0,30.0,30.0,25.0,55.0,40.0,30.0,70.0,50.0,35.0,85.0,60.0,45.0,105.0,70.0,0.0,0.0,0.0,0.0,0.0,0.0,0.0,0.0,1.0,2.0,5.0,1100,1300,1400,2200,900,1100,1100,2200,1.0,,1.0,2.0,1.0,2.0,1.0,2.0,1.0,2.0,1.0,2.0,1.0,2.0,3.0,4.0,5.0,4.0,4.0,4.0,4.0,6.0,1.0,2.0,3.0,6.0,
7,5,3.0,4,B,3.0,,4,,"MATERIAL, MENJAHIT",2,2,2,2,3,3,3,3,3,3,3,3,2,1,,,,,0,0,,,,,2.0,1,,2.0,2.0,2.0,2.0,30.0,20.0,50.0,35.0,20.0,55.0,10.0,10.0,20.0,10.0,5.0,15.0,5.0,0.0,5.0,5.0,5.0,10.0,5.0,0.0,5.0,0.0,0.0,0.0,0.0,0.0,0.0,0.0,0.0,0.0,2.0,2.0,1.0,2800,7500,2200,6000,1800,4500,1200,3500,1.0,,6.0,6.0,3.0,3.0,3.0,3.0,1.0,6.0,7.0,7.0,2.0,2.0,2.0,2.0,2.0,2.0,2.0,2.0,2.0,1.0,1.0,3.0,2.0,10.0,
7,5,3.0,17,B,2.0,,17,,KATERING DAN JURU SOLEK,2,2,2,2,3,3,2,2,3,3,3,3,2,1,,,,,0,0,,,,,2.0,1,,2.0,2.0,2.0,2.0,3.0,3.0,6.0,3.0,3.0,6.0,1.0,1.0,2.0,2.0,2.0,4.0,0.0,0.0,0.0,0.0,0.0,0.0,0.0,0.0,0.0,0.0,0.0,0.0,0.0,0.0,0.0,0.0,0.0,0.0,2.0,2.0,1.0,2800,7000,2500,6500,1800,4500,1200,3500,1.0,,6.0,6.0,3.0,3.0,3.0,3.0,1.0,6.0,7.0,7.0,2.0,2.0,2.0,2.0,2.0,2.0,2.0,2.0,2.0,1.0,1.0,3.0,2.0,10.0,
7,5,3.0,18,I,3.0,,18,,DESIGN,1,2,2,1,1,1,2,1,2,1,2,1,2,1,,,,,0,0,,,,,,1,,1.0,1.0,1.0,1.0,5.0,5.0,10.0,5.0,5.0,10.0,0.0,0.0,0.0,0.0,0.0,0.0,0.0,0.0,0.0,5.0,5.0,10.0,0.0,0.0,0.0,0.0,0.0,0.0,0.0,0.0,0.0,0.0,0.0,0.0,1.0,1.0,1.0,1500,2000,1500,1800,1200,1500,800,1000,,,3.0,2.0,2.0,1.0,3.0,3.0,6.0,5.0,2.0,1.0,1.0,2.0,1.0,1.0,1.0,2.0,1.0,2.0,1.0,3.0,1.0,2.0,3.0,3.0,
7,5,3.0,19,I,3.0,,7,PERKHIDMATAN,RUBBER PRODUCT SUPPLIES,1,2,1,2,1,2,1,2,1,2,1,2,1,1,,,,,0,0,,,,,1.0,1,,1.0,1.0,1.0,1.0,40.0,20.0,60.0,20.0,,,1.0,0.0,1.0,1.0,0.0,1.0,1.0,0.0,1.0,1.0,5.0,6.0,1.0,,,15.0,5.0,20.0,20.0,20.0,40.0,0.0,0.0,0.0,1.0,1.0,1.0,2200,2500,2000,2200,1800,2000,1500,1800,1.0,,3.0,2.0,2.0,1.0,3.0,3.0,3.0,4.0,2.0,1.0,1.0,1.0,2.0,1.0,2.0,1.0,2.0,1.0,2.0,3.0,1.0,2.0,3.0,3.0,
7,5,3.0,19,I,9.0,,16,TADIKA,PUSAT JAGAAN KANAK-KANAK,1,1,1,1,1,1,1,1,1,1,1,1,1,1,,,,,0,0,,,,,1.0,1,1.0,1.0,1.0,1.0,1.0,0.0,6.0,6.0,0.0,6.0,6.0,0.0,0.0,0.0,0.0,0.0,0.0,0.0,0.0,0.0,0.0,6.0,6.0,0.0,0.0,0.0,0.0,0.0,0.0,0.0,0.0,0.0,0.0,0.0,0.0,1.0,1.0,1.0,1800,2000,1500,1800,1200,1500,1000,1200,1.0,,4.0,3.0,2.0,1.0,3.0,3.0,3.0,2.0,2.0,1.0,1.0,1.0,1.0,1.0,1.0,1.0,1.0,1.0,1.0,5.0,1.0,2.0,3.0,3.0,
7,5,2.0,4,C,3.0,,4,,PRODUCT MACHINES & EQUIPMENT,1,1,1,1,1,1,1,1,1,1,1,1,1,1,,,,,0,1,,,,,1.0,1,,1.0,1.0,1.0,1.0,100.0,150.0,250.0,,,,20.0,10.0,30.0,,,,20.0,20.0,40.0,5.0,10.0,15.0,,,,5.0,10.0,15.0,50.0,50.0,100.0,,,,1.0,2.0,2.0,1800,2000,1500,1800,1200,1500,800,1000,1.0,,3.0,2.0,2.0,1.0,3.0,3.0,5.0,4.0,2.0,1.0,1.0,2.0,1.0,2.0,1.0,2.0,1.0,2.0,1.0,3.0,1.0,2.0,3.0,3.0,
7,5,2.0,4,C,3.0,,4,,ALAT KAWALAN,1,1,2,1,2,2,1,1,1,1,2,1,2,1,,,,,0,1,,,,,1.0,1,,1.0,1.0,1.0,1.0,50.0,50.0,100.0,,,,0.0,,,,,,10.0,5.0,15.0,5.0,5.0,10.0,5.0,5.0,10.0,10.0,5.0,15.0,10.0,10.0,20.0,,,,1.0,1.0,2.0,2500,2800,2000,2200,1500,1800,800,1200,1.0,,3.0,2.0,2.0,1.0,3.0,3.0,5.0,4.0,2.0,1.0,1.0,2.0,1.0,2.0,1.0,2.0,1.0,2.0,1.0,3.0,1.0,2.0,3.0,3.0,
7,5,3.0,4,J,3.0,,4,,,1,4,1,2,1,2,1,2,1,1,1,1,1,1,,,,,0,0,,,,,1.0,1,,1.0,1.0,1.0,1.0,10.0,5.0,15.0,,,,,,,5.0,,,2.0,4.0,6.0,3.0,5.0,8.0,1.0,2.0,3.0,,2.0,,,,,,,,1.0,1.0,1.0,2000,2200,1800,2500,1200,1500,800,1000,,,3.0,2.0,2.0,1.0,3.0,3.0,4.0,3.0,2.0,1.0,1.0,2.0,1.0,2.0,1.0,2.0,1.0,2.0,1.0,3.0,1.0,2.0,3.0,3.0,
7,5,3.0,4,F,1.0,,4,,KIMPALAN,1,2,1,1,1,2,1,1,1,1,1,1,1,1,,,,,0,0,,,,,1.0,3,1.0,1.0,1.0,2.0,2.0,20.0,30.0,50.0,,,,2.0,5.0,7.0,2.0,10.0,12.0,,4.0,,2.0,2.0,4.0,,,,4.0,4.0,8.0,30.0,10.0,40.0,,,,1.0,1.0,5.0,1600,2000,800,1200,800,1100,900,1000,1.0,,3.0,3.0,2.0,2.0,3.0,3.0,6.0,6.0,1.0,2.0,2.0,1.0,2.0,2.0,2.0,1.0,2.0,1.0,1.0,1.0,1.0,2.0,3.0,3.0,
7,5,2.0,4,C,3.0,,4,,PLASTICS,1,1,1,1,2,2,2,1,1,1,2,1,1,1,,,,,0,0,,,,,1.0,1,,1.0,1.0,1.0,1.0,70.0,50.0,120.0,,,,,,,,,,,,,10.0,10.0,20.0,10.0,10.0,20.0,10.0,10.0,20.0,40.0,20.0,60.0,,,,1.0,1.0,2.0,2200,2500,2000,2200,1800,2000,1500,1800,1.0,,3.0,2.0,2.0,1.0,3.0,3.0,1.0,6.0,1.0,2.0,1.0,1.0,1.0,2.0,2.0,2.0,1.0,1.0,1.0,3.0,1.0,2.0,3.0,3.0,
7,5,4.0,18,F,1.0,,9,GERAI MAKANAN,MAKANAN DAN MINUMAN,1,1,1,2,2,2,1,1,3,3,3,3,2,1,,,,,0,0,,,,,2.0,1,,2.0,2.0,2.0,2.0,1.0,1.0,2.0,,,,,,,,,,,,,,,,,,,,,,,,,,,,2.0,2.0,2.0,3000,7000,2500,6500,2200,6000,1500,5000,1.0,,6.0,6.0,3.0,3.0,3.0,3.0,1.0,5.0,7.0,7.0,2.0,2.0,2.0,2.0,2.0,3.0,3.0,3.0,3.0,1.0,1.0,3.0,2.0,10.0,
7,5,3.0,6,D,3.0,,6,,LOJI KUMBAHAN,1,1,1,2,2,2,2,2,3,3,3,3,2,1,,,,,0,0,,,,,2.0,1,,2.0,2.0,2.0,2.0,10.0,2.0,12.0,,,,1.0,2.0,3.0,5.0,1.0,6.0,2.0,,,,,,,,,,,,2.0,,,,,,2.0,2.0,2.0,3000,7000,2500,6500,2000,5500,1200,5000,1.0,,6.0,6.0,3.0,3.0,3.0,3.0,1.0,5.0,7.0,7.0,2.0,2.0,1.0,1.0,2.0,2.0,3.0,3.0,3.0,1.0,1.0,3.0,2.0,10.0,
7,5,3.0,4,C,3.0,,4,,KILANG PEMBUATAN,1,1,1,1,1,1,1,1,1,1,1,1,1,1,,,,,0,1,,,,,1.0,1,,1.0,1.0,1.0,1.0,20.0,40.0,60.0,,,,,,,,,,,,,5.0,10.0,15.0,10.0,10.0,20.0,5.0,10.0,15.0,20.0,20.0,40.0,,,,1.0,1.0,2.0,2000,2500,1800,2000,1500,1800,800,1000,1.0,,3.0,2.0,2.0,1.0,3.0,3.0,1.0,6.0,1.0,2.0,1.0,2.0,1.0,1.0,1.0,2.0,1.0,2.0,1.0,3.0,1.0,2.0,3.0,3.0,
7,5,2.0,4,C,3.0,,4,,PEMPROSESAN GARAM,1,1,2,1,2,1,2,1,2,1,1,1,1,1,,,,,0,0,,,,,1.0,1,,1.0,1.0,1.0,1.0,50.0,50.0,100.0,,,,,,,,,,,,,20.0,20.0,40.0,,,,50.0,50.0,100.0,30.0,20.0,50.0,,,,1.0,1.0,2.0,2000,2500,1800,2000,1500,2200,1200,1500,1.0,,3.0,2.0,2.0,1.0,3.0,3.0,6.0,5.0,2.0,1.0,1.0,2.0,1.0,2.0,1.0,2.0,1.0,2.0,1.0,3.0,1.0,2.0,3.0,3.0,
7,5,2.0,4,C,3.0,,4,,KILANG PEMBUATAN,1,2,1,2,1,2,1,2,1,2,1,2,1,1,,,,,0,1,,,,,1.0,1,,1.0,1.0,1.0,1.0,100.0,150.0,250.0,,,,10.0,10.0,20.0,,,,,,,20.0,20.0,40.0,,,,100.0,100.0,200.0,50.0,50.0,100.0,,,,1.0,1.0,1.0,1800,2000,1500,1800,1200,1500,800,1000,1.0,,4.0,3.0,2.0,1.0,3.0,3.0,3.0,2.0,2.0,1.0,1.0,2.0,1.0,2.0,1.0,2.0,1.0,2.0,1.0,5.0,1.0,2.0,3.0,3.0,
7,5,4.0,17,J,3.0,,17,,KOMIK,1,1,1,1,1,1,2,1,2,1,1,2,1,1,,,,,0,1,,,,,1.0,1,,1.0,1.0,1.0,1.0,2.0,2.0,4.0,,,,,,,,,,,,,2.0,2.0,4.0,,,,,,,,,,,,,1.0,1.0,2.0,1800,2000,1500,1800,1500,2200,1000,1000,1.0,,3.0,2.0,2.0,1.0,3.0,3.0,5.0,4.0,2.0,1.0,1.0,1.0,2.0,1.0,2.0,1.0,2.0,1.0,2.0,3.0,1.0,2.0,3.0,3.0,
7,5,3.0,7,C,3.0,,7,,MEMBEKAL DAN MENJUAL PLASTIK,1,2,1,2,3,3,2,2,3,2,2,3,1,1,,,,,0,0,,,,,2.0,1,,2.0,2.0,2.0,2.0,15.0,10.0,25.0,,,,2.0,2.0,4.0,,8.0,,8.0,,,,,,,,,,,,10.0,8.0,18.0,,,,2.0,2.0,1.0,3000,7000,2200,6500,1800,5000,1200,4500,1.0,,6.0,6.0,3.0,3.0,3.0,3.0,1.0,6.0,7.0,7.0,2.0,2.0,2.0,2.0,2.0,2.0,2.0,2.0,2.0,2.0,1.0,2.0,3.0,10.0,
7,5,3.0,4,C,3.0,,4,,MEMBEKAL DAN MENJUAL PLASTIK,2,2,3,2,3,3,3,3,3,3,3,3,2,2,1.0,,,,1,1,1.0,,500.0,200.0,1.0,3,1.0,1.0,2.0,1.0,2.0,20.0,20.0,40.0,,,,5.0,5.0,10.0,5.0,5.0,10.0,10.0,10.0,20.0,,,,,,,,,,,,,,,,2.0,2.0,5.0,2500,6000,2000,5000,1800,4800,1200,4000,1.0,,2.0,1.0,3.0,3.0,3.0,3.0,1.0,6.0,7.0,7.0,2.0,2.0,2.0,2.0,2.0,2.0,2.0,2.0,2.0,2.0,1.0,2.0,3.0,10.0,
7,5,3.0,4,D,3.0,,4,,WATER SUPPLIER,2,2,2,3,3,3,3,2,3,3,3,3,2,1,,,,,0,1,,,,,2.0,1,,2.0,2.0,2.0,2.0,8.0,8.0,16.0,,,,5.0,5.0,10.0,,,,,,,,,,,,,2.0,3.0,5.0,1.0,,,,,,2.0,2.0,2.0,2500,6000,2200,4500,1800,3200,1000,2500,1.0,,6.0,6.0,3.0,3.0,3.0,3.0,6.0,6.0,7.0,7.0,3.0,3.0,2.0,2.0,3.0,3.0,2.0,2.0,2.0,9.0,1.0,3.0,2.0,10.0,
7,5,3.0,4,A,3.0,,4,,EKSPORT & IMPORT PENEBAT,2,1,1,2,2,1,1,2,2,3,2,2,1,1,,,,,0,0,,,,,2.0,1,,2.0,2.0,2.0,2.0,20.0,20.0,40.0,,,,8.0,8.0,16.0,8.0,8.0,16.0,,,,,,,,,,,,,4.0,4.0,8.0,,,,2.0,2.0,1.0,2800,7500,2200,6500,1800,5000,1200,4000,1.0,,6.0,6.0,3.0,3.0,3.0,3.0,1.0,6.0,7.0,7.0,2.0,2.0,2.0,2.0,2.0,2.0,2.0,2.0,2.0,2.0,1.0,3.0,2.0,10.0,
7,5,4.0,18,F,1.0,,9,,MAKANAN & MINUMAN,2,2,2,2,2,3,3,2,2,3,3,3,2,1,,,,,0,0,,,,,2.0,1,,2.0,2.0,2.0,2.0,2.0,1.0,3.0,,,,,,,,,,1.0,1.0,2.0,,,,,,,,,,,,,,,,2.0,2.0,1.0,3000,7000,2500,6500,2000,5000,1200,4500,1.0,,6.0,6.0,3.0,3.0,3.0,3.0,1.0,6.0,7.0,7.0,2.0,2.0,2.0,3.0,3.0,2.0,2.0,3.0,3.0,1.0,1.0,3.0,2.0,10.0,
7,5,4.0,8,F,1.0,,8,,GERAI GORENG PISANG,2,2,2,3,3,3,2,2,3,3,3,3,2,1,,,,,0,0,,,,,2.0,1,,2.0,2.0,2.0,2.0,1.0,1.0,2.0,,,,,,,,,,,,,,,,,,,1.0,1.0,2.0,,,,,,,2.0,2.0,2.0,3000,7000,2200,6500,1800,5500,1000,4500,1.0,,6.0,6.0,3.0,3.0,3.0,3.0,1.0,6.0,7.0,7.0,2.0,2.0,2.0,3.0,3.0,3.0,2.0,3.0,3.0,1.0,1.0,3.0,2.0,10.0,
7,5,3.0,4,C,3.0,,4,,KILANG MESIN PISAU,2,2,2,2,3,3,3,2,2,3,3,2,2,1,,,,,0,0,,,,,2.0,1,,2.0,2.0,2.0,2.0,15.0,20.0,35.0,,,,,,,5.0,5.0,10.0,5.0,10.0,15.0,,,,,,,,,,5.0,5.0,10.0,,,,2.0,2.0,1.0,3000,7000,2500,6500,1800,5500,1200,4000,1.0,,6.0,6.0,3.0,3.0,3.0,3.0,1.0,5.0,7.0,7.0,2.0,2.0,2.0,2.0,1.0,1.0,2.0,2.0,2.0,2.0,1.0,3.0,2.0,10.0,
7,5,3.0,4,A,3.0,,4,,PEMBUATAN GETAH,2,2,2,2,3,3,2,2,2,2,2,3,2,1,,,,,0,0,,,,,2.0,1,,2.0,2.0,2.0,2.0,40.0,30.0,70.0,,,,10.0,10.0,20.0,5.0,5.0,10.0,20.0,5.0,25.0,,,,,,,,,,5.0,10.0,15.0,,,,2.0,2.0,2.0,3000,7000,2400,6500,1800,5500,1200,4500,1.0,,6.0,6.0,3.0,3.0,3.0,3.0,1.0,6.0,7.0,7.0,1.0,1.0,1.0,2.0,2.0,1.0,1.0,2.0,2.0,1.0,1.0,2.0,3.0,10.0,
7,5,3.0,7,C,2.0,,7,,PROJEK PEMBUNGKUSAN,2,2,2,2,3,3,2,2,3,3,3,3,2,1,,,,,0,0,,,,,2.0,1,,2.0,2.0,2.0,2.0,5.0,5.0,10.0,,,,2.0,2.0,4.0,2.0,2.0,4.0,,,,1.0,1.0,2.0,,,,,,,,,,,,,2.0,2.0,2.0,2500,6000,1800,4000,1500,3800,1000,3000,1.0,,6.0,6.0,3.0,3.0,3.0,3.0,1.0,6.0,7.0,7.0,2.0,2.0,2.0,2.0,3.0,2.0,2.0,2.0,2.0,2.0,1.0,3.0,2.0,10.0,
7,5,4.0,18,B,1.0,,9,,KEDAI MAKANAN & MINUMAN,2,2,2,2,3,3,3,3,3,3,3,3,2,2,1.0,,,,1,1,3.0,,200.0,400.0,1.0,3,1.0,2.0,1.0,1.0,1.0,1.0,1.0,2.0,,,,,,,1.0,1.0,2.0,,,,,,,,,,,,,,,,,,,2.0,2.0,5.0,3000,7000,2500,6500,1800,5000,1200,3500,1.0,,6.0,6.0,3.0,3.0,3.0,3.0,1.0,6.0,7.0,7.0,2.0,2.0,2.0,2.0,2.0,2.0,2.0,2.0,2.0,1.0,1.0,3.0,2.0,10.0,
7,5,4.0,8,A,1.0,,8,,PENJUALAN KERETA,2,2,2,1,2,2,1,2,2,3,2,2,1,1,,,,,0,0,,,,,2.0,1,,2.0,2.0,2.0,2.0,2.0,1.0,3.0,,,,1.0,,,,,,,,,,,,,,,,,,,,,,,,2.0,2.0,2.0,3000,8000,2500,7000,1800,6000,1200,4000,1.0,,6.0,6.0,3.0,3.0,3.0,3.0,1.0,6.0,7.0,7.0,2.0,2.0,2.0,2.0,2.0,2.0,2.0,2.0,2.0,1.0,1.0,3.0,2.0,10.0,
7,5,3.0,7,C,3.0,,7,,PENGELUAR PASU PLASTIK,1,1,1,1,2,2,2,2,3,3,3,3,2,1,,,,,0,0,,,,,2.0,1,,2.0,2.0,2.0,2.0,10.0,5.0,15.0,,,,2.0,1.0,3.0,,,,,,,,,,,,,,,,6.0,4.0,10.0,,,,2.0,2.0,1.0,3000,7500,2500,6500,2000,5500,1200,4500,1.0,,6.0,6.0,3.0,3.0,3.0,3.0,1.0,6.0,6.0,6.0,1.0,1.0,1.0,2.0,2.0,2.0,2.0,2.0,2.0,1.0,1.0,3.0,2.0,,
7,5,3.0,4,C,3.0,,4,,MEMBEKAL BESI,2,2,2,2,3,3,3,2,2,3,3,3,2,1,,,,,0,0,,,,,2.0,1,,2.0,2.0,2.0,2.0,10.0,10.0,20.0,,,,5.0,5.0,10.0,5.0,5.0,10.0,,,,,,,,,,,,,,,,,,,2.0,2.0,2.0,2800,7500,2400,6500,1800,4500,1200,3500,1.0,,6.0,6.0,3.0,3.0,3.0,3.0,1.0,6.0,7.0,7.0,2.0,2.0,2.0,2.0,2.0,2.0,2.0,2.0,2.0,1.0,1.0,3.0,2.0,10.0,
7,5,4.0,7,E,1.0,,7,,ALATAN MEMANCING,2,2,1,1,1,2,2,2,3,2,2,3,2,1,,,,,0,0,,,,,2.0,1,,2.0,2.0,2.0,2.0,2.0,2.0,4.0,,,,1.0,1.0,2.0,,1.0,,1.0,,,,,,,,,,,,,,,,,,2.0,2.0,2.0,3000,7000,2500,6500,1900,5000,1200,4500,1.0,,6.0,6.0,3.0,3.0,3.0,3.0,1.0,6.0,7.0,7.0,2.0,1.0,1.0,1.0,2.0,2.0,2.0,2.0,3.0,1.0,1.0,3.0,2.0,10.0,
7,5,3.0,6,A,3.0,,6,,BINAAN,1,1,1,1,1,1,2,2,2,1,2,2,1,1,,,,,0,0,,,,,,1,,2.0,1.0,1.0,2.0,20.0,32.0,52.0,,,,10.0,15.0,25.0,5.0,8.0,13.0,,10.0,,5.0,7.0,12.0,,,,5.0,12.0,17.0,,,,,,,2.0,2.0,2.0,2000,4000,1600,3200,1000,2500,700,1400,1.0,,3.0,3.0,2.0,2.0,3.0,3.0,2.0,2.0,1.0,1.0,1.0,2.0,2.0,1.0,1.0,1.0,1.0,1.0,1.0,1.0,1.0,3.0,2.0,3.0,
7,5,4.0,14,A,3.0,,9,,KEDAI BURUNG & PET,1,1,1,1,1,2,1,2,2,2,1,2,1,1,,,,,0,0,,,,,,1,,2.0,1.0,1.0,2.0,2.0,5.0,7.0,,,,2.0,3.0,5.0,,,,,,,,,,,,,2.0,,,,,,,,,3.0,2.0,2.0,1500,2800,1000,2500,800,1500,700,1500,1.0,,2.0,3.0,1.0,2.0,3.0,3.0,2.0,2.0,1.0,1.0,1.0,1.0,1.0,1.0,1.0,1.0,1.0,1.0,1.0,1.0,1.0,2.0,3.0,1.0,
7,5,3.0,5,A,3.0,,7,TERNAKAN,TERNAKAN,1,1,1,1,2,1,1,1,2,1,2,2,1,1,,,,,0,0,,,,,1.0,1,,1.0,1.0,1.0,1.0,11.0,15.0,26.0,23.0,20.0,43.0,2.0,5.0,7.0,6.0,2.0,8.0,6.0,3.0,9.0,2.0,5.0,7.0,0.0,0.0,0.0,7.0,5.0,12.0,4.0,2.0,6.0,,,,2.0,2.0,1.0,1500,3000,1200,2800,1000,1900,800,1600,1.0,,3.0,3.0,1.0,2.0,3.0,3.0,3.0,3.0,1.0,1.0,1.0,1.0,2.0,2.0,1.0,1.0,2.0,1.0,1.0,1.0,1.0,2.0,3.0,1.0,
7,5,3.0,4,A,3.0,,4,,PEMBUATAN,1,1,1,1,1,1,1,2,1,2,1,1,1,1,,,,,0,0,,,,,2.0,1,,1.0,1.0,1.0,1.0,12.0,20.0,32.0,26.0,37.0,63.0,5.0,12.0,17.0,2.0,5.0,7.0,10.0,5.0,15.0,2.0,10.0,12.0,0.0,0.0,0.0,7.0,5.0,12.0,,,,,,,3.0,2.0,1.0,1600,3000,1500,2800,900,1800,700,1600,1.0,,3.0,3.0,1.0,2.0,3.0,3.0,3.0,3.0,1.0,1.0,1.0,2.0,1.0,1.0,1.0,1.0,1.0,1.0,1.0,1.0,1.0,2.0,3.0,3.0,
7,5,3.0,12,A,1.0,,7,KIMPALAN BESI,KIMPALAN BESI/STEEL,1,1,1,1,1,1,2,1,2,1,1,1,1,1,,,,,0,0,,,,,2.0,1,,2.0,1.0,2.0,1.0,9.0,5.0,14.0,15.0,6.0,21.0,1.0,3.0,4.0,0.0,2.0,2.0,6.0,0.0,6.0,0.0,1.0,1.0,1.0,0.0,1.0,7.0,0.0,7.0,1.0,0.0,1.0,,,,3.0,2.0,2.0,1600,2600,1500,2500,1000,2000,700,1200,1.0,,3.0,3.0,1.0,2.0,3.0,3.0,5.0,5.0,1.0,1.0,1.0,1.0,2.0,1.0,1.0,1.0,1.0,2.0,1.0,1.0,1.0,2.0,3.0,3.0,
7,5,3.0,6,A,3.0,,6,,PROPERTIES,1,1,1,2,1,1,2,1,2,1,2,1,1,1,,,,,1,0,,,,,,1,,1.0,1.0,1.0,1.0,10.0,5.0,15.0,16.0,11.0,27.0,2.0,5.0,7.0,4.0,2.0,6.0,3.0,0.0,3.0,2.0,2.0,4.0,1.0,0.0,1.0,4.0,2.0,6.0,,,,,,,1.0,1.0,1.0,1200,2600,1000,2100,900,1500,800,1200,1.0,,3.0,3.0,1.0,2.0,3.0,3.0,4.0,4.0,1.0,1.0,1.0,1.0,2.0,1.0,2.0,1.0,2.0,1.0,1.0,1.0,1.0,2.0,3.0,3.0,
7,5,3.0,16,I,1.0,,16,,PUSAT TUISYEN,2,2,2,2,2,2,3,3,3,3,3,3,2,1,,,,,0,0,,,,,2.0,1,,2.0,2.0,2.0,2.0,5.0,5.0,10.0,,,,5.0,5.0,10.0,,,,,,,,,,,,,,,,,,,,,,2.0,2.0,1.0,3000,7000,2500,6500,2000,5500,1200,4500,1.0,,6.0,6.0,3.0,3.0,3.0,3.0,1.0,6.0,7.0,7.0,2.0,2.0,2.0,2.0,2.0,2.0,2.0,2.0,2.0,2.0,1.0,2.0,2.0,10.0,
7,5,3.0,6,H,3.0,,6,,KONTRAKTOR PEMBINAAN,2,2,2,4,4,4,4,2,2,3,3,3,3,1,,,,,0,0,,,,,2.0,1,,2.0,2.0,2.0,2.0,15.0,10.0,25.0,,,,5.0,5.0,10.0,5.0,5.0,10.0,3.0,,,,,,,,,,,,,,,,,,2.0,2.0,2.0,3000,7000,2500,6500,2000,5500,1200,4500,1.0,,6.0,6.0,3.0,3.0,3.0,3.0,1.0,6.0,7.0,7.0,2.0,2.0,2.0,3.0,3.0,3.0,3.0,3.0,2.0,3.0,3.0,2.0,1.0,,
7,5,3.0,18,F,2.0,,9,,MAKANAN DAN MINUMAN,2,2,2,2,2,1,1,2,2,3,3,3,3,2,1.0,,,,0,0,,,,,2.0,2,,2.0,2.0,2.0,2.0,3.0,3.0,6.0,,,,1.0,,,,2.0,,1.0,,,,,,,,,1.0,1.0,2.0,,,,,,,2.0,2.0,1.0,#NULL!,#NULL!,#NULL!,#NULL!,#NULL!,#NULL!,#NULL!,#NULL!,1.0,,6.0,6.0,3.0,3.0,3.0,3.0,1.0,6.0,7.0,7.0,2.0,2.0,2.0,2.0,2.0,2.0,2.0,2.0,2.0,2.0,1.0,3.0,2.0,10.0,
7,5,3.0,7,H,3.0,,7,,JURUTERA BINAAN,1,1,1,1,1,1,1,1,1,1,1,1,1,2,1.0,,,,0,0,,,,,1.0,1,,1.0,2.0,1.0,1.0,15.0,10.0,25.0,,,,2.0,5.0,7.0,3.0,2.0,5.0,10.0,,,2.0,5.0,7.0,,,,7.0,2.0,9.0,5.0,,,,,,2.0,2.0,1.0,1800,3800,1500,2800,1000,1600,900,1200,1.0,,2.0,2.0,2.0,2.0,2.0,3.0,3.0,6.0,1.0,1.0,1.0,1.0,1.0,1.0,1.0,1.0,1.0,1.0,1.0,1.0,1.0,3.0,2.0,3.0,
7,5,3.0,5,C,3.0,,5,,KONTRAKTOR ELEKTRIK,1,1,1,1,1,1,1,1,1,1,1,1,1,2,1.0,,,,0,0,,,,,1.0,1,,1.0,1.0,1.0,1.0,10.0,7.0,17.0,,,,,3.0,,,1.0,,6.0,,,,2.0,,,,,5.0,2.0,7.0,,,,,,,2.0,2.0,1.0,1200,1200,1200,1200,1200,1200,1200,1200,1.0,,2.0,2.0,2.0,2.0,2.0,3.0,3.0,6.0,1.0,1.0,1.0,1.0,1.0,1.0,1.0,1.0,1.0,1.0,1.0,1.0,1.0,2.0,3.0,3.0,
7,5,3.0,19,B,3.0,,4,KIMPALAN BESI/STEEL,"KIMPALAN BESI, STEEL",1,1,1,1,1,2,1,1,1,2,2,1,1,1,,,,,0,0,,,,,2.0,1,,1.0,2.0,1.0,1.0,5.0,3.0,8.0,,,,1.0,2.0,3.0,,,,3.0,,,,,,,,,2.0,2.0,4.0,,,,,,,2.0,2.0,2.0,2300,4000,2000,3800,1000,1800,900,1200,1.0,,2.0,2.0,2.0,2.0,2.0,3.0,3.0,6.0,1.0,1.0,1.0,1.0,1.0,1.0,1.0,1.0,1.0,1.0,1.0,2.0,1.0,2.0,3.0,3.0,
7,5,3.0,4,B,3.0,,4,,KIMPALAN BESI,1,1,1,1,1,2,1,1,1,1,1,1,1,1,,,,,0,0,,,,,2.0,1,,1.0,2.0,1.0,1.0,7.0,5.0,12.0,,,,,2.0,,,1.0,,4.0,,,,,,,,,4.0,2.0,6.0,3.0,,,,,,2.0,2.0,1.0,2600,4000,2300,3500,1300,2500,900,1200,1.0,,2.0,2.0,2.0,2.0,2.0,3.0,3.0,6.0,6.0,6.0,1.0,1.0,1.0,2.0,2.0,2.0,1.0,1.0,1.0,2.0,1.0,2.0,3.0,3.0,
7,5,3.0,18,E,3.0,,9,,BISKUT & MAKANAN RINGAN,1,1,1,1,1,1,1,2,1,1,1,1,1,1,,,,,0,0,,,,,1.0,1,,1.0,2.0,2.0,1.0,10.0,7.0,17.0,,,,2.0,2.0,4.0,,1.0,,5.0,,,,2.0,,,,,5.0,,,,,,,,,2.0,2.0,1.0,2300,3800,2000,2800,1000,1900,900,1400,1.0,,2.0,2.0,2.0,2.0,2.0,3.0,3.0,6.0,6.0,6.0,1.0,1.0,1.0,2.0,1.0,1.0,2.0,2.0,1.0,1.0,1.0,2.0,3.0,3.0,
7,5,3.0,7,B,3.0,,7,,PEMBORONG,1,1,1,1,1,2,1,1,1,1,1,1,1,1,,,,,0,0,,,,,1.0,1,,1.0,2.0,1.0,1.0,15.0,9.0,24.0,,,,2.0,5.0,7.0,1.0,1.0,2.0,6.0,2.0,8.0,,1.0,,,,,5.0,3.0,8.0,,,,,,,2.0,2.0,1.0,2000,3000,1100,2000,1000,1600,900,1200,1.0,,2.0,2.0,2.0,2.0,2.0,3.0,3.0,6.0,3.0,3.0,1.0,1.0,2.0,1.0,1.0,1.0,2.0,2.0,1.0,1.0,1.0,3.0,2.0,3.0,
7,5,3.0,13,C,1.0,,13,,PERKHIDMATAN,1,1,1,1,1,1,1,1,1,1,1,1,1,1,,,,,0,0,,,,,1.0,1,,1.0,2.0,1.0,1.0,5.0,3.0,8.0,,,,2.0,2.0,4.0,,,,4.0,1.0,5.0,1.0,2.0,3.0,,,,4.0,1.0,5.0,,,,,,,2.0,2.0,1.0,2000,3800,1200,1700,1000,1500,900,1200,1.0,,2.0,2.0,2.0,2.0,2.0,3.0,3.0,6.0,1.0,1.0,1.0,1.0,1.0,2.0,1.0,1.0,1.0,2.0,1.0,1.0,1.0,2.0,3.0,3.0,
7,5,3.0,13,F,2.0,,9,,,1,2,3,4,4,4,4,4,4,1,1,2,3,2,,1.0,,,0,1,1.0,,,,2.0,2,1.0,2.0,2.0,1.0,2.0,0.0,0.0,0.0,0.0,0.0,0.0,0.0,0.0,0.0,0.0,0.0,0.0,0.0,0.0,0.0,0.0,0.0,0.0,0.0,0.0,0.0,0.0,0.0,0.0,0.0,0.0,0.0,0.0,0.0,0.0,2.0,3.0,2.0,1100,1500,1100,1700,900,1500,800,1500,1.0,,1.0,2.0,1.0,2.0,1.0,2.0,1.0,2.0,1.0,2.0,1.0,1.0,1.0,2.0,3.0,4.0,4.0,5.0,5.0,9.0,1.0,2.0,3.0,6.0,
7,5,3.0,11,B,3.0,,11,,PERCETAKAN,1,1,1,1,2,2,1,1,2,1,2,2,1,1,,,,,0,0,,,,,2.0,3,1.0,1.0,2.0,1.0,1.0,5.0,5.0,10.0,,,,1.0,3.0,4.0,1.0,2.0,3.0,,,,1.0,3.0,4.0,,,,1.0,,,,,,,,,2.0,2.0,1.0,1700,3000,1200,2800,1000,2500,700,1600,1.0,,3.0,3.0,1.0,2.0,2.0,3.0,3.0,6.0,1.0,1.0,1.0,1.0,1.0,1.0,1.0,1.0,2.0,1.0,1.0,1.0,1.0,3.0,2.0,3.0,
7,5,3.0,4,H,1.0,,4,,PEMBUATAN,1,1,1,1,1,1,1,2,2,1,1,1,1,1,,,,,0,0,,,,,1.0,3,1.0,1.0,1.0,1.0,1.0,30.0,40.0,70.0,,,,15.0,20.0,35.0,10.0,11.0,21.0,19.0,15.0,34.0,10.0,10.0,20.0,,,,20.0,20.0,40.0,5.0,5.0,10.0,,,,2.0,2.0,1.0,3000,5000,2000,4000,1500,3500,1000,2800,1.0,,3.0,3.0,2.0,2.0,2.0,3.0,3.0,6.0,1.0,1.0,1.0,1.0,1.0,1.0,1.0,1.0,1.0,1.0,1.0,1.0,1.0,2.0,3.0,3.0,
7,5,3.0,17,I,1.0,,17,,KLINIK (KESIHATAN),1,1,1,1,1,1,1,1,1,1,1,1,1,1,,,,,0,0,,,,,1.0,1,,1.0,1.0,1.0,1.0,4.0,4.0,8.0,,,,,,,,,,,,,4.0,4.0,8.0,,,,,,,,,,,,,1.0,1.0,2.0,2000,2200,1500,1500,1200,1500,1000,1200,1.0,,3.0,4.0,2.0,2.0,3.0,3.0,6.0,4.0,2.0,1.0,1.0,1.0,1.0,1.0,1.0,1.0,1.0,1.0,1.0,3.0,1.0,2.0,3.0,3.0,
7,5,3.0,17,I,1.0,,17,,MEDICAL,1,1,1,1,1,1,1,1,1,1,1,1,1,1,,,,,0,0,,,,,1.0,1,,1.0,1.0,1.0,1.0,1.0,4.0,5.0,,,,,,,,1.0,,,,,,1.0,,,,,,,,,,,,,,1.0,1.0,2.0,2000,2500,1800,2000,1500,1800,1000,1200,1.0,,3.0,2.0,2.0,1.0,3.0,3.0,4.0,4.0,2.0,1.0,1.0,1.0,1.0,1.0,1.0,1.0,1.0,1.0,1.0,3.0,1.0,2.0,3.0,3.0,
7,5,2.0,4,A,3.0,,4,,PEMBUATAN PERKILANGAN,1,2,1,2,1,2,1,2,1,2,1,1,1,1,,,,,0,0,,,,,1.0,1,,1.0,1.0,1.0,1.0,50.0,50.0,100.0,20.0,20.0,40.0,0.0,0.0,0.0,0.0,0.0,0.0,5.0,5.0,10.0,5.0,5.0,10.0,5.0,5.0,10.0,5.0,5.0,10.0,5.0,5.0,10.0,30.0,30.0,60.0,1.0,1.0,2.0,1800,2000,1500,1800,1200,2000,800,1000,1.0,,3.0,2.0,2.0,1.0,3.0,3.0,1.0,6.0,1.0,2.0,1.0,2.0,1.0,2.0,1.0,2.0,1.0,2.0,1.0,3.0,1.0,2.0,3.0,3.0,
7,5,2.0,4,C,3.0,,4,,PEMBUATAN PERKILANGAN,1,1,1,2,2,1,2,1,1,2,2,2,2,1,,,,,0,0,,,,,1.0,1,,1.0,1.0,1.0,1.0,50.0,50.0,100.0,40.0,20.0,60.0,0.0,0.0,0.0,10.0,0.0,10.0,10.0,5.0,15.0,10.0,5.0,15.0,10.0,5.0,15.0,0.0,5.0,5.0,20.0,20.0,40.0,0.0,0.0,0.0,1.0,1.0,2.0,1800,2000,1500,1800,1200,1500,1000,1200,1.0,,3.0,2.0,2.0,1.0,3.0,3.0,1.0,6.0,1.0,2.0,1.0,2.0,1.0,2.0,1.0,2.0,1.0,2.0,1.0,3.0,1.0,2.0,3.0,5.0,
7,5,3.0,6,H,3.0,,6,,PEMBINAAN,1,1,1,1,1,1,1,1,1,1,1,1,1,1,,,,,0,0,,,,,1.0,1,,1.0,1.0,1.0,1.0,30.0,0.0,30.0,10.0,0.0,10.0,0.0,0.0,0.0,0.0,0.0,0.0,0.0,0.0,0.0,0.0,0.0,0.0,0.0,0.0,0.0,10.0,0.0,10.0,20.0,0.0,20.0,0.0,0.0,0.0,1.0,2.0,2.0,1800,2000,1500,1800,1200,1500,1000,1500,1.0,,4.0,3.0,2.0,1.0,3.0,3.0,4.0,6.0,2.0,1.0,1.0,1.0,1.0,1.0,1.0,1.0,1.0,1.0,1.0,3.0,1.0,2.0,3.0,3.0,
7,5,3.0,4,H,1.0,,4,,PERKILANGAN,1,2,1,2,1,2,1,2,1,2,1,2,1,1,,,,,0,0,,,,,1.0,1,,1.0,1.0,1.0,1.0,30.0,30.0,60.0,20.0,20.0,40.0,5.0,0.0,5.0,5.0,0.0,5.0,5.0,5.0,10.0,5.0,5.0,10.0,0.0,5.0,5.0,0.0,5.0,5.0,10.0,10.0,20.0,0.0,0.0,0.0,1.0,2.0,1.0,2000,2200,1800,2000,1500,1800,1000,1500,,,3.0,2.0,2.0,1.0,3.0,3.0,2.0,6.0,2.0,1.0,1.0,2.0,1.0,2.0,1.0,2.0,1.0,2.0,1.0,3.0,1.0,2.0,3.0,3.0,
7,5,3.0,19,H,3.0,,8,TRANSPORT,TARNSPORT LORRY,1,1,1,1,1,1,1,1,1,1,1,1,1,1,,,,,0,0,,,,,1.0,1,,1.0,1.0,1.0,1.0,10.0,10.0,20.0,10.0,10.0,20.0,0.0,0.0,0.0,0.0,5.0,5.0,5.0,5.0,10.0,0.0,0.0,0.0,0.0,0.0,0.0,5.0,0.0,5.0,10.0,1.0,11.0,0.0,0.0,0.0,1.0,1.0,2.0,2500,2800,2000,2500,1500,1800,1200,1500,,,3.0,2.0,2.0,1.0,3.0,3.0,3.0,2.0,1.0,2.0,1.0,2.0,1.0,2.0,1.0,2.0,1.0,2.0,1.0,3.0,1.0,2.0,3.0,3.0,
7,5,3.0,18,J,3.0,,18,,PERCETAKAN,1,2,1,2,1,2,1,2,1,2,1,2,1,1,,,,,0,1,,,,,1.0,1,,1.0,1.0,1.0,1.0,10.0,10.0,20.0,5.0,5.0,10.0,0.0,0.0,0.0,0.0,0.0,0.0,0.0,0.0,0.0,5.0,5.0,10.0,0.0,0.0,0.0,0.0,0.0,0.0,0.0,0.0,0.0,0.0,0.0,0.0,2.0,1.0,1.0,2000,2200,1800,2000,1500,1800,1200,1500,1.0,,4.0,3.0,2.0,1.0,3.0,3.0,6.0,5.0,2.0,1.0,1.0,1.0,1.0,2.0,1.0,2.0,2.0,1.0,1.0,3.0,1.0,2.0,3.0,3.0,
7,5,3.0,11,J,3.0,,11,,COMPUTER,1,1,2,1,2,1,2,1,2,1,2,1,2,1,,,,,0,1,,,,,1.0,1,,1.0,1.0,1.0,1.0,20.0,20.0,40.0,10.0,10.0,20.0,0.0,0.0,0.0,0.0,0.0,0.0,4.0,5.0,9.0,5.0,1.0,6.0,0.0,0.0,0.0,1.0,4.0,5.0,0.0,0.0,0.0,0.0,0.0,0.0,1.0,1.0,5.0,2500,3000,2000,2200,1800,2000,1500,1800,1.0,,3.0,2.0,2.0,1.0,3.0,3.0,3.0,2.0,2.0,1.0,1.0,1.0,3.0,1.0,2.0,1.0,2.0,1.0,2.0,3.0,1.0,2.0,3.0,3.0,
7,5,3.0,5,D,3.0,,5,,PLUMBING & ELECTRICAL,1,2,1,2,1,2,1,2,1,2,1,2,1,1,,,,,0,0,,,,,1.0,1,,1.0,1.0,1.0,1.0,10.0,3.0,13.0,0.0,0.0,0.0,0.0,0.0,0.0,0.0,0.0,0.0,0.0,0.0,0.0,0.0,0.0,0.0,0.0,0.0,0.0,0.0,0.0,0.0,5.0,2.0,7.0,0.0,0.0,0.0,1.0,1.0,2.0,2000,2200,1800,2000,1500,1800,1200,1500,1.0,,3.0,2.0,2.0,1.0,3.0,3.0,6.0,1.0,1.0,2.0,1.0,2.0,1.0,2.0,1.0,2.0,1.0,2.0,1.0,,1.0,2.0,3.0,,
7,5,3.0,18,E,3.0,,18,,PACKAGING BOX,1,2,1,1,1,2,1,1,1,1,1,1,1,1,,,,,0,0,,,,,1.0,1,,1.0,1.0,1.0,1.0,5.0,5.0,10.0,2.0,1.0,3.0,0.0,0.0,0.0,0.0,0.0,0.0,0.0,0.0,0.0,2.0,1.0,3.0,0.0,0.0,0.0,0.0,0.0,0.0,0.0,0.0,0.0,0.0,0.0,0.0,2.0,1.0,3.0,1800,2000,1500,1800,1200,1500,1000,1200,,,3.0,2.0,2.0,1.0,3.0,3.0,4.0,6.0,2.0,1.0,1.0,2.0,1.0,1.0,1.0,2.0,2.0,2.0,2.0,3.0,1.0,2.0,3.0,2.0,
7,5,3.0,19,G,3.0,,19,LAWYER,LAWYER,1,2,1,1,1,2,2,2,1,1,1,1,1,1,,,,,0,0,,,,,1.0,1,,1.0,1.0,1.0,1.0,3.0,2.0,5.0,2.0,3.0,5.0,0.0,0.0,0.0,0.0,3.0,3.0,0.0,0.0,0.0,2.0,0.0,2.0,0.0,0.0,0.0,0.0,0.0,0.0,0.0,0.0,0.0,0.0,0.0,0.0,1.0,1.0,2.0,2000,2200,1800,2000,1500,1800,1200,1500,1.0,,3.0,2.0,2.0,1.0,3.0,3.0,3.0,6.0,2.0,1.0,1.0,2.0,1.0,1.0,1.0,2.0,2.0,2.0,2.0,3.0,1.0,2.0,3.0,3.0,
7,5,3.0,18,H,3.0,,18,,ARCHITECTURE DESIGN,1,2,1,1,1,1,2,2,2,1,1,2,1,1,,,,,0,0,,,,,1.0,1,,1.0,1.0,1.0,1.0,5.0,3.0,8.0,4.0,2.0,6.0,0.0,0.0,0.0,0.0,0.0,0.0,0.0,0.0,0.0,4.0,2.0,6.0,0.0,0.0,0.0,0.0,0.0,0.0,0.0,0.0,0.0,0.0,0.0,0.0,1.0,1.0,3.0,1800,2000,1500,1800,1200,1500,1000,1200,1.0,,2.0,2.0,2.0,1.0,3.0,3.0,4.0,6.0,1.0,2.0,1.0,1.0,1.0,1.0,1.0,1.0,1.0,1.0,1.0,3.0,1.0,2.0,3.0,3.0,
7,5,3.0,13,J,2.0,,9,,SPARE PART,1,2,3,4,4,4,4,4,4,1,1,2,4,2,,1.0,,,0,1,1.0,,,,2.0,2,1.0,2.0,2.0,1.0,2.0,0.0,0.0,0.0,0.0,0.0,0.0,0.0,0.0,0.0,0.0,0.0,0.0,0.0,0.0,0.0,0.0,0.0,0.0,0.0,0.0,0.0,0.0,0.0,0.0,0.0,0.0,0.0,0.0,0.0,0.0,2.0,3.0,2.0,1100,1500,1100,1700,900,1500,800,1500,1.0,,1.0,2.0,1.0,2.0,1.0,2.0,1.0,2.0,1.0,2.0,1.0,1.0,1.0,2.0,3.0,4.0,4.0,5.0,5.0,9.0,1.0,2.0,3.0,6.0,
7,5,3.0,5,G,3.0,,5,,PERUMAHAN,2,1,1,1,1,2,1,1,1,1,2,1,1,2,1.0,,,,0,0,,,,,1.0,2,1.0,1.0,1.0,1.0,1.0,20.0,10.0,30.0,0.0,0.0,0.0,5.0,0.0,5.0,5.0,5.0,10.0,5.0,5.0,10.0,5.0,5.0,10.0,5.0,5.0,10.0,5.0,0.0,0.0,0.0,0.0,0.0,0.0,0.0,0.0,1.0,1.0,1.0,2000,2500,1000,1800,800,1000,800,1000,1.0,,3.0,2.0,2.0,1.0,3.0,3.0,1.0,6.0,1.0,3.0,1.0,1.0,1.0,1.0,1.0,1.0,1.0,1.0,1.0,3.0,1.0,2.0,3.0,3.0,
7,5,2.0,4,D,3.0,,4,,,1,2,1,2,1,2,1,2,1,1,2,1,1,1,,,,,0,0,,,,,1.0,1,,1.0,1.0,1.0,1.0,100.0,50.0,150.0,30.0,20.0,50.0,0.0,0.0,0.0,0.0,0.0,0.0,10.0,0.0,10.0,10.0,0.0,10.0,10.0,10.0,20.0,0.0,10.0,10.0,70.0,30.0,100.0,70.0,30.0,100.0,1.0,1.0,3.0,1500,2000,1200,1500,1000,1200,800,1000,1.0,,3.0,2.0,2.0,1.0,3.0,3.0,4.0,3.0,2.0,1.0,1.0,2.0,1.0,2.0,1.0,2.0,1.0,2.0,1.0,3.0,1.0,2.0,3.0,4.0,
7,5,4.0,17,I,1.0,,17,,PERUNDING KESIHATAN & KAUNSELI,2,2,2,3,3,2,2,3,3,3,3,2,2,1,,,,,0,0,,,,,2.0,1,,2.0,2.0,2.0,2.0,2.0,2.0,4.0,,,,1.0,1.0,2.0,1.0,1.0,2.0,,,,,,,,,,,,,,,,,,,2.0,2.0,1.0,3000,7000,2500,6500,1900,5000,1200,4000,1.0,,6.0,6.0,3.0,3.0,3.0,3.0,1.0,6.0,7.0,7.0,2.0,2.0,2.0,2.0,2.0,3.0,3.0,3.0,3.0,1.0,1.0,2.0,3.0,10.0,
7,5,3.0,4,B,3.0,,4,,KIMPALAN & MESIN,1,1,1,1,1,2,1,2,2,1,1,1,2,1,,,,,0,0,,,,,,3,1.0,1.0,2.0,1.0,1.0,10.0,20.0,30.0,,,,5.0,10.0,15.0,5.0,3.0,8.0,8.0,2.0,10.0,3.0,5.0,8.0,,,,5.0,5.0,10.0,,,,,,,2.0,2.0,2.0,2000,4000,1600,3800,1000,2500,900,1600,1.0,,3.0,3.0,2.0,2.0,3.0,3.0,3.0,6.0,1.0,1.0,1.0,1.0,1.0,2.0,1.0,1.0,1.0,1.0,1.0,1.0,1.0,3.0,2.0,3.0,
7,5,3.0,4,A,3.0,,4,,KIMPALAN,1,1,1,1,2,1,1,1,1,2,1,1,1,1,,,,,0,0,,,,,2.0,1,,1.0,1.0,2.0,2.0,7.0,9.0,16.0,20.0,14.0,34.0,2.0,2.0,4.0,2.0,3.0,5.0,7.0,4.0,11.0,2.0,3.0,5.0,2.0,0.0,2.0,5.0,2.0,7.0,1.0,1.0,2.0,,,,2.0,2.0,1.0,1200,1600,1000,1200,800,1000,700,900,1.0,,3.0,3.0,1.0,2.0,3.0,3.0,6.0,6.0,1.0,1.0,2.0,1.0,2.0,1.0,1.0,1.0,2.0,1.0,2.0,1.0,1.0,3.0,2.0,3.0,
7,5,3.0,7,D,3.0,,7,,PENGEDAR ALAT-ALAT PERUBATAN,1,1,1,1,1,1,1,1,1,1,1,1,1,1,,,,,0,0,,,,,1.0,1,,1.0,2.0,1.0,1.0,10.0,10.0,20.0,,,,2.0,4.0,6.0,1.0,2.0,3.0,5.0,2.0,7.0,,,,,,,2.0,4.0,6.0,,,,,,,2.0,2.0,1.0,1700,2300,1200,2500,1000,1500,900,1200,1.0,,2.0,2.0,2.0,2.0,2.0,3.0,3.0,6.0,1.0,1.0,1.0,1.0,1.0,1.0,1.0,1.0,1.0,1.0,1.0,1.0,1.0,3.0,2.0,3.0,
7,5,3.0,6,E,3.0,,6,,PEMBINAAN DAN ELECTRICAL,1,1,1,1,1,1,1,1,1,1,1,1,1,1,,,,,0,0,,,,,2.0,1,,2.0,2.0,,2.0,5.0,10.0,15.0,,,,0.0,3.0,3.0,0.0,1.0,1.0,5.0,0.0,5.0,,,,,,,5.0,2.0,7.0,2.0,0.0,2.0,,,,2.0,2.0,2.0,1400,2600,1200,2000,1000,1600,900,1200,1.0,,2.0,2.0,2.0,2.0,2.0,3.0,4.0,6.0,1.0,1.0,1.0,1.0,1.0,1.0,1.0,1.0,1.0,1.0,1.0,1.0,1.0,3.0,2.0,3.0,
7,5,3.0,3,E,2.0,,3,,PETROLEUM & GAS,1,2,3,4,4,4,4,4,4,1,2,3,4,2,,1.0,,,1,0,1.0,,,30.0,2.0,2,1.0,1.0,2.0,1.0,2.0,40.0,15.0,55.0,0.0,0.0,0.0,0.0,0.0,0.0,0.0,0.0,0.0,0.0,0.0,0.0,0.0,0.0,0.0,0.0,0.0,0.0,0.0,0.0,0.0,0.0,0.0,0.0,0.0,0.0,0.0,1.0,1.0,2.0,1200,1800,1100,2000,1500,1700,800,1200,1.0,,1.0,2.0,1.0,3.0,1.0,2.0,1.0,2.0,1.0,2.0,1.0,2.0,3.0,4.0,5.0,5.0,5.0,5.0,5.0,1.0,1.0,3.0,2.0,1.0,
7,5,3.0,12,E,1.0,,17,UBAT,JUALAN UBAT,1,1,2,2,2,2,2,2,3,3,3,2,2,1,,,,,0,0,,,,,2.0,1,,2.0,1.0,1.0,2.0,4.0,1.0,5.0,,,,1.0,0.0,1.0,,,,,,,0.0,1.0,1.0,3.0,0.0,3.0,,,,,,,,,,2.0,2.0,2.0,3000,7000,1500,6000,2000,5000,1200,4500,1.0,,6.0,6.0,3.0,3.0,3.0,3.0,1.0,6.0,7.0,7.0,2.0,2.0,1.0,1.0,2.0,2.0,2.0,3.0,3.0,1.0,1.0,3.0,2.0,10.0,
7,5,3.0,14,D,3.0,,7,KEDAI EMAS,JUALAN EMAS,1,1,1,1,1,1,1,1,1,1,1,1,1,1,,,,,0,0,,,,,1.0,1,,2.0,2.0,1.0,1.0,3.0,10.0,13.0,,,,,,,1.0,6.0,7.0,,,,,,,0.0,2.0,2.0,1.0,3.0,4.0,,,,,,,2.0,2.0,1.0,1800,3800,1500,2400,1200,1900,1000,1700,1.0,,2.0,2.0,2.0,2.0,3.0,3.0,4.0,6.0,1.0,1.0,1.0,1.0,1.0,1.0,1.0,1.0,1.0,1.0,1.0,1.0,1.0,3.0,2.0,3.0,
7,5,4.0,18,E,2.0,,9,,JUALAN DAGING KHINZIR,1,1,1,1,1,1,1,2,1,1,1,1,1,1,,,,,0,0,,,,,1.0,1,,1.0,2.0,2.0,2.0,1.0,1.0,2.0,,,,,,,,,,,,,,,,,,,1.0,1.0,2.0,,,,,,,2.0,2.0,1.0,#NULL!,#NULL!,#NULL!,#NULL!,#NULL!,#NULL!,900,1000,1.0,,2.0,2.0,2.0,2.0,2.0,2.0,6.0,6.0,1.0,1.0,1.0,1.0,1.0,2.0,1.0,2.0,1.0,2.0,1.0,1.0,1.0,3.0,2.0,3.0,
7,5,3.0,4,C,3.0,,4,,KIMPALAN BESI,1,1,1,1,1,1,1,1,1,1,1,1,1,1,,,,,0,0,,,,,1.0,1,,1.0,2.0,1.0,1.0,9.0,5.0,14.0,,,,0.0,2.0,2.0,2.0,0.0,2.0,5.0,0.0,5.0,,,,,,,5.0,2.0,7.0,4.0,0.0,4.0,,,,2.0,2.0,1.0,1800,3000,1500,2000,1200,1800,900,1200,1.0,,2.0,2.0,2.0,2.0,2.0,3.0,3.0,6.0,1.0,1.0,1.0,1.0,1.0,1.0,1.0,2.0,1.0,2.0,1.0,1.0,1.0,3.0,2.0,3.0,
7,5,3.0,17,G,1.0,,13,INSURANCE,,1,1,1,1,1,1,1,1,1,1,1,1,1,1,,,,,0,0,,,,,1.0,1,,1.0,1.0,1.0,1.0,5.0,3.0,8.0,,,,2.0,0.0,2.0,0.0,2.0,2.0,2.0,0.0,2.0,0.0,3.0,3.0,,,,,,,,,,,,,1.0,1.0,2.0,2000,2200,1800,2000,1500,1800,1200,1500,1.0,,3.0,2.0,2.0,1.0,3.0,3.0,4.0,6.0,1.0,2.0,1.0,1.0,1.0,1.0,1.0,1.0,1.0,1.0,1.0,3.0,1.0,2.0,3.0,3.0,
7,5,3.0,4,G,1.0,,4,,CTOS,1,1,1,1,1,1,1,1,1,1,1,1,1,1,,,,,0,0,,,,,1.0,1,,1.0,1.0,1.0,1.0,5.0,5.0,10.0,,,,2.0,2.0,4.0,2.0,2.0,4.0,2.0,1.0,3.0,2.0,2.0,4.0,,,,,,,,,,,,,1.0,1.0,1.0,2000,2500,1500,2000,1800,2500,1000,1200,1.0,,3.0,2.0,2.0,1.0,3.0,3.0,3.0,6.0,1.0,2.0,1.0,1.0,1.0,1.0,1.0,1.0,1.0,1.0,1.0,3.0,1.0,2.0,3.0,3.0,
7,5,3.0,17,G,3.0,,17,,TRAVEL,1,1,1,1,1,1,1,1,1,1,1,1,1,1,,,,,0,0,,,,,1.0,1,,1.0,1.0,1.0,1.0,20.0,20.0,40.0,,,,5.0,0.0,5.0,5.0,5.0,10.0,5.0,5.0,10.0,0.0,5.0,5.0,,,,5.0,5.0,10.0,,,,,,,1.0,1.0,2.0,2000,2200,1800,2000,1500,1800,1000,1200,1.0,,3.0,2.0,2.0,1.0,3.0,3.0,3.0,3.0,6.0,6.0,1.0,1.0,1.0,1.0,1.0,1.0,1.0,1.0,1.0,3.0,1.0,2.0,3.0,3.0,
7,5,3.0,4,G,3.0,,4,,IMPORT & EKSPORT,1,1,1,1,1,1,1,1,1,1,1,1,1,1,,,,,0,0,,,,,1.0,2,1.0,1.0,1.0,1.0,1.0,20.0,10.0,30.0,0.0,0.0,0.0,5.0,0.0,5.0,5.0,5.0,10.0,5.0,5.0,10.0,5.0,5.0,10.0,0.0,5.0,5.0,0.0,9.0,9.0,0.0,0.0,0.0,0.0,0.0,0.0,1.0,1.0,1.0,1500,2000,1200,1500,1000,1200,800,1000,1.0,,3.0,2.0,2.0,2.0,3.0,3.0,1.0,6.0,1.0,2.0,1.0,1.0,1.0,1.0,1.0,1.0,1.0,1.0,1.0,3.0,1.0,2.0,3.0,3.0,
7,5,2.0,4,G,1.0,,4,,KAIN,1,1,1,1,1,1,1,1,1,1,1,1,1,1,,,,,0,0,,,,,1.0,3,2.0,1.0,1.0,1.0,1.0,40.0,40.0,80.0,,,,5.0,5.0,10.0,5.0,5.0,10.0,5.0,5.0,10.0,5.0,5.0,10.0,,,,,,,30.0,30.0,60.0,,,,1.0,1.0,2.0,1500,2000,1000,1500,800,1200,700,1000,1.0,,3.0,3.0,2.0,1.0,3.0,3.0,3.0,6.0,1.0,2.0,1.0,1.0,1.0,1.0,1.0,1.0,1.0,1.0,1.0,1.0,1.0,2.0,3.0,3.0,
7,5,4.0,6,E,11.0,ENTERPRISE,6,PEMBINAAN RUMAH DAN UBAH,,2,1,2,3,3,3,2,3,3,3,3,3,3,1,,,,,0,0,,,,,2.0,1,,2.0,2.0,2.0,2.0,2.0,,,,,,,,,,,,,,,,,,,,,1.0,,,,,,,,,2.0,2.0,9.0,#NULL!,#NULL!,#NULL!,#NULL!,#NULL!,#NULL!,1800,2000,1.0,,3.0,2.0,2.0,2.0,3.0,3.0,5.0,6.0,2.0,2.0,2.0,3.0,3.0,3.0,3.0,3.0,3.0,3.0,4.0,2.0,1.0,2.0,3.0,3.0,
7,5,4.0,11,J,1.0,,11,MEMBAIKI BARANGAN KOMPUT,,2,2,2,3,3,3,2,3,3,3,3,3,3,2,1.0,,,PRAKTIKAL STUDENT,0,0,,,,,2.0,1,,2.0,1.0,2.0,2.0,1.0,,,,,,,,,,,,,,,,,,,,,1.0,,,,,,,,,1.0,1.0,8.0,#NULL!,#NULL!,#NULL!,#NULL!,#NULL!,#NULL!,1000,1500,1.0,,3.0,2.0,3.0,3.0,3.0,3.0,5.0,5.0,7.0,7.0,2.0,4.0,3.0,3.0,3.0,3.0,3.0,3.0,3.0,5.0,3.0,1.0,2.0,1.0,
7,5,4.0,7,E,1.0,,7,JUALAN BARANG RUNCIT,,3,2,2,2,3,3,3,2,3,3,3,3,3,1,,,,,0,0,,,,,1.0,1,,2.0,2.0,2.0,2.0,1.0,1.0,2.0,,,,,,,,,,,,,,,,,,,1.0,,,,,,,,,2.0,2.0,9.0,#NULL!,#NULL!,#NULL!,#NULL!,#NULL!,#NULL!,1000,#NULL!,1.0,,2.0,2.0,3.0,3.0,3.0,3.0,6.0,6.0,3.0,3.0,2.0,3.0,3.0,3.0,3.0,3.0,3.0,3.0,3.0,9.0,1.0,3.0,2.0,3.0,
7,5,3.0,19,E,11.0,ENTERPRISE,9,KEDAI MAKAN,,4,2,2,2,3,3,3,3,3,3,3,3,3,1,,,,,0,0,,,,,2.0,1,,2.0,2.0,2.0,2.0,2.0,4.0,6.0,,,,,,,,,,,,,,,,,,,1.0,,,,,,,,,2.0,2.0,9.0,#NULL!,#NULL!,#NULL!,#NULL!,#NULL!,#NULL!,1200,1500,1.0,,3.0,2.0,1.0,1.0,3.0,3.0,6.0,6.0,2.0,2.0,2.0,2.0,2.0,2.0,3.0,3.0,3.0,3.0,3.0,9.0,1.0,3.0,2.0,5.0,
7,5,4.0,17,I,1.0,,17,KLINIK KESIHATAN SWASTA,,3,2,2,3,2,3,3,3,3,3,3,3,3,1,,,,,0,0,,,,,2.0,1,,2.0,2.0,2.0,2.0,,3.0,,,,,,,,,,,,,,,2.0,,,,,,1.0,,,,,,,,2.0,2.0,2.0,1000,#NULL!,#NULL!,#NULL!,#NULL!,#NULL!,1000,#NULL!,1.0,,2.0,2.0,1.0,1.0,3.0,3.0,1.0,6.0,7.0,7.0,1.0,2.0,2.0,3.0,3.0,3.0,3.0,3.0,3.0,7.0,1.0,2.0,3.0,1.0,
7,5,4.0,19,F,1.0,,9,KEDAI MAKAN,,3,2,2,2,3,3,3,3,3,3,3,3,3,1,,,,,0,0,,,,,2.0,1,,2.0,2.0,2.0,2.0,,1.0,,,,,,,,,,,,,,,,,,,,,,,,,,,,,1.0,1.0,9.0,#NULL!,#NULL!,#NULL!,#NULL!,#NULL!,#NULL!,1200,1800,1.0,,3.0,2.0,3.0,3.0,3.0,3.0,6.0,6.0,7.0,7.0,3.0,3.0,3.0,3.0,2.0,3.0,3.0,3.0,3.0,9.0,3.0,2.0,1.0,3.0,
7,5,3.0,19,F,1.0,,9,KEDAI MAKAN,,3,2,2,2,3,3,3,3,3,3,3,3,3,1,,,,,0,0,,,,,2.0,1,,2.0,2.0,2.0,2.0,4.0,3.0,7.0,,,,,,,,,,,,,,,,,,,2.0,,,,2.0,,,,,2.0,1.0,8.0,#NULL!,#NULL!,#NULL!,#NULL!,#NULL!,#NULL!,1000,1500,1.0,,2.0,2.0,3.0,3.0,3.0,3.0,6.0,6.0,7.0,7.0,3.0,3.0,3.0,3.0,3.0,3.0,3.0,3.0,3.0,9.0,3.0,2.0,1.0,3.0,
7,5,4.0,19,F,1.0,,9,KEDAI MAKAN,,3,2,2,2,3,3,3,3,3,3,3,3,3,1,,,,,0,0,,,,,2.0,1,,2.0,2.0,2.0,2.0,1.0,1.0,2.0,,,,,,,,,,,,,,,,,,,1.0,1.0,2.0,,,,,,,2.0,2.0,9.0,#NULL!,#NULL!,#NULL!,#NULL!,#NULL!,#NULL!,1000,1500,1.0,,2.0,2.0,3.0,3.0,3.0,3.0,6.0,6.0,7.0,7.0,3.0,3.0,3.0,3.0,3.0,3.0,3.0,3.0,3.0,9.0,3.0,2.0,1.0,3.0,
7,5,3.0,7,E,11.0,FRANCAIS,7,BARANGAN RUNCIT,,3,2,2,2,3,3,3,3,3,3,3,3,3,1,,,,,0,0,,,,,2.0,1,,2.0,2.0,2.0,2.0,4.0,3.0,7.0,,,,1.0,1.0,2.0,,,,,,,1.0,1.0,2.0,,,,2.0,1.0,3.0,,,,,,,1.0,1.0,2.0,#NULL!,#NULL!,#NULL!,#NULL!,#NULL!,#NULL!,1100,1300,1.0,,2.0,2.0,3.0,3.0,3.0,3.0,6.0,6.0,7.0,7.0,2.0,3.0,3.0,3.0,3.0,3.0,3.0,3.0,3.0,6.0,1.0,2.0,3.0,1.0,
7,5,3.0,19,F,2.0,,9,KEDAI MAKAN,,4,3,3,3,3,3,3,3,3,3,3,3,3,1,,,,,0,0,,,,,2.0,1,,2.0,2.0,2.0,2.0,1.0,5.0,6.0,,,,,,,,,,,,,,,,,,,,,,,1.0,,,,,2.0,2.0,8.0,#NULL!,#NULL!,#NULL!,#NULL!,#NULL!,#NULL!,900,1200,1.0,,2.0,2.0,3.0,3.0,3.0,3.0,6.0,6.0,7.0,7.0,2.0,3.0,3.0,3.0,3.0,3.0,3.0,3.0,3.0,9.0,1.0,3.0,2.0,1.0,
7,5,3.0,8,F,1.0,,8,,PERKHIDMATAN PENGANGKUTAN AIR,3,2,2,2,3,3,3,3,3,3,3,3,3,1,,,,,0,0,,,,,2.0,1,,2.0,2.0,2.0,2.0,5.0,2.0,7.0,,,,,,,,,,,,,,,,,,,2.0,,,,,,,,,1.0,1.0,9.0,#NULL!,#NULL!,#NULL!,#NULL!,#NULL!,#NULL!,1000,1500,1.0,,2.0,2.0,2.0,2.0,3.0,3.0,6.0,6.0,7.0,7.0,3.0,3.0,3.0,3.0,3.0,3.0,3.0,3.0,3.0,9.0,1.0,3.0,2.0,3.0,
7,5,4.0,19,F,1.0,,9,RSETORAN,,2,2,2,2,3,4,4,3,3,3,3,3,3,1,,,,,0,0,,,,,2.0,1,,2.0,2.0,2.0,2.0,1.0,2.0,3.0,,,,,,,,,,,,,,,,,,,,,,,,,,,,2.0,2.0,9.0,#NULL!,#NULL!,#NULL!,#NULL!,#NULL!,#NULL!,1000,1300,1.0,,2.0,6.0,3.0,3.0,3.0,3.0,6.0,6.0,7.0,7.0,3.0,2.0,2.0,3.0,3.0,2.0,2.0,3.0,3.0,9.0,1.0,2.0,3.0,3.0,
7,5,3.0,19,F,1.0,,7,PAKAIAN,,2,2,2,2,2,2,2,2,2,2,2,2,2,1,,,,,0,0,,,,,2.0,1,,2.0,2.0,2.0,2.0,1.0,1.0,2.0,,,,,,,,,,,,,,,,,,,1.0,1.0,2.0,,,,,,,1.0,1.0,9.0,#NULL!,#NULL!,#NULL!,#NULL!,#NULL!,#NULL!,900,#NULL!,1.0,,2.0,2.0,1.0,1.0,3.0,3.0,6.0,6.0,7.0,7.0,2.0,3.0,3.0,3.0,3.0,3.0,3.0,3.0,3.0,9.0,2.0,3.0,1.0,1.0,
7,5,4.0,7,E,1.0,,7,,JUALAN BAHAN MENTAH DAN RUNCIT,2,2,2,2,3,4,4,3,3,3,3,3,3,1,,,,,0,0,,,,,2.0,1,,2.0,2.0,2.0,2.0,2.0,,,,,,,,,,,,,,,,,,2.0,,,2.0,,,2.0,,,,,,1.0,1.0,2.0,#NULL!,#NULL!,#NULL!,#NULL!,2000,#NULL!,900,#NULL!,1.0,,2.0,2.0,1.0,1.0,3.0,3.0,5.0,5.0,7.0,7.0,3.0,2.0,2.0,3.0,3.0,2.0,2.0,3.0,3.0,9.0,2.0,3.0,1.0,3.0,
7,5,4.0,7,E,1.0,,7,,JUALAN BARANG RUNCIT,2,1,2,3,3,3,2,3,3,3,3,3,3,1,,,,,0,0,,,,,2.0,1,,2.0,2.0,2.0,2.0,1.0,,,,,,,,,,,,,,,,,,,,,,,,,,,,,,2.0,2.0,9.0,#NULL!,#NULL!,#NULL!,#NULL!,#NULL!,#NULL!,1200,1500,1.0,,2.0,2.0,1.0,1.0,2.0,2.0,6.0,6.0,3.0,3.0,2.0,3.0,3.0,3.0,3.0,3.0,3.0,3.0,4.0,9.0,2.0,3.0,1.0,1.0,
7,5,3.0,8,F,1.0,,8,,PERKHIDMATAN PENGANGKUTAN AIR,2,2,2,3,3,3,2,3,3,3,3,3,3,1,,,,,0,0,,,,,2.0,1,,2.0,1.0,2.0,2.0,8.0,1.0,9.0,,,,,,,,,,,,,,,,,,,,1.0,,,,,,,,2.0,1.0,9.0,#NULL!,#NULL!,#NULL!,#NULL!,#NULL!,#NULL!,1200,1500,1.0,,1.0,2.0,2.0,2.0,2.0,2.0,6.0,6.0,7.0,7.0,2.0,4.0,3.0,3.0,3.0,3.0,3.0,3.0,3.0,9.0,3.0,2.0,1.0,3.0,
7,5,4.0,7,E,1.0,,7,,,3,2,2,2,3,3,3,2,3,3,3,3,3,1,,,,,0,0,,,,,1.0,1,,2.0,2.0,2.0,2.0,1.0,,,,,,,,,,,,,,,,,,,,,,,,,,,,,,1.0,2.0,10.0,#NULL!,#NULL!,#NULL!,#NULL!,#NULL!,#NULL!,1000,1200,1.0,,2.0,2.0,1.0,1.0,1.0,1.0,6.0,6.0,7.0,7.0,2.0,3.0,3.0,3.0,3.0,3.0,3.0,3.0,3.0,9.0,3.0,2.0,1.0,1.0,
7,5,3.0,8,F,1.0,,8,,PERKHIDMATAN PENGANGKUTAN AIR,4,2,2,2,3,3,3,3,3,3,3,3,3,1,,,,,0,0,,,,,2.0,1,,2.0,2.0,2.0,2.0,10.0,,,,,,,,,,,,,,,,,,,,,5.0,,,,,,,,,2.0,1.0,9.0,#NULL!,#NULL!,#NULL!,#NULL!,#NULL!,#NULL!,1200,1500,1.0,,2.0,2.0,2.0,2.0,1.0,1.0,6.0,6.0,7.0,7.0,2.0,2.0,2.0,2.0,3.0,3.0,3.0,3.0,3.0,9.0,2.0,3.0,1.0,3.0,
7,5,3.0,19,F,1.0,,9,KEDAI MAKAN,,3,2,2,3,2,3,3,3,3,3,3,3,3,1,,,,,0,0,,,,,2.0,1,,2.0,2.0,2.0,2.0,4.0,4.0,8.0,,,,,,,,,,,,,,,,,,,2.0,1.0,3.0,,2.0,,,,,2.0,1.0,9.0,#NULL!,#NULL!,#NULL!,#NULL!,#NULL!,#NULL!,1000,1500,1.0,,1.0,6.0,3.0,3.0,1.0,3.0,3.0,5.0,6.0,7.0,1.0,2.0,2.0,3.0,3.0,3.0,3.0,3.0,3.0,9.0,2.0,3.0,1.0,3.0,
7,5,3.0,8,F,1.0,,8,,PERKHIDMATAN PENGANGKUTAN AIR,3,2,2,2,3,3,3,3,3,3,3,3,3,1,,,,,0,0,,,,,2.0,1,,2.0,2.0,2.0,2.0,9.0,1.0,10.0,,,,,,,,,,,,,,,,,,,,1.0,,,,,,,,2.0,1.0,9.0,#NULL!,#NULL!,#NULL!,#NULL!,#NULL!,#NULL!,1000,1800,1.0,,2.0,6.0,2.0,3.0,3.0,3.0,6.0,6.0,7.0,7.0,3.0,3.0,3.0,3.0,2.0,3.0,3.0,3.0,3.0,9.0,2.0,3.0,1.0,3.0,
7,5,4.0,17,J,1.0,,17,,URUTAN DAN MASSAGE,3,2,2,2,3,3,3,3,3,3,3,3,3,1,,,,,0,0,,,,,2.0,1,,2.0,2.0,2.0,2.0,2.0,2.0,4.0,,,,,,,,,,,,,,,,,,,,,,,,,,,,2.0,1.0,9.0,#NULL!,#NULL!,#NULL!,#NULL!,#NULL!,#NULL!,1000,1500,1.0,,2.0,2.0,3.0,3.0,3.0,3.0,6.0,6.0,7.0,7.0,3.0,3.0,3.0,3.0,3.0,3.0,3.0,3.0,3.0,2.0,1.0,3.0,2.0,3.0,
7,5,4.0,11,J,1.0,,11,,,3,2,2,2,3,3,3,3,3,3,3,3,3,1,,,,,0,0,,,,,2.0,1,,2.0,2.0,2.0,2.0,,1.0,,,,,,,,,,,,,,,,,,,,,,,,,,,,,2.0,2.0,8.0,#NULL!,#NULL!,#NULL!,#NULL!,1000,1500,#NULL!,#NULL!,1.0,,6.0,6.0,3.0,3.0,3.0,3.0,5.0,6.0,7.0,7.0,3.0,3.0,3.0,3.0,3.0,3.0,3.0,3.0,3.0,2.0,1.0,3.0,2.0,5.0,
7,5,3.0,18,F,11.0,FRANCAIS,9,,MINUMAN,3,2,2,2,3,3,3,3,3,3,3,3,3,1,,,,,0,0,,,,,2.0,1,,2.0,2.0,2.0,2.0,2.0,5.0,7.0,,,,,1.0,,,,,2.0,4.0,6.0,,1.0,,,2.0,,,1.0,,,,,,,,1.0,1.0,2.0,#NULL!,#NULL!,#NULL!,#NULL!,#NULL!,#NULL!,1000,1200,1.0,,2.0,2.0,3.0,3.0,3.0,3.0,5.0,6.0,7.0,7.0,2.0,3.0,3.0,3.0,3.0,3.0,3.0,3.0,3.0,9.0,1.0,3.0,2.0,3.0,
7,5,3.0,19,J,1.0,,17,BUTIK KECANTIKAN,,4,3,3,3,3,3,3,3,3,3,3,3,3,1,,,,,0,0,,,,,2.0,1,,2.0,2.0,2.0,2.0,,5.0,,,,,,,,,,,,,,,,,,2.0,,,,,,,,,,,2.0,2.0,1.0,#NULL!,#NULL!,#NULL!,#NULL!,1100,1700,#NULL!,#NULL!,1.0,,1.0,6.0,3.0,1.0,3.0,3.0,5.0,6.0,1.0,7.0,2.0,3.0,3.0,3.0,3.0,3.0,3.0,3.0,3.0,2.0,1.0,3.0,2.0,3.0,
7,5,4.0,7,E,1.0,,7,,ALAT TULIS,3,2,2,2,3,3,3,3,3,3,3,3,3,1,,,,,0,0,,,,,2.0,1,,2.0,2.0,2.0,2.0,,4.0,,,,,,,,,,,,,,,,,,1.0,,,3.0,,,,,,,,1.0,1.0,8.0,#NULL!,#NULL!,#NULL!,#NULL!,1200,#NULL!,1000,1500,1.0,,2.0,2.0,3.0,3.0,3.0,3.0,3.0,6.0,7.0,7.0,3.0,3.0,3.0,3.0,3.0,3.0,3.0,3.0,3.0,7.0,1.0,3.0,2.0,6.0,
7,5,4.0,10,G,1.0,,10,,PERKHIDMATAN TELCO,2,2,2,2,3,4,4,3,3,3,3,3,3,1,,,,,0,0,,,,,2.0,1,,2.0,2.0,2.0,2.0,,2.0,,,,,,,,,,,,,,,,,,1.0,,,,,,,,,,,1.0,1.0,2.0,#NULL!,#NULL!,#NULL!,#NULL!,#NULL!,#NULL!,900,1200,1.0,,2.0,2.0,3.0,3.0,3.0,3.0,5.0,5.0,7.0,7.0,3.0,2.0,2.0,3.0,3.0,2.0,2.0,3.0,3.0,9.0,1.0,3.0,2.0,10.0,
7,5,3.0,11,E,1.0,,11,,IT RELATED PRODUCT,2,2,2,2,2,2,2,2,2,2,2,2,3,1,,,,,0,0,,,,,2.0,1,,2.0,2.0,2.0,2.0,5.0,,,,,,,,,,,,,,,,,,4.0,,,,,,,,,,,,2.0,1.0,3.0,#NULL!,#NULL!,#NULL!,#NULL!,1000,1500,#NULL!,#NULL!,1.0,,2.0,2.0,3.0,3.0,3.0,3.0,3.0,6.0,7.0,7.0,2.0,3.0,3.0,3.0,3.0,3.0,3.0,3.0,3.0,5.0,2.0,1.0,3.0,6.0,
7,5,4.0,17,E,1.0,,17,,FARMASI,2,2,2,2,3,4,4,3,3,3,3,3,3,1,,,,,0,0,,,,,2.0,1,,2.0,2.0,2.0,2.0,1.0,,,,,,,,,,,,,,,,,,,2.0,,,,,,,,,,,2.0,2.0,2.0,#NULL!,#NULL!,#NULL!,#NULL!,#NULL!,#NULL!,900,#NULL!,1.0,,2.0,6.0,3.0,3.0,3.0,3.0,5.0,6.0,6.0,7.0,3.0,2.0,2.0,3.0,3.0,2.0,2.0,3.0,3.0,2.0,2.0,1.0,3.0,5.0,
7,5,4.0,7,E,1.0,,7,,,2,2,2,2,3,4,4,3,3,3,3,3,3,1,,,,,0,0,,,,,2.0,1,,2.0,2.0,2.0,2.0,3.0,,,,,,,,,,,,,,,,,,,,,3.0,,,,,,,,,2.0,1.0,8.0,#NULL!,#NULL!,#NULL!,#NULL!,#NULL!,#NULL!,1000,1300,1.0,,2.0,6.0,3.0,3.0,3.0,3.0,6.0,6.0,7.0,7.0,3.0,2.0,2.0,3.0,3.0,2.0,2.0,3.0,3.0,9.0,2.0,1.0,3.0,5.0,
7,5,4.0,8,E,1.0,,8,,MENJUAL BASIKAL,2,2,2,2,3,4,4,3,3,3,3,3,3,1,,,,,0,0,,,,,2.0,1,,2.0,2.0,2.0,2.0,2.0,1.0,3.0,,,,,,,,,,,,,,,,2.0,,,,,,,,,,,,2.0,2.0,9.0,#NULL!,#NULL!,#NULL!,#NULL!,900,1200,#NULL!,#NULL!,1.0,,2.0,6.0,2.0,2.0,3.0,3.0,5.0,6.0,7.0,7.0,3.0,2.0,2.0,3.0,3.0,2.0,2.0,3.0,3.0,9.0,2.0,1.0,3.0,5.0,
8,5,4.0,17,I,1.0,,17,,PERKHIDMATAN FISIOTERAPI,2,2,2,1,1,2,2,2,1,2,2,2,2,1,,,,,0,0,,,,,2.0,1,,2.0,2.0,2.0,2.0,,2.0,,,,,,,,,,,,,,,1.0,,,,,,,,,,,,,,2.0,1.0,1.0,#NULL!,#NULL!,#NULL!,#NULL!,#NULL!,#NULL!,#NULL!,#NULL!,1.0,,2.0,3.0,3.0,2.0,3.0,3.0,1.0,6.0,1.0,2.0,1.0,1.0,1.0,1.0,1.0,1.0,1.0,1.0,2.0,2.0,2.0,1.0,3.0,3.0,
8,5,4.0,19,F,2.0,,9,PERNYATAKAN MAKANAN,MAKANAN,4,4,4,1,2,4,1,2,2,2,2,4,1,2,,1.0,,HAFEEZA MAJU,0,1,2.0,,4.0,3.0,1.0,1,,1.0,1.0,2.0,2.0,4.0,,,,,,,,,,,,,,,,,,,,,,,,4.0,0.0,4.0,,,,1.0,2.0,10.0,#NULL!,#NULL!,#NULL!,#NULL!,#NULL!,#NULL!,#NULL!,1500,1.0,,3.0,3.0,2.0,2.0,3.0,3.0,6.0,6.0,4.0,,1.0,2.0,3.0,2.0,2.0,5.0,1.0,1.0,1.0,7.0,2.0,1.0,3.0,5.0,
8,5,3.0,14,B,1.0,,10,PENGIKLANAN,PERCETAKAN PENGIKLANAN,2,2,2,2,2,1,1,1,1,1,1,3,2,2,1.0,1.0,1.0,,0,0,,,,,1.0,1,,1.0,1.0,2.0,1.0,4.0,6.0,10.0,,,,3.0,1.0,4.0,3.0,,,1.0,,,1.0,1.0,2.0,,4.0,,,,,,,,,,,2.0,1.0,1.0,1000,1500,#NULL!,#NULL!,800,1200,#NULL!,#NULL!,1.0,,3.0,1.0,1.0,1.0,2.0,1.0,1.0,5.0,1.0,2.0,2.0,2.0,1.0,2.0,1.0,1.0,1.0,1.0,1.0,5.0,2.0,1.0,3.0,3.0,
8,5,4.0,4,B,2.0,,4,,MINYAK KELAPA DARA,3,4,2,2,4,4,4,4,4,4,4,4,4,1,,,,,0,0,,,,,2.0,1,,2.0,2.0,2.0,2.0,1.0,,,,,,,,,,,,,,,,,,,,,,,,,,,,,,2.0,2.0,4.0,#NULL!,#NULL!,#NULL!,#NULL!,#NULL!,#NULL!,#NULL!,#NULL!,1.0,,3.0,3.0,2.0,2.0,3.0,3.0,1.0,1.0,7.0,7.0,2.0,2.0,2.0,2.0,2.0,2.0,2.0,2.0,2.0,8.0,2.0,1.0,3.0,6.0,
8,5,4.0,19,C,1.0,,4,MACHINE MAINTENANCE,MACHINE REPAIR,2,1,1,2,3,3,3,2,2,3,3,3,1,2,1.0,,,,0,0,,,,,2.0,3,2.0,1.0,2.0,2.0,2.0,2.0,1.0,3.0,,,,,,,,,,,,,,,,,,,,,,,,,,,,2.0,2.0,1.0,#NULL!,#NULL!,#NULL!,#NULL!,#NULL!,#NULL!,1500,2000,1.0,,3.0,3.0,2.0,2.0,3.0,3.0,6.0,6.0,1.0,1.0,3.0,2.0,2.0,3.0,3.0,2.0,2.0,3.0,2.0,7.0,2.0,1.0,3.0,3.0,
8,5,3.0,4,C,1.0,,4,,AUTOMOTIF,1,2,1,1,2,2,2,3,3,1,2,3,1,2,1.0,1.0,,,1,0,1.0,,,,1.0,3,1.0,1.0,1.0,1.0,2.0,35.0,21.0,56.0,,,,1.0,1.0,2.0,,,,6.0,4.0,10.0,1.0,1.0,2.0,3.0,,,6.0,4.0,10.0,,,,,,,3.0,1.0,1.0,1500,#NULL!,#NULL!,#NULL!,1200,#NULL!,1000,#NULL!,2.0,SIKAP BELIA SEKARANG (TIDAK KONSISTEN DAN TIDAK MATANG),1.0,1.0,2.0,2.0,1.0,1.0,1.0,5.0,1.0,2.0,2.0,3.0,2.0,2.0,2.0,1.0,3.0,3.0,3.0,1.0,2.0,1.0,3.0,3.0,
8,5,4.0,17,I,1.0,,17,,PERKHIDMATAN PERGIGIAN,2,2,2,3,3,2,2,3,3,3,3,3,3,2,1.0,,,,0,0,,,,,2.0,1,,2.0,2.0,2.0,2.0,,4.0,,,,,,,,,,,1.0,2.0,3.0,,,,,,,,,,,,,,,,1.0,2.0,8.0,#NULL!,#NULL!,#NULL!,#NULL!,#NULL!,#NULL!,1000,#NULL!,1.0,,1.0,1.0,1.0,1.0,1.0,1.0,6.0,6.0,2.0,2.0,3.0,4.0,3.0,3.0,3.0,3.0,3.0,3.0,3.0,6.0,2.0,3.0,1.0,1.0,
8,5,3.0,19,D,3.0,,2,REPAIR KAPAL IKAN,REPAIR KAPAL IKAN,2,2,2,3,1,1,1,1,3,2,1,2,1,2,,,,BELAJAR SAMBIL KERJA,0,0,,,,,2.0,3,1.0,1.0,2.0,2.0,2.0,5.0,2.0,7.0,,,,,,,,,,,,,,,,,,,,1.0,,6.0,,,,,,2.0,1.0,2.0,#NULL!,#NULL!,#NULL!,#NULL!,#NULL!,#NULL!,#NULL!,#NULL!,2.0,LOKASI JAUH TAK MAHU MARI,3.0,1.0,2.0,2.0,3.0,3.0,,,7.0,7.0,3.0,3.0,3.0,4.0,3.0,2.0,2.0,3.0,3.0,2.0,1.0,3.0,2.0,3.0,
8,5,4.0,18,F,1.0,,9,,CATERING SEKOLAH,1,1,1,2,3,3,3,2,3,3,3,3,1,2,1.0,,,,0,0,,,,,1.0,1,,2.0,2.0,2.0,2.0,,3.0,,,,,,,,,,,,,,,,,,,,,,,,,,,,,2.0,2.0,8.0,#NULL!,#NULL!,#NULL!,#NULL!,#NULL!,#NULL!,#NULL!,500,1.0,,2.0,3.0,3.0,3.0,3.0,3.0,6.0,6.0,2.0,2.0,3.0,3.0,2.0,3.0,3.0,2.0,2.0,2.0,2.0,9.0,1.0,2.0,3.0,3.0,
8,5,3.0,13,G,2.0,,13,,URUSAN PEMAJAKGADAIAN,3,3,3,3,4,4,4,3,3,3,3,4,4,1,,,,,0,0,,,,,2.0,1,,1.0,2.0,2.0,2.0,,,,,,,,,,,,,,,,,,,,,,,,,,,,,,,2.0,2.0,8.0,#NULL!,#NULL!,#NULL!,#NULL!,#NULL!,#NULL!,#NULL!,#NULL!,1.0,,2.0,2.0,3.0,3.0,3.0,3.0,6.0,6.0,7.0,7.0,2.0,2.0,2.0,2.0,2.0,2.0,2.0,2.0,2.0,9.0,1.0,2.0,3.0,1.0,
8,5,4.0,2,A,2.0,,2,,IKAN,4,4,4,2,3,4,2,2,4,4,4,4,4,1,,,,,0,0,,,,,2.0,1,,2.0,2.0,2.0,2.0,1.0,,,,,,,,,,,,,,,,,,,,,,,,,,,,,,2.0,2.0,9.0,#NULL!,#NULL!,#NULL!,#NULL!,#NULL!,#NULL!,#NULL!,#NULL!,1.0,,,1.0,,2.0,,3.0,,6.0,,2.0,5.0,3.0,2.0,2.0,5.0,2.0,2.0,3.0,2.0,9.0,1.0,2.0,3.0,5.0,
8,5,3.0,4,E,3.0,,4,,PAKAIAN DALAM,2,2,1,1,1,4,1,3,2,2,2,3,1,2,1.0,,,,0,0,,,,,1.0,2,3.0,1.0,1.0,1.0,2.0,13.0,47.0,60.0,,,,,,,2.0,5.0,7.0,3.0,12.0,15.0,,,,,,,5.0,17.0,22.0,,,,,,,3.0,1.0,1.0,1500,2000,2000,2500,1300,1800,1000,1000,2.0,BELIA KURANG BERMINAT UNTUK BEKERJA DALAM KILANG,2.0,1.0,3.0,3.0,3.0,3.0,1.0,6.0,1.0,2.0,3.0,3.0,3.0,3.0,2.0,3.0,4.0,2.0,3.0,2.0,1.0,2.0,3.0,8.0,
8,5,2.0,4,B,3.0,,4,,PROCESSING OIL PALM,1,1,1,2,1,2,1,2,2,1,2,2,3,2,1.0,1.0,,,0,0,,,,,1.0,2,2.0,1.0,1.0,1.0,1.0,227.0,18.0,245.0,,,,2.0,3.0,5.0,,,,,,,2.0,3.0,5.0,,,,105.0,,,128.0,,,4.0,,,1.0,1.0,1.0,2200,2500,1800,2200,1200,1500,1000,1200,1.0,,6.0,6.0,3.0,3.0,3.0,3.0,4.0,6.0,1.0,1.0,3.0,4.0,4.0,4.0,3.0,4.0,4.0,4.0,3.0,9.0,2.0,3.0,1.0,5.0,
8,5,3.0,4,C,1.0,,4,,PAGAR BESI (PEMBUATAN),4,3,1,4,4,4,4,2,4,4,4,4,1,1,,,,,0,0,,,,,2.0,1,,2.0,2.0,2.0,2.0,,,,,,,,,,,,,,,,,,,,,,,,,,,,,,,2.0,2.0,,#NULL!,#NULL!,#NULL!,#NULL!,#NULL!,#NULL!,#NULL!,#NULL!,1.0,,,6.0,,3.0,,3.0,,,7.0,7.0,2.0,2.0,2.0,2.0,2.0,2.0,2.0,2.0,2.0,9.0,1.0,2.0,3.0,1.0,
8,5,4.0,19,E,1.0,,13,PENGURUSAN PERNIAGAAN,PERKHIDMATAN AKAUN & CUKAI,3,3,3,3,3,3,3,3,3,3,3,4,4,2,1.0,,,,0,0,,,,,2.0,1,,1.0,2.0,2.0,2.0,2.0,,,,,,1.0,,,1.0,,,,,,,,,,,,,,,,,,,,,2.0,2.0,9.0,1500,#NULL!,#NULL!,#NULL!,1000,#NULL!,#NULL!,#NULL!,1.0,,2.0,,2.0,,3.0,,5.0,,1.0,,2.0,3.0,3.0,2.0,2.0,3.0,4.0,4.0,4.0,1.0,1.0,2.0,1.0,1.0,
8,5,4.0,8,E,1.0,,8,,REPAIR MOTOR,3,3,3,3,2,2,3,3,4,4,4,4,4,2,1.0,1.0,,,0,0,,,,,2.0,1,,1.0,1.0,2.0,2.0,4.0,,,,,,,,,,,,,,,,,,1.0,0.0,1.0,3.0,0.0,3.0,,,,,,,2.0,2.0,2.0,#NULL!,#NULL!,#NULL!,#NULL!,1000,2000,1000,2000,1.0,,2.0,3.0,2.0,2.0,3.0,3.0,5.0,6.0,2.0,2.0,3.0,3.0,2.0,3.0,3.0,2.0,2.0,3.0,2.0,7.0,3.0,2.0,1.0,7.0,
8,5,3.0,6,E,1.0,,6,,KEJURUTERAAN AWAM,4,3,2,2,2,2,3,2,2,2,2,3,2,1,,,,,0,0,,,,,2.0,1,,2.0,2.0,2.0,2.0,10.0,4.0,14.0,,,,,,,,,,,,,,,,,,,,,,,,,,,,2.0,2.0,9.0,#NULL!,#NULL!,#NULL!,#NULL!,#NULL!,#NULL!,1000,#NULL!,1.0,,2.0,2.0,3.0,3.0,3.0,3.0,6.0,6.0,2.0,2.0,2.0,2.0,2.0,2.0,3.0,2.0,2.0,3.0,2.0,7.0,1.0,2.0,3.0,6.0,
8,5,4.0,18,F,2.0,,9,,ROTI AND COFFEE,3,3,2,3,3,3,3,3,3,3,4,4,4,1,,,,,0,0,,,,,2.0,1,,2.0,2.0,2.0,2.0,1.0,2.0,3.0,,,,,,,,,,,,,,,,,,,,,,,,,,,,2.0,2.0,8.0,#NULL!,#NULL!,#NULL!,#NULL!,#NULL!,#NULL!,1000,#NULL!,1.0,,6.0,6.0,3.0,3.0,3.0,3.0,6.0,6.0,7.0,7.0,2.0,2.0,2.0,2.0,2.0,2.0,2.0,2.0,2.0,7.0,2.0,3.0,1.0,10.0,
8,5,3.0,4,D,2.0,,4,,SERVIS MESIN,3,3,2,3,3,3,3,3,3,3,3,3,3,1,,,,,0,0,,,,,2.0,1,,1.0,2.0,2.0,2.0,9.0,0.0,9.0,,,,,,,,,,,,,,,,,,,9.0,,,,,,,,,2.0,2.0,9.0,#NULL!,#NULL!,#NULL!,#NULL!,#NULL!,#NULL!,900,1600,1.0,,2.0,2.0,2.0,2.0,3.0,3.0,6.0,6.0,7.0,7.0,3.0,3.0,3.0,3.0,3.0,3.0,3.0,3.0,3.0,3.0,3.0,1.0,2.0,3.0,
8,5,4.0,14,B,1.0,,7,FESYEN,JAHITAN BAJU,3,3,2,3,3,3,3,3,3,4,4,4,4,2,1.0,,,,0,0,,,,,2.0,1,,1.0,2.0,2.0,2.0,,3.0,,,,,,,,,,,,,,,,,,1.0,,,2.0,,,,,,,,2.0,2.0,2.0,#NULL!,#NULL!,#NULL!,#NULL!,700,#NULL!,600,#NULL!,1.0,,1.0,1.0,1.0,1.0,3.0,3.0,5.0,6.0,7.0,7.0,,,,,,,,,,,1.0,2.0,3.0,,
8,5,4.0,17,I,3.0,,17,,KESIHATAN DAN PERUBATAN,2,1,1,3,2,4,4,3,2,2,3,3,1,1,,,,,0,0,,,,,2.0,1,,,,,,,2.0,,,,,,,,,,,,,,,,,,,,,,,,,,,,,2.0,2.0,9.0,#NULL!,#NULL!,#NULL!,#NULL!,#NULL!,#NULL!,1500,2000,1.0,,3.0,3.0,3.0,3.0,3.0,3.0,6.0,6.0,1.0,1.0,3.0,2.0,2.0,2.0,3.0,3.0,2.0,3.0,2.0,7.0,1.0,3.0,2.0,10.0,
8,5,3.0,8,E,1.0,,8,,RUNCIT,2,2,1,3,4,4,4,3,3,2,2,4,1,1,,,,,0,0,,,,,2.0,1,,2.0,2.0,2.0,2.0,,,,,,,,,,,,,,,,,,,,,,,,,,,,,,,,,,#NULL!,#NULL!,#NULL!,#NULL!,#NULL!,#NULL!,#NULL!,#NULL!,1.0,,2.0,2.0,3.0,3.0,3.0,3.0,,,7.0,7.0,,,,,,,,,,9.0,1.0,3.0,2.0,10.0,
8,5,3.0,18,F,1.0,,9,MAKANAN DAN MINUMAN,MINUMAN DAN BUAH-BUAHAN,2,2,1,3,4,4,4,1,4,4,4,3,1,1,,,,,0,0,,,,,2.0,1,,2.0,2.0,2.0,2.0,,,,,,,,,,,,,,,,,,,,,,,,,,,,,,,,,,#NULL!,#NULL!,#NULL!,#NULL!,#NULL!,#NULL!,#NULL!,#NULL!,1.0,,6.0,6.0,3.0,3.0,3.0,3.0,6.0,6.0,7.0,7.0,,,,,,,,,,9.0,3.0,1.0,2.0,10.0,
8,5,2.0,26,J,3.0,,1,,,4,4,4,4,4,4,4,4,4,4,4,4,4,2,1.0,1.0,1.0,,0,0,,,,,1.0,3,2.0,1.0,1.0,1.0,2.0,77.0,30.0,107.0,,,,,,,,,,,,,,,,,,,,,,,,,,,,1.0,1.0,1.0,2000,3000,#NULL!,#NULL!,1000,2000,1000,#NULL!,1.0,,3.0,2.0,3.0,3.0,3.0,3.0,3.0,6.0,2.0,2.0,3.0,3.0,2.0,2.0,3.0,2.0,2.0,3.0,2.0,7.0,3.0,1.0,2.0,10.0,
8,5,4.0,14,G,1.0,,14,GUAMAN,KES URUSAN HARTANAH,3,3,3,3,3,4,4,4,4,2,4,4,4,1,,,,,0,0,,,,,2.0,1,,2.0,2.0,2.0,2.0,2.0,2.0,4.0,,,,,1.0,,,,,,,,,1.0,,,,,,,,,,,,,,1.0,2.0,9.0,1000,2000,#NULL!,#NULL!,#NULL!,#NULL!,#NULL!,#NULL!,1.0,,6.0,6.0,3.0,3.0,3.0,3.0,1.0,6.0,2.0,2.0,1.0,2.0,2.0,2.0,2.0,3.0,3.0,3.0,2.0,9.0,2.0,3.0,1.0,6.0,
8,5,4.0,17,I,2.0,,17,,PERKHIDMATAN URUT,3,3,2,3,3,3,3,3,3,3,3,4,4,1,,,,,0,0,,,,,2.0,1,,2.0,2.0,2.0,2.0,2.0,,,,,,,,,,,,,,,,,,,,,,,,,,,,,,2.0,1.0,8.0,#NULL!,#NULL!,#NULL!,#NULL!,#NULL!,#NULL!,900,#NULL!,1.0,,6.0,6.0,3.0,3.0,3.0,3.0,5.0,6.0,2.0,7.0,2.0,2.0,2.0,1.0,2.0,2.0,2.0,2.0,2.0,9.0,2.0,3.0,1.0,6.0,
8,5,4.0,18,J,1.0,,18,,WEDDING PLANNER,3,3,3,3,3,3,3,3,3,3,3,3,3,1,,,,,0,0,,,,,2.0,1,,1.0,2.0,1.0,2.0,,2.0,,,,,,1.0,,,1.0,,,,,,,,,,,,,,,,,,,,2.0,2.0,1.0,#NULL!,#NULL!,#NULL!,#NULL!,1000,1500,#NULL!,#NULL!,1.0,,1.0,1.0,1.0,1.0,3.0,3.0,6.0,6.0,2.0,2.0,2.0,2.0,1.0,2.0,1.0,1.0,1.0,1.0,2.0,3.0,1.0,2.0,3.0,6.0,
8,5,3.0,4,E,1.0,,1,,PERNIAGAAN BUAH BUAHAN,3,3,1,2,2,3,3,2,3,2,2,3,3,2,1.0,,,,0,0,,,,,2.0,1,,1.0,2.0,2.0,2.0,,,,,,,,,,,,,,,,,,,,,,,,,,,,,,,2.0,2.0,9.0,1500,1500,1500,1500,1500,1500,1500,1500,1.0,,6.0,1.0,,2.0,,1.0,,,,,2.0,2.0,2.0,2.0,2.0,2.0,1.0,2.0,1.0,3.0,1.0,2.0,3.0,12.0,PEKERJAAN YANG BERSESUAIAN DEN
8,5,4.0,18,F,2.0,,9,,KEDAI MAKAN,3,3,2,2,3,3,3,3,3,3,4,4,4,1,,,,,0,0,,,,,2.0,1,,2.0,2.0,2.0,2.0,2.0,1.0,3.0,,,,,1.0,,,,,,,,1.0,,,,,,1.0,,,,,,,,,2.0,2.0,8.0,#NULL!,#NULL!,#NULL!,#NULL!,#NULL!,#NULL!,900,1000,1.0,,6.0,6.0,3.0,3.0,3.0,3.0,6.0,6.0,2.0,2.0,3.0,3.0,3.0,3.0,3.0,2.0,2.0,3.0,3.0,9.0,1.0,2.0,3.0,3.0,
8,5,4.0,4,E,2.0,,4,,PERUSAHAAN LABU HIASAN,3,3,2,3,3,3,3,2,3,3,3,4,4,1,,,,,0,0,,,,,2.0,1,,2.0,2.0,2.0,2.0,2.0,1.0,3.0,,,,,1.0,,,,,2.0,,,,,,,,,,,,,,,,,,2.0,2.0,2.0,#NULL!,#NULL!,#NULL!,#NULL!,#NULL!,#NULL!,900,1000,1.0,,6.0,6.0,1.0,2.0,3.0,3.0,5.0,6.0,1.0,2.0,3.0,2.0,3.0,2.0,2.0,3.0,3.0,2.0,2.0,8.0,3.0,1.0,2.0,3.0,
8,5,4.0,19,J,2.0,,17,KECANTIKAN,HAIR SALON,3,3,3,3,3,3,3,3,3,4,4,4,4,2,1.0,,,,0,0,,,,,2.0,1,,1.0,2.0,2.0,2.0,,3.0,,,,,,,,,,,,,,,,,,2.0,,,,,,,,,,,2.0,2.0,2.0,#NULL!,#NULL!,#NULL!,#NULL!,1400,2500,#NULL!,#NULL!,1.0,,2.0,2.0,1.0,1.0,3.0,3.0,5.0,5.0,7.0,7.0,3.0,3.0,3.0,3.0,3.0,3.0,3.0,3.0,3.0,8.0,2.0,1.0,3.0,4.0,
8,5,4.0,4,C,1.0,,4,,MEMBUAT KIMPALAN BESI DAN GRIL,3,3,1,2,3,3,2,1,4,4,4,4,4,2,,1.0,,,0,0,1.0,,5.0,5.0,1.0,1,,1.0,1.0,2.0,1.0,3.0,,,,,,,,,,,,,,,,,,,,,,,,,,,,,,2.0,1.0,9.0,#NULL!,#NULL!,#NULL!,#NULL!,900,900,#NULL!,#NULL!,1.0,,2.0,6.0,2.0,2.0,3.0,3.0,5.0,5.0,2.0,2.0,3.0,1.0,3.0,2.0,3.0,2.0,2.0,2.0,1.0,2.0,3.0,1.0,2.0,6.0,
8,5,3.0,6,E,1.0,,6,,PENGEDARAN BARANGAN HARDWARE,3,3,2,2,3,3,3,3,3,3,3,3,3,2,1.0,,,,0,0,,,,,2.0,1,,1.0,1.0,2.0,2.0,6.0,3.0,9.0,,,,3.0,2.0,5.0,,,,,,,,,,,,,,,,,,,,,,2.0,1.0,8.0,#NULL!,#NULL!,#NULL!,#NULL!,#NULL!,#NULL!,#NULL!,900,1.0,,6.0,6.0,3.0,3.0,3.0,3.0,5.0,5.0,2.0,7.0,2.0,2.0,2.0,2.0,2.0,2.0,2.0,2.0,2.0,9.0,2.0,3.0,1.0,5.0,
8,5,3.0,14,F,1.0,,17,,PERKHIDMATAN PEMBERSIHAN,3,3,2,2,3,3,3,3,3,3,3,4,4,1,,,,,0,0,,,,,2.0,1,,2.0,2.0,2.0,2.0,6.0,1.0,7.0,,,,,1.0,,,,,,,,,,,1.0,,,,5.0,,,,,,,,1.0,1.0,8.0,#NULL!,#NULL!,#NULL!,#NULL!,#NULL!,#NULL!,900,900,1.0,,6.0,6.0,3.0,3.0,3.0,3.0,5.0,6.0,7.0,7.0,3.0,3.0,3.0,1.0,2.0,2.0,1.0,2.0,1.0,9.0,1.0,2.0,3.0,5.0,
8,5,3.0,4,B,1.0,,4,,KILANG PAPAN,1,1,1,1,2,2,2,2,4,4,4,3,4,1,,,,,0,0,,,,,2.0,1,,1.0,2.0,2.0,2.0,17.0,3.0,20.0,,,,,,,,,,,,,,,,,,,,,,10.0,,,,,,1.0,1.0,1.0,#NULL!,#NULL!,#NULL!,#NULL!,1000,#NULL!,1000,#NULL!,2.0,BELIA TIDAK MAHU BEKERJA DITEMPAT KOTOR,6.0,6.0,1.0,2.0,3.0,3.0,3.0,6.0,1.0,2.0,4.0,3.0,3.0,3.0,4.0,3.0,2.0,2.0,2.0,9.0,3.0,1.0,2.0,10.0,
8,5,4.0,4,D,1.0,,4,,PEMBUATAN & PENJUALAN PERABOT,3,2,2,2,2,3,3,3,3,3,3,4,4,2,1.0,,,,0,0,,,,,2.0,1,,2.0,2.0,2.0,2.0,1.0,1.0,2.0,,,,,,,,,,1.0,0.0,1.0,,,,,,,,,,,,,,,,3.0,2.0,2.0,#NULL!,#NULL!,#NULL!,#NULL!,#NULL!,#NULL!,1000,1500,1.0,,2.0,2.0,3.0,2.0,3.0,3.0,1.0,5.0,1.0,2.0,2.0,2.0,2.0,2.0,2.0,3.0,3.0,3.0,3.0,1.0,3.0,1.0,2.0,3.0,
8,5,4.0,19,J,1.0,,17,SALON KECANTIKAN,HAIR CUT,3,2,2,3,3,3,3,3,3,4,3,4,4,2,1.0,,,,0,0,,,,,2.0,1,,1.0,2.0,2.0,1.0,0.0,3.0,3.0,,,,,,,,,,,,,,,,,,,0.0,3.0,3.0,,,,,,,3.0,1.0,2.0,#NULL!,#NULL!,#NULL!,#NULL!,#NULL!,#NULL!,900,2000,1.0,,2.0,2.0,1.0,1.0,3.0,3.0,5.0,5.0,2.0,2.0,3.0,3.0,2.0,2.0,2.0,2.0,2.0,2.0,2.0,7.0,3.0,1.0,2.0,3.0,
8,5,4.0,17,I,1.0,,17,,KLINIK KESIHATAN DAN SURGERI,3,2,2,2,3,3,3,3,3,3,3,3,3,1,,,,,0,0,,,,,2.0,1,,2.0,2.0,2.0,2.0,0.0,2.0,2.0,,,,0.0,1.0,1.0,,,,,,,,,,,,,,,,,,,,,,3.0,2.0,2.0,#NULL!,#NULL!,#NULL!,#NULL!,#NULL!,#NULL!,900,1100,1.0,,3.0,2.0,1.0,2.0,3.0,3.0,1.0,6.0,1.0,2.0,3.0,3.0,3.0,2.0,2.0,3.0,3.0,3.0,2.0,1.0,2.0,3.0,1.0,5.0,
8,5,4.0,4,A,1.0,,1,,PEMBEKAL ANAK POKOK,3,3,2,3,3,3,3,3,3,3,3,3,3,1,,,,,0,0,,,,,2.0,1,,2.0,1.0,1.0,2.0,1.0,0.0,1.0,,,,,,,,,,,,,,,,,,,,,,1.0,0.0,1.0,,,,3.0,1.0,8.0,#NULL!,#NULL!,#NULL!,#NULL!,#NULL!,#NULL!,1000,1200,1.0,,6.0,6.0,3.0,2.0,3.0,3.0,5.0,6.0,2.0,2.0,3.0,3.0,3.0,3.0,3.0,3.0,4.0,3.0,3.0,9.0,3.0,2.0,1.0,3.0,
8,5,4.0,4,E,2.0,,4,,PENJUAL PERABOT,2,2,2,2,3,3,3,4,4,4,4,4,4,1,,,,,0,0,,,,,2.0,1,,2.0,2.0,2.0,2.0,3.0,0.0,3.0,,,,,,,,,,,,,,,,1.0,0.0,1.0,1.0,0.0,1.0,,,,,,,3.0,2.0,2.0,#NULL!,#NULL!,#NULL!,#NULL!,1200,#NULL!,1000,#NULL!,1.0,,6.0,6.0,3.0,3.0,3.0,3.0,6.0,6.0,7.0,7.0,3.0,3.0,3.0,3.0,3.0,3.0,3.0,3.0,3.0,6.0,3.0,2.0,1.0,5.0,
8,5,4.0,19,E,3.0,,4,FORKLIT SPARE PARTS,,3,3,2,2,3,3,3,3,3,3,3,3,3,1,,,,,0,0,,,,,2.0,1,,2.0,2.0,2.0,2.0,1.0,1.0,2.0,,,,,,,,,,,,,,,,,,,1.0,0.0,1.0,,,,,,,2.0,2.0,2.0,#NULL!,#NULL!,#NULL!,#NULL!,#NULL!,#NULL!,1000,1200,1.0,,6.0,6.0,3.0,2.0,3.0,3.0,6.0,6.0,2.0,2.0,3.0,3.0,3.0,3.0,3.0,3.0,3.0,3.0,3.0,9.0,2.0,3.0,1.0,3.0,
8,5,3.0,19,D,1.0,,4,AUTOMOYIVE PARTS,AUTOMOTIVE PARTS,3,2,2,2,3,3,3,3,3,3,3,3,3,1,,,,,0,0,,,,,2.0,2,,2.0,2.0,2.0,2.0,3.0,3.0,6.0,,,,0.0,2.0,2.0,,,,1.0,0.0,1.0,,,,,,,,,,,,,,,,2.0,1.0,2.0,1200,1500,#NULL!,#NULL!,1000,1500,#NULL!,#NULL!,1.0,,6.0,2.0,1.0,2.0,3.0,3.0,1.0,6.0,1.0,2.0,3.0,2.0,2.0,2.0,2.0,3.0,2.0,3.0,2.0,7.0,3.0,2.0,1.0,3.0,
8,5,4.0,7,E,1.0,,7,,BARANG RUNCIT,3,2,1,2,3,3,2,2,3,3,3,3,4,1,,,,,0,0,,,,,2.0,1,,1.0,2.0,2.0,2.0,2.0,1.0,3.0,,,,,,,,,,,,,,,,0.0,1.0,1.0,,,,,,,,,,2.0,2.0,2.0,#NULL!,#NULL!,#NULL!,#NULL!,900,1200,#NULL!,#NULL!,1.0,,6.0,6.0,3.0,3.0,3.0,3.0,5.0,6.0,2.0,2.0,3.0,3.0,3.0,3.0,3.0,3.0,3.0,3.0,2.0,9.0,1.0,2.0,3.0,3.0,
8,5,4.0,4,A,1.0,,1,,TANAM SAYUR,3,3,2,3,3,3,2,3,3,3,3,3,3,1,,,,,0,0,,,,,2.0,1,,2.0,2.0,2.0,2.0,2.0,0.0,2.0,,,,,,,,,,,,,,,,,,,,,,,,,,,,3.0,2.0,9.0,#NULL!,#NULL!,#NULL!,#NULL!,#NULL!,#NULL!,900,1200,1.0,,6.0,6.0,2.0,2.0,3.0,3.0,5.0,6.0,2.0,2.0,3.0,3.0,3.0,3.0,3.0,3.0,3.0,3.0,2.0,9.0,3.0,1.0,2.0,5.0,
8,5,3.0,6,E,1.0,,6,,PAKAR BUMBUNG LOGAM,3,2,2,3,3,3,2,3,3,3,3,3,3,1,,,,,0,0,,,,,2.0,1,,2.0,2.0,2.0,2.0,5.0,1.0,6.0,,,,,,,,,,,,,,,,,,,2.0,0.0,2.0,,,,,,,2.0,1.0,2.0,#NULL!,#NULL!,#NULL!,#NULL!,#NULL!,#NULL!,1000,1500,1.0,,6.0,6.0,3.0,2.0,3.0,3.0,5.0,6.0,2.0,2.0,3.0,3.0,3.0,2.0,3.0,3.0,3.0,3.0,2.0,9.0,3.0,2.0,1.0,5.0,
8,5,3.0,19,E,2.0,,4,BELI JUAL MESIN BERAT,HEAVY MACHINERY,3,1,1,2,4,3,2,2,3,3,3,3,2,1,,,,,0,0,,,,,2.0,1,,2.0,2.0,2.0,2.0,4.0,1.0,5.0,,,,0.0,1.0,1.0,,,,,,,,,,,,,,,,1.0,0.0,1.0,,,,3.0,2.0,2.0,#NULL!,#NULL!,#NULL!,#NULL!,#NULL!,#NULL!,1000,1500,1.0,,2.0,2.0,2.0,2.0,3.0,3.0,1.0,6.0,2.0,2.0,2.0,2.0,2.0,2.0,2.0,3.0,2.0,3.0,2.0,6.0,3.0,2.0,1.0,3.0,
8,5,3.0,4,B,3.0,,4,,"GENERAL PRINTS, STICKER LABEL",3,3,1,2,2,2,2,2,3,3,3,3,3,2,1.0,1.0,,,0,0,,,,,1.0,3,1.0,1.0,1.0,1.0,1.0,8.0,10.0,18.0,,,,,,,0.0,1.0,1.0,,,,,,,0.0,4.0,4.0,1.0,1.0,2.0,,,,,,,1.0,1.0,1.0,1000,#NULL!,#NULL!,#NULL!,1500,#NULL!,1000,#NULL!,1.0,,1.0,1.0,3.0,3.0,3.0,3.0,1.0,6.0,6.0,6.0,3.0,3.0,3.0,3.0,3.0,3.0,3.0,3.0,3.0,2.0,2.0,1.0,3.0,5.0,
8,5,4.0,17,B,1.0,,17,,PRODUK HERBA,3,2,2,3,3,3,2,2,3,3,3,3,2,1,,,,,0,0,,,,,2.0,1,,2.0,2.0,2.0,2.0,0.0,2.0,2.0,,,,,,,,,,,,,,,,,,,0.0,1.0,1.0,,,,,,,2.0,2.0,2.0,#NULL!,#NULL!,#NULL!,#NULL!,#NULL!,#NULL!,900,1100,1.0,,6.0,2.0,3.0,1.0,3.0,3.0,6.0,6.0,2.0,2.0,2.0,2.0,1.0,2.0,2.0,2.0,1.0,2.0,1.0,3.0,1.0,2.0,3.0,7.0,
8,5,3.0,4,C,1.0,,4,,MEMBUAT MEMASANG CERMIN ALUMI,2,1,1,1,3,3,1,4,3,2,3,3,1,2,1.0,,,,0,0,,,,,2.0,1,,2.0,2.0,2.0,2.0,10.0,1.0,11.0,,,,,,,,,,7.0,0.0,7.0,,,,,,,,,,,,,,,,2.0,2.0,2.0,#NULL!,#NULL!,#NULL!,#NULL!,#NULL!,#NULL!,1200,2860,1.0,,6.0,3.0,3.0,2.0,3.0,3.0,6.0,6.0,7.0,7.0,2.0,2.0,2.0,2.0,3.0,2.0,2.0,2.0,2.0,6.0,2.0,1.0,3.0,5.0,
8,5,4.0,19,J,1.0,,19,DOBI,LAUNDRY,3,3,3,2,3,3,3,2,3,3,2,3,3,1,,,,,0,0,,,,,2.0,1,,2.0,2.0,2.0,2.0,1.0,0.0,1.0,,,,,,,,,,,,,,,,1.0,0.0,1.0,,,,,,,,,,2.0,1.0,2.0,#NULL!,#NULL!,#NULL!,#NULL!,#NULL!,#NULL!,1200,1300,1.0,,6.0,6.0,3.0,3.0,3.0,3.0,6.0,6.0,7.0,7.0,3.0,2.0,2.0,3.0,3.0,3.0,3.0,3.0,1.0,2.0,3.0,1.0,2.0,7.0,
8,5,4.0,4,E,2.0,,4,,PATERI EMAS,3,2,2,2,3,3,3,4,3,4,4,4,2,1,,,,,0,0,,,,,2.0,1,,2.0,2.0,2.0,2.0,1.0,,,,,,,,,,,,,,,,,,,,,1.0,,,,,,,,,2.0,2.0,9.0,#NULL!,#NULL!,#NULL!,#NULL!,#NULL!,#NULL!,1000,3000,1.0,,6.0,,2.0,,2.0,,6.0,6.0,4.0,4.0,2.0,1.0,1.0,2.0,2.0,1.0,1.0,1.0,1.0,2.0,2.0,1.0,3.0,3.0,
8,5,3.0,7,E,1.0,,7,,KEDAI RUNCIT,3,2,2,2,3,2,2,4,3,4,4,3,2,1,,,,,0,0,,,,,2.0,1,,2.0,2.0,2.0,2.0,4.0,1.0,5.0,,,,,,,,,,,,,,,,,,,,,,,,,,,,2.0,2.0,8.0,#NULL!,#NULL!,#NULL!,#NULL!,#NULL!,#NULL!,700,1200,1.0,,3.0,3.0,3.0,2.0,3.0,3.0,6.0,6.0,3.0,3.0,3.0,2.0,2.0,2.0,3.0,2.0,2.0,2.0,2.0,6.0,1.0,2.0,3.0,5.0,
8,5,3.0,7,E,1.0,,7,,PAKAIAN,1,1,1,2,3,3,2,2,3,3,3,3,1,1,,,,,0,0,,,,,2.0,1,,2.0,2.0,2.0,2.0,4.0,3.0,7.0,,,,,1.0,,,,,,,,,,,,,,2.0,,,,,,,,,2.0,1.0,2.0,#NULL!,#NULL!,#NULL!,#NULL!,#NULL!,#NULL!,750,1200,1.0,,3.0,3.0,3.0,3.0,3.0,3.0,6.0,6.0,4.0,4.0,2.0,2.0,1.0,2.0,2.0,1.0,1.0,2.0,1.0,3.0,1.0,3.0,2.0,3.0,
8,5,3.0,19,I,11.0,TEMPLE,19,AGAMA,SEMBAHYANG,4,4,4,4,4,4,4,2,2,4,4,4,4,1,,,,,0,0,,,,,2.0,1,,2.0,2.0,2.0,2.0,8.0,2.0,10.0,,,,,,,,,,,,,,,,,,,,,,,,,,,,2.0,2.0,8.0,#NULL!,#NULL!,#NULL!,#NULL!,#NULL!,#NULL!,#NULL!,#NULL!,1.0,,6.0,6.0,3.0,3.0,3.0,3.0,6.0,6.0,4.0,4.0,2.0,2.0,2.0,2.0,3.0,1.0,1.0,3.0,1.0,7.0,1.0,3.0,2.0,1.0,
8,5,4.0,13,E,1.0,,13,,INSURANS,3,3,2,2,3,3,2,2,3,2,3,3,2,1,,,,,0,0,,,,,2.0,1,,2.0,2.0,2.0,2.0,2.0,1.0,3.0,,,,,,,,,,,,,2.0,1.0,3.0,,,,,,,,,,,,,1.0,1.0,,1800,2200,#NULL!,#NULL!,#NULL!,#NULL!,1000,1200,1.0,,2.0,1.0,2.0,2.0,2.0,1.0,4.0,4.0,2.0,2.0,1.0,2.0,2.0,2.0,2.0,2.0,2.0,2.0,2.0,1.0,2.0,1.0,3.0,1.0,
8,5,3.0,3,E,2.0,,3,,MINYAK,2,2,2,2,3,2,3,3,3,3,3,3,3,1,,,,,0,0,,,,,1.0,1,,2.0,2.0,2.0,2.0,5.0,8.0,13.0,,,,,3.0,,,,,,,,1.0,3.0,4.0,,,,2.0,3.0,5.0,,,,,,,1.0,1.0,1.0,#NULL!,#NULL!,#NULL!,#NULL!,#NULL!,#NULL!,900,1500,1.0,,2.0,2.0,3.0,3.0,3.0,3.0,1.0,6.0,2.0,2.0,2.0,2.0,2.0,2.0,2.0,2.0,2.0,2.0,2.0,7.0,1.0,2.0,3.0,6.0,
8,5,3.0,7,E,1.0,,7,,BARANG RUNCIT,1,1,2,2,2,2,2,2,2,2,2,2,2,1,,,,,0,0,,,,,2.0,1,,2.0,2.0,2.0,2.0,3.0,2.0,5.0,,,,,,,,,,,,,1.0,,,,,,2.0,1.0,3.0,,,,,,,1.0,2.0,1.0,#NULL!,#NULL!,#NULL!,#NULL!,#NULL!,#NULL!,900,1400,1.0,,2.0,1.0,2.0,2.0,1.0,2.0,2.0,6.0,6.0,6.0,1.0,1.0,1.0,1.0,1.0,1.0,1.0,1.0,1.0,6.0,1.0,2.0,3.0,1.0,
8,5,4.0,7,E,1.0,,7,,PAKAIAN,1,1,1,1,3,4,3,3,4,3,3,3,4,1,,,,,0,0,,,,,2.0,1,,2.0,2.0,2.0,2.0,0.0,4.0,4.0,,,,,,,,,,1.0,2.0,3.0,,,,,,,,2.0,,,,,,,,1.0,1.0,2.0,#NULL!,#NULL!,#NULL!,#NULL!,#NULL!,#NULL!,900,1200,1.0,,2.0,2.0,1.0,2.0,1.0,1.0,5.0,2.0,2.0,2.0,2.0,2.0,2.0,2.0,2.0,2.0,2.0,2.0,2.0,9.0,1.0,2.0,3.0,1.0,
8,5,4.0,7,E,2.0,,7,,TUDUNG DAN PAKAIAN WANITA,2,2,2,1,1,1,2,2,3,3,2,2,2,2,,,,,0,0,,,,,2.0,1,,2.0,2.0,2.0,2.0,2.0,1.0,3.0,,,,,,,,,,,,,,,,,,,,,,,,,,,,1.0,1.0,8.0,#NULL!,#NULL!,#NULL!,#NULL!,#NULL!,#NULL!,1000,1500,1.0,,3.0,3.0,,2.0,,3.0,,6.0,,2.0,3.0,3.0,2.0,2.0,3.0,2.0,2.0,3.0,3.0,2.0,1.0,3.0,2.0,2.0,
8,5,3.0,16,E,1.0,,16,,CETAKAN,3,3,3,3,3,3,3,3,3,3,3,3,3,1,,,,,0,0,,,,,2.0,1,,2.0,2.0,2.0,2.0,1.0,2.0,3.0,,,,,,,,,,,,,,1.0,,,,,1.0,3.0,4.0,,,,,,,1.0,1.0,8.0,#NULL!,#NULL!,#NULL!,#NULL!,#NULL!,#NULL!,900,1500,1.0,,1.0,1.0,1.0,1.0,1.0,1.0,6.0,6.0,2.0,2.0,2.0,2.0,2.0,2.0,2.0,2.0,2.0,2.0,2.0,5.0,1.0,3.0,2.0,1.0,
8,5,4.0,4,E,1.0,,4,,MEMBUAT KEK DAN ROTI,2,3,4,2,3,2,3,3,3,4,3,4,2,2,,,,,0,0,,,,,1.0,3,2.0,1.0,2.0,2.0,2.0,1.0,3.0,4.0,,,,,,,,,,,,,1.0,,,,,,1.0,,,,,,,,,1.0,1.0,1.0,#NULL!,#NULL!,#NULL!,#NULL!,#NULL!,#NULL!,900,1400,1.0,,3.0,1.0,3.0,3.0,3.0,3.0,1.0,5.0,7.0,7.0,2.0,2.0,2.0,2.0,2.0,2.0,2.0,2.0,2.0,2.0,3.0,1.0,2.0,1.0,
8,5,3.0,7,E,6.0,,7,,MINI MARKET,2,2,2,2,4,4,4,4,1,3,3,3,3,1,,,,,0,0,,,,,2.0,1,,2.0,2.0,2.0,2.0,4.0,3.0,7.0,,,,,,,,,,,,,2.0,,,,,,1.0,3.0,4.0,,,,,,,1.0,1.0,1.0,#NULL!,#NULL!,#NULL!,#NULL!,#NULL!,#NULL!,1200,1700,1.0,,3.0,1.0,1.0,1.0,1.0,2.0,1.0,5.0,5.0,2.0,2.0,3.0,3.0,3.0,3.0,3.0,3.0,3.0,3.0,6.0,2.0,1.0,3.0,1.0,
8,5,4.0,7,E,1.0,,7,,SEJUK BEKU,3,3,1,2,3,3,3,3,3,4,4,3,3,1,,,,,0,0,,,,,2.0,1,,2.0,2.0,2.0,2.0,1.0,2.0,3.0,,,,,,,,,,,,,,,,,,,,6.0,,,,,,,,1.0,1.0,2.0,#NULL!,#NULL!,#NULL!,#NULL!,#NULL!,#NULL!,900,1200,1.0,,1.0,1.0,1.0,1.0,2.0,1.0,5.0,6.0,2.0,2.0,3.0,3.0,3.0,3.0,3.0,3.0,3.0,3.0,3.0,6.0,1.0,3.0,2.0,1.0,
8,5,4.0,16,E,1.0,,16,,PENUALAN BUKU,3,2,2,2,4,4,4,2,3,3,3,3,4,1,,,,,0,0,,,,,2.0,3,1.0,1.0,2.0,1.0,2.0,1.0,3.0,4.0,,,,,,,,,,,,,,1.0,,,,,,1.0,,,,,,,,1.0,1.0,1.0,1200,1800,#NULL!,#NULL!,#NULL!,#NULL!,900,1200,1.0,,2.0,1.0,2.0,2.0,1.0,1.0,4.0,6.0,2.0,2.0,3.0,3.0,3.0,3.0,3.0,3.0,3.0,3.0,3.0,7.0,2.0,3.0,1.0,6.0,
8,5,3.0,4,E,1.0,,4,,LABU SAYONG,2,2,2,2,2,2,3,2,2,4,4,4,4,1,,,,,0,0,,,,,2.0,2,2.0,2.0,2.0,2.0,2.0,7.0,0.0,7.0,0.0,0.0,0.0,0.0,0.0,0.0,0.0,0.0,0.0,0.0,0.0,0.0,0.0,0.0,0.0,0.0,0.0,0.0,0.0,0.0,0.0,0.0,0.0,0.0,0.0,0.0,0.0,1.0,1.0,2.0,#NULL!,#NULL!,#NULL!,#NULL!,#NULL!,#NULL!,1000,1200,1.0,,6.0,6.0,3.0,3.0,3.0,3.0,6.0,6.0,7.0,7.0,3.0,3.0,3.0,3.0,3.0,3.0,3.0,3.0,3.0,9.0,2.0,1.0,3.0,1.0,
8,5,4.0,4,E,1.0,,4,,LABU SAYONG,2,2,2,2,2,2,3,2,2,4,4,4,4,1,,,,,0,0,,,,,2.0,2,2.0,2.0,2.0,2.0,2.0,4.0,0.0,4.0,0.0,0.0,0.0,0.0,0.0,0.0,0.0,0.0,0.0,0.0,0.0,0.0,0.0,0.0,0.0,0.0,0.0,0.0,0.0,0.0,0.0,0.0,0.0,0.0,0.0,0.0,0.0,1.0,1.0,2.0,#NULL!,#NULL!,#NULL!,#NULL!,#NULL!,#NULL!,800,900,1.0,,6.0,6.0,3.0,3.0,3.0,3.0,6.0,6.0,7.0,7.0,3.0,3.0,3.0,3.0,3.0,3.0,3.0,3.0,3.0,9.0,2.0,1.0,3.0,1.0,
8,5,4.0,14,B,1.0,,7,KEDAI KASUT,KASUT,2,2,2,2,2,2,2,2,2,2,2,2,2,1,,,,,0,0,,,,,1.0,2,2.0,2.0,2.0,2.0,2.0,0.0,4.0,4.0,0.0,4.0,4.0,0.0,0.0,0.0,0.0,0.0,0.0,0.0,0.0,0.0,0.0,0.0,0.0,0.0,0.0,0.0,0.0,4.0,4.0,0.0,0.0,0.0,0.0,0.0,0.0,1.0,1.0,2.0,#NULL!,#NULL!,#NULL!,#NULL!,#NULL!,#NULL!,800,900,1.0,,6.0,6.0,3.0,3.0,3.0,3.0,6.0,6.0,7.0,7.0,3.0,3.0,3.0,3.0,3.0,3.0,3.0,3.0,3.0,9.0,3.0,2.0,1.0,5.0,
8,5,4.0,14,E,1.0,,7,BABY STORE,BABY STORE,2,2,2,2,2,2,2,2,2,4,4,4,4,1,,,,,0,0,,,,,1.0,2,2.0,2.0,2.0,2.0,2.0,0.0,2.0,2.0,0.0,2.0,2.0,0.0,0.0,0.0,0.0,0.0,0.0,0.0,0.0,0.0,0.0,0.0,0.0,0.0,0.0,0.0,0.0,2.0,2.0,0.0,0.0,0.0,0.0,0.0,0.0,1.0,1.0,2.0,#NULL!,#NULL!,#NULL!,#NULL!,#NULL!,#NULL!,800,900,1.0,,6.0,6.0,3.0,3.0,3.0,3.0,6.0,6.0,7.0,7.0,3.0,3.0,3.0,3.0,3.0,3.0,3.0,3.0,3.0,9.0,3.0,2.0,1.0,3.0,
8,5,4.0,7,E,1.0,,7,,KEDAI RUNCIT,2,2,2,2,2,2,2,2,2,4,4,4,4,1,,,,,0,0,,,,,1.0,2,2.0,2.0,2.0,2.0,2.0,0.0,2.0,2.0,0.0,2.0,2.0,0.0,0.0,0.0,0.0,0.0,0.0,0.0,0.0,0.0,0.0,0.0,0.0,0.0,0.0,0.0,0.0,2.0,2.0,0.0,0.0,0.0,0.0,0.0,0.0,1.0,1.0,2.0,#NULL!,#NULL!,#NULL!,#NULL!,#NULL!,#NULL!,800,900,1.0,,6.0,6.0,3.0,3.0,3.0,3.0,6.0,6.0,7.0,7.0,3.0,3.0,3.0,3.0,3.0,3.0,3.0,3.0,3.0,9.0,3.0,2.0,1.0,3.0,
8,5,4.0,7,E,1.0,,7,,KEDAI RUNCIT,2,2,2,2,2,2,2,2,2,4,4,4,4,1,,,,,0,0,,,,,1.0,2,2.0,2.0,2.0,2.0,2.0,0.0,3.0,3.0,0.0,3.0,3.0,0.0,0.0,0.0,0.0,0.0,0.0,0.0,0.0,0.0,0.0,0.0,0.0,0.0,0.0,0.0,0.0,3.0,3.0,0.0,0.0,0.0,0.0,0.0,0.0,1.0,1.0,1.0,#NULL!,#NULL!,#NULL!,#NULL!,#NULL!,#NULL!,900,950,1.0,,6.0,6.0,3.0,3.0,3.0,3.0,6.0,6.0,7.0,7.0,3.0,3.0,3.0,3.0,3.0,3.0,3.0,3.0,3.0,9.0,3.0,2.0,1.0,1.0,
8,5,4.0,14,E,1.0,,7,KEDAI KASUT,KEDAI KASUT,2,2,2,2,2,2,2,2,2,4,4,4,4,1,,,,,0,0,,,,,1.0,2,2.0,2.0,2.0,2.0,2.0,0.0,4.0,4.0,0.0,4.0,4.0,0.0,0.0,0.0,0.0,0.0,0.0,0.0,0.0,0.0,0.0,0.0,0.0,0.0,0.0,0.0,0.0,4.0,4.0,0.0,0.0,0.0,0.0,0.0,0.0,1.0,1.0,1.0,#NULL!,#NULL!,#NULL!,#NULL!,#NULL!,#NULL!,900,950,1.0,,6.0,6.0,3.0,3.0,3.0,3.0,6.0,6.0,7.0,7.0,3.0,3.0,3.0,3.0,3.0,3.0,3.0,3.0,3.0,9.0,3.0,2.0,1.0,3.0,
8,5,4.0,14,E,1.0,,7,KEDAI KASUT,KEDAI KASUT,2,2,2,2,3,2,3,2,2,4,4,4,4,1,,,,,0,0,,,,,1.0,2,2.0,2.0,2.0,2.0,2.0,0.0,3.0,3.0,0.0,3.0,3.0,0.0,0.0,0.0,0.0,0.0,0.0,0.0,0.0,0.0,0.0,0.0,0.0,0.0,0.0,0.0,0.0,3.0,3.0,0.0,0.0,0.0,0.0,0.0,0.0,1.0,1.0,2.0,#NULL!,#NULL!,#NULL!,#NULL!,#NULL!,#NULL!,800,900,1.0,,6.0,6.0,3.0,3.0,3.0,3.0,6.0,6.0,7.0,7.0,3.0,3.0,3.0,3.0,3.0,3.0,3.0,3.0,3.0,9.0,3.0,2.0,1.0,3.0,
8,5,3.0,4,E,1.0,,4,,PERABOT,2,2,2,2,2,2,3,2,2,4,4,4,4,1,,,,,0,0,,,,,1.0,2,2.0,2.0,2.0,2.0,2.0,10.0,0.0,10.0,10.0,0.0,10.0,0.0,0.0,0.0,0.0,0.0,0.0,0.0,0.0,0.0,0.0,0.0,0.0,0.0,0.0,0.0,10.0,0.0,10.0,0.0,0.0,0.0,0.0,0.0,0.0,1.0,1.0,1.0,#NULL!,#NULL!,#NULL!,#NULL!,#NULL!,#NULL!,1000,1300,1.0,,6.0,6.0,3.0,3.0,3.0,3.0,6.0,6.0,7.0,7.0,3.0,3.0,3.0,3.0,3.0,3.0,3.0,3.0,3.0,2.0,3.0,1.0,2.0,3.0,
8,5,3.0,4,E,1.0,,4,,PERABOT,2,2,2,2,2,2,3,2,2,4,4,4,4,1,,,,,0,0,,,,,1.0,2,2.0,2.0,2.0,2.0,2.0,10.0,0.0,10.0,10.0,0.0,10.0,0.0,0.0,0.0,0.0,0.0,0.0,0.0,0.0,0.0,0.0,0.0,0.0,0.0,0.0,0.0,10.0,0.0,10.0,0.0,0.0,0.0,0.0,0.0,0.0,1.0,1.0,2.0,#NULL!,#NULL!,#NULL!,#NULL!,#NULL!,#NULL!,1000,1300,1.0,,6.0,6.0,3.0,3.0,3.0,3.0,6.0,6.0,7.0,7.0,3.0,3.0,3.0,3.0,3.0,3.0,3.0,3.0,3.0,2.0,3.0,1.0,2.0,3.0,
8,5,3.0,18,F,1.0,,9,,KEDAI MAKAN,2,2,2,2,2,2,3,2,2,4,4,4,4,1,,,,,0,0,,,,,1.0,2,2.0,2.0,2.0,2.0,2.0,2.0,3.0,5.0,0.0,3.0,3.0,0.0,0.0,0.0,0.0,0.0,0.0,0.0,0.0,0.0,0.0,0.0,0.0,0.0,0.0,0.0,0.0,3.0,3.0,0.0,0.0,0.0,0.0,0.0,0.0,1.0,1.0,2.0,#NULL!,#NULL!,#NULL!,#NULL!,#NULL!,#NULL!,800,950,1.0,,6.0,6.0,3.0,3.0,3.0,3.0,6.0,6.0,7.0,7.0,3.0,3.0,3.0,3.0,3.0,3.0,3.0,3.0,3.0,9.0,1.0,2.0,3.0,3.0,
8,5,3.0,7,E,1.0,,7,,KEDAI RUNCIT,2,2,2,3,3,3,2,2,4,4,4,4,4,1,,,,,0,0,,,,,1.0,2,2.0,2.0,2.0,2.0,2.0,2.0,5.0,7.0,2.0,5.0,7.0,0.0,0.0,0.0,0.0,0.0,0.0,0.0,0.0,0.0,0.0,0.0,0.0,0.0,0.0,0.0,2.0,5.0,7.0,0.0,0.0,0.0,0.0,0.0,0.0,1.0,1.0,2.0,#NULL!,#NULL!,#NULL!,#NULL!,#NULL!,#NULL!,700,800,1.0,,6.0,6.0,3.0,3.0,3.0,3.0,6.0,6.0,7.0,7.0,3.0,3.0,3.0,3.0,3.0,3.0,3.0,3.0,3.0,9.0,3.0,2.0,1.0,3.0,
8,5,3.0,7,E,1.0,,7,,RUNCIT DAN BORONG,2,2,2,2,3,3,3,2,2,4,4,4,4,1,,,,,0,0,,,,,1.0,2,2.0,2.0,2.0,2.0,2.0,10.0,20.0,30.0,10.0,20.0,30.0,0.0,0.0,0.0,0.0,0.0,0.0,0.0,0.0,0.0,0.0,0.0,0.0,0.0,0.0,0.0,10.0,20.0,30.0,0.0,0.0,0.0,0.0,0.0,0.0,1.0,1.0,2.0,#NULL!,#NULL!,#NULL!,#NULL!,#NULL!,#NULL!,800,900,1.0,,6.0,6.0,3.0,3.0,3.0,3.0,6.0,6.0,7.0,7.0,3.0,3.0,3.0,3.0,3.0,3.0,3.0,3.0,3.0,7.0,3.0,2.0,1.0,3.0,
8,5,4.0,7,E,1.0,,7,,KEDAI RUNCIT,2,2,2,2,3,3,3,2,2,4,4,4,4,1,,,,,0,0,,,,,2.0,2,2.0,2.0,2.0,2.0,2.0,0.0,2.0,2.0,0.0,2.0,2.0,0.0,0.0,0.0,0.0,0.0,0.0,0.0,0.0,0.0,0.0,0.0,0.0,0.0,0.0,0.0,0.0,2.0,2.0,0.0,0.0,0.0,0.0,0.0,0.0,1.0,1.0,2.0,#NULL!,#NULL!,#NULL!,#NULL!,#NULL!,#NULL!,#NULL!,900,1.0,,6.0,6.0,3.0,3.0,3.0,3.0,6.0,6.0,7.0,7.0,3.0,3.0,3.0,3.0,3.0,3.0,3.0,3.0,3.0,7.0,3.0,2.0,1.0,5.0,
8,5,4.0,7,E,1.0,,7,,KEDAI RUNCIT,2,2,2,2,3,3,3,2,2,4,4,4,4,1,,,,,0,0,,,,,2.0,2,2.0,2.0,2.0,2.0,2.0,0.0,2.0,2.0,0.0,2.0,2.0,0.0,0.0,0.0,0.0,0.0,0.0,0.0,0.0,0.0,0.0,0.0,0.0,0.0,0.0,0.0,0.0,2.0,2.0,0.0,0.0,0.0,0.0,0.0,0.0,1.0,1.0,2.0,#NULL!,#NULL!,#NULL!,#NULL!,#NULL!,#NULL!,800,900,1.0,,6.0,6.0,3.0,3.0,3.0,3.0,6.0,6.0,7.0,7.0,3.0,3.0,3.0,3.0,3.0,3.0,3.0,3.0,3.0,9.0,3.0,2.0,1.0,5.0,
8,5,4.0,7,E,1.0,,7,,KEDAI RUNCIT,2,2,2,2,3,3,3,2,2,4,4,4,4,1,,,,,0,0,,,,,2.0,2,2.0,2.0,2.0,2.0,2.0,0.0,1.0,1.0,0.0,1.0,1.0,0.0,0.0,0.0,0.0,0.0,0.0,0.0,0.0,0.0,0.0,0.0,0.0,0.0,0.0,0.0,0.0,1.0,1.0,0.0,0.0,0.0,0.0,0.0,0.0,1.0,1.0,2.0,#NULL!,#NULL!,#NULL!,#NULL!,#NULL!,#NULL!,800,900,1.0,,6.0,6.0,3.0,3.0,3.0,3.0,6.0,6.0,7.0,7.0,3.0,3.0,3.0,3.0,3.0,3.0,3.0,3.0,3.0,9.0,3.0,2.0,1.0,3.0,
8,5,4.0,14,E,1.0,,7,KEDAI KASUT,KEDAI KASUT,2,2,2,2,3,3,3,2,2,4,4,4,4,1,,,,,0,0,,,,,2.0,2,2.0,2.0,2.0,2.0,2.0,2.0,1.0,3.0,1.0,1.0,2.0,0.0,0.0,0.0,0.0,0.0,0.0,0.0,0.0,0.0,0.0,0.0,0.0,1.0,1.0,2.0,0.0,0.0,0.0,0.0,0.0,0.0,0.0,0.0,0.0,1.0,1.0,2.0,#NULL!,#NULL!,#NULL!,#NULL!,#NULL!,#NULL!,500,700,1.0,,6.0,6.0,3.0,3.0,3.0,3.0,6.0,6.0,7.0,7.0,3.0,3.0,3.0,3.0,3.0,3.0,3.0,3.0,3.0,7.0,3.0,2.0,1.0,1.0,
8,5,3.0,16,E,1.0,,16,,KEDAI BUKU,2,2,2,2,3,3,3,2,2,4,4,4,4,1,,,,,0,0,,,,,2.0,2,2.0,2.0,2.0,2.0,2.0,3.0,2.0,5.0,3.0,2.0,5.0,0.0,0.0,0.0,0.0,0.0,0.0,0.0,0.0,0.0,0.0,0.0,0.0,0.0,0.0,0.0,3.0,2.0,5.0,0.0,0.0,0.0,0.0,0.0,0.0,1.0,1.0,2.0,#NULL!,#NULL!,#NULL!,#NULL!,#NULL!,#NULL!,800,900,1.0,,6.0,6.0,3.0,3.0,3.0,3.0,6.0,6.0,7.0,7.0,3.0,3.0,3.0,3.0,3.0,3.0,3.0,3.0,3.0,7.0,3.0,2.0,1.0,3.0,
8,5,3.0,16,E,1.0,,16,,KEDAI BUKU,2,2,2,2,3,3,3,2,2,4,4,4,4,1,,,,,0,0,,,,,1.0,2,2.0,2.0,2.0,2.0,2.0,3.0,4.0,7.0,3.0,4.0,7.0,0.0,0.0,0.0,0.0,0.0,0.0,0.0,0.0,0.0,0.0,0.0,0.0,0.0,0.0,0.0,3.0,4.0,7.0,0.0,0.0,0.0,0.0,0.0,0.0,1.0,1.0,1.0,#NULL!,#NULL!,#NULL!,#NULL!,#NULL!,#NULL!,900,950,1.0,,6.0,6.0,3.0,3.0,3.0,3.0,6.0,6.0,7.0,7.0,3.0,3.0,3.0,3.0,3.0,3.0,3.0,3.0,3.0,9.0,3.0,2.0,1.0,5.0,
8,5,3.0,18,F,1.0,,9,,KEDAI MAKAN,2,2,2,2,2,2,2,2,2,4,4,4,4,1,,,,,0,0,,,,,1.0,2,2.0,2.0,2.0,2.0,2.0,5.0,2.0,7.0,5.0,2.0,7.0,0.0,0.0,0.0,0.0,0.0,0.0,0.0,0.0,0.0,0.0,0.0,0.0,0.0,0.0,0.0,5.0,2.0,7.0,0.0,0.0,0.0,0.0,0.0,0.0,1.0,1.0,2.0,#NULL!,#NULL!,#NULL!,#NULL!,#NULL!,#NULL!,900,1300,1.0,,6.0,6.0,3.0,3.0,3.0,3.0,6.0,6.0,7.0,7.0,3.0,3.0,3.0,3.0,3.0,3.0,3.0,3.0,3.0,9.0,3.0,2.0,1.0,5.0,
8,5,3.0,4,E,1.0,,4,,LABU SAYONG,2,2,2,2,2,2,4,2,4,2,2,2,2,1,,,,,0,0,,,,,1.0,2,2.0,1.0,1.0,2.0,2.0,5.0,0.0,5.0,0.0,0.0,0.0,0.0,0.0,0.0,0.0,0.0,0.0,0.0,0.0,0.0,0.0,0.0,0.0,0.0,0.0,0.0,0.0,0.0,0.0,0.0,0.0,0.0,0.0,0.0,0.0,1.0,1.0,2.0,#NULL!,#NULL!,#NULL!,#NULL!,#NULL!,#NULL!,800,900,1.0,,6.0,6.0,3.0,3.0,3.0,3.0,6.0,6.0,7.0,7.0,3.0,3.0,3.0,3.0,3.0,3.0,3.0,3.0,3.0,9.0,2.0,1.0,3.0,1.0,
8,5,3.0,18,F,2.0,,9,,MAKANAN,4,4,3,2,2,4,4,3,4,4,4,4,4,2,1.0,,,,0,0,,,8.0,6.0,2.0,1,,2.0,1.0,2.0,2.0,2.0,4.0,6.0,0.0,1.0,1.0,0.0,0.0,0.0,0.0,1.0,1.0,0.0,0.0,0.0,0.0,0.0,0.0,0.0,0.0,0.0,0.0,0.0,0.0,0.0,0.0,0.0,0.0,0.0,0.0,2.0,1.0,1.0,#NULL!,#NULL!,#NULL!,#NULL!,#NULL!,#NULL!,700,1000,1.0,,2.0,3.0,1.0,2.0,3.0,3.0,6.0,6.0,2.0,2.0,3.0,2.0,2.0,2.0,3.0,3.0,2.0,2.0,2.0,9.0,2.0,1.0,3.0,6.0,
8,5,4.0,18,F,2.0,,9,,KEDAI MAKAN,2,2,2,2,2,2,4,2,4,4,4,4,4,1,,,,,0,0,,,,,2.0,1,,2.0,2.0,2.0,2.0,3.0,0.0,3.0,3.0,0.0,3.0,0.0,0.0,0.0,0.0,0.0,0.0,0.0,0.0,0.0,0.0,0.0,0.0,0.0,0.0,0.0,3.0,0.0,3.0,0.0,0.0,0.0,0.0,0.0,0.0,1.0,1.0,2.0,#NULL!,#NULL!,#NULL!,#NULL!,#NULL!,#NULL!,800,900,1.0,,6.0,6.0,3.0,3.0,3.0,3.0,6.0,6.0,7.0,7.0,3.0,3.0,3.0,3.0,3.0,3.0,3.0,3.0,3.0,9.0,1.0,2.0,3.0,5.0,
8,5,3.0,18,F,1.0,,9,,KEDAI MAKAN,2,2,2,2,3,3,4,2,4,4,4,4,4,1,,,,,0,0,,,,,2.0,1,,2.0,2.0,2.0,2.0,4.0,3.0,7.0,0.0,0.0,0.0,0.0,0.0,0.0,0.0,0.0,0.0,0.0,0.0,0.0,0.0,0.0,0.0,0.0,0.0,0.0,0.0,0.0,0.0,0.0,0.0,0.0,0.0,0.0,0.0,1.0,1.0,2.0,#NULL!,#NULL!,#NULL!,#NULL!,#NULL!,#NULL!,700,800,1.0,,6.0,6.0,3.0,3.0,3.0,3.0,6.0,6.0,7.0,7.0,3.0,3.0,3.0,3.0,3.0,3.0,3.0,3.0,3.0,9.0,3.0,2.0,1.0,5.0,
8,5,3.0,18,F,1.0,,9,,KEDAI MAKAN,2,2,2,2,3,3,4,2,4,4,4,4,4,1,,,,,0,0,,,,,2.0,1,,2.0,2.0,2.0,2.0,2.0,4.0,6.0,2.0,4.0,6.0,0.0,0.0,0.0,0.0,0.0,0.0,0.0,0.0,0.0,0.0,0.0,0.0,0.0,0.0,0.0,2.0,4.0,6.0,0.0,0.0,0.0,0.0,0.0,0.0,1.0,1.0,2.0,#NULL!,#NULL!,#NULL!,#NULL!,#NULL!,#NULL!,600,850,1.0,,6.0,6.0,3.0,3.0,3.0,3.0,6.0,6.0,7.0,7.0,3.0,3.0,3.0,3.0,3.0,3.0,3.0,3.0,3.0,9.0,1.0,2.0,3.0,5.0,
8,5,3.0,18,F,2.0,,9,,KEDAI MAKAN,2,2,2,2,3,3,4,2,4,4,4,4,4,1,,,,,0,0,,,,,2.0,1,,2.0,2.0,2.0,2.0,2.0,3.0,5.0,2.0,3.0,5.0,0.0,0.0,0.0,0.0,0.0,0.0,0.0,0.0,0.0,0.0,0.0,0.0,0.0,0.0,0.0,2.0,3.0,5.0,0.0,0.0,0.0,0.0,0.0,0.0,1.0,1.0,2.0,#NULL!,#NULL!,#NULL!,#NULL!,#NULL!,#NULL!,600,800,1.0,,6.0,6.0,3.0,3.0,3.0,3.0,6.0,6.0,7.0,7.0,3.0,3.0,3.0,3.0,3.0,3.0,3.0,3.0,3.0,9.0,1.0,2.0,3.0,3.0,
8,5,3.0,18,F,1.0,,9,,KEDAI MAKAN,2,2,2,2,4,4,4,2,4,4,4,4,4,1,,,,,0,0,,,,,2.0,1,,2.0,2.0,2.0,2.0,2.0,3.0,5.0,2.0,3.0,5.0,0.0,0.0,0.0,0.0,0.0,0.0,0.0,0.0,0.0,0.0,0.0,0.0,0.0,0.0,0.0,2.0,3.0,5.0,0.0,0.0,0.0,0.0,0.0,0.0,1.0,1.0,2.0,#NULL!,#NULL!,#NULL!,#NULL!,#NULL!,#NULL!,600,900,1.0,,6.0,6.0,3.0,3.0,3.0,3.0,6.0,6.0,7.0,7.0,3.0,3.0,3.0,3.0,3.0,3.0,3.0,3.0,3.0,7.0,3.0,2.0,1.0,1.0,
8,5,3.0,7,C,1.0,,7,,BORONG BARANG BAKERY,2,2,2,2,3,3,4,4,4,4,4,4,4,1,,,,,0,0,,,,,1.0,2,2.0,2.0,2.0,2.0,2.0,2.0,4.0,6.0,0.0,0.0,0.0,0.0,0.0,0.0,0.0,0.0,0.0,0.0,0.0,0.0,0.0,0.0,0.0,0.0,0.0,0.0,0.0,0.0,0.0,0.0,0.0,0.0,0.0,0.0,0.0,2.0,1.0,2.0,#NULL!,#NULL!,#NULL!,#NULL!,#NULL!,#NULL!,900,1200,1.0,,6.0,6.0,3.0,3.0,3.0,3.0,6.0,6.0,7.0,7.0,2.0,2.0,2.0,2.0,2.0,2.0,2.0,2.0,2.0,9.0,1.0,2.0,3.0,3.0,
8,5,3.0,18,F,2.0,,9,,CAFE,2,2,2,2,3,4,4,2,4,4,4,4,4,1,,,,,0,0,,,,,1.0,2,2.0,2.0,2.0,2.0,2.0,2.0,5.0,7.0,2.0,5.0,7.0,0.0,0.0,0.0,0.0,0.0,0.0,0.0,0.0,0.0,0.0,0.0,0.0,0.0,0.0,0.0,2.0,5.0,7.0,0.0,0.0,0.0,0.0,0.0,0.0,1.0,1.0,2.0,#NULL!,#NULL!,#NULL!,#NULL!,#NULL!,#NULL!,900,1300,1.0,,6.0,6.0,3.0,3.0,3.0,3.0,6.0,6.0,7.0,7.0,2.0,2.0,2.0,2.0,2.0,2.0,2.0,2.0,2.0,9.0,3.0,2.0,1.0,3.0,
8,5,3.0,18,F,1.0,,9,,KEDAI MAKAN,2,2,2,2,3,4,4,2,4,4,4,4,4,1,,,,,0,0,,,,,2.0,2,2.0,2.0,2.0,2.0,2.0,3.0,2.0,5.0,3.0,2.0,5.0,0.0,0.0,0.0,0.0,0.0,0.0,0.0,0.0,0.0,0.0,0.0,0.0,0.0,0.0,0.0,3.0,2.0,5.0,0.0,0.0,0.0,0.0,0.0,0.0,1.0,1.0,2.0,#NULL!,#NULL!,#NULL!,#NULL!,#NULL!,#NULL!,900,1200,1.0,,6.0,1.0,3.0,3.0,3.0,3.0,6.0,6.0,7.0,7.0,2.0,2.0,2.0,2.0,2.0,2.0,2.0,2.0,2.0,9.0,3.0,2.0,1.0,1.0,
8,5,3.0,14,E,3.0,,7,PAKAIAN,PAKAIAN,2,2,2,2,3,2,3,2,4,4,4,4,4,1,,,,,0,0,,,,,1.0,2,2.0,2.0,2.0,2.0,2.0,0.0,8.0,8.0,0.0,0.0,0.0,0.0,0.0,0.0,0.0,0.0,0.0,0.0,0.0,0.0,0.0,0.0,0.0,0.0,0.0,0.0,0.0,0.0,0.0,0.0,0.0,0.0,0.0,0.0,0.0,1.0,1.0,1.0,#NULL!,#NULL!,#NULL!,#NULL!,#NULL!,#NULL!,800,900,1.0,,6.0,1.0,1.0,1.0,3.0,3.0,6.0,6.0,7.0,7.0,3.0,3.0,3.0,3.0,3.0,3.0,3.0,3.0,3.0,9.0,3.0,2.0,1.0,3.0,
8,5,4.0,7,C,1.0,,7,,BORONG BARANG BAKERY,2,2,2,2,3,3,4,4,4,4,4,4,4,1,,,,,0,0,,,,,1.0,2,2.0,2.0,2.0,2.0,2.0,1.0,1.0,2.0,0.0,0.0,0.0,0.0,0.0,0.0,0.0,0.0,0.0,0.0,0.0,0.0,0.0,0.0,0.0,0.0,0.0,0.0,0.0,0.0,0.0,0.0,0.0,0.0,0.0,0.0,0.0,1.0,1.0,2.0,#NULL!,#NULL!,#NULL!,#NULL!,#NULL!,#NULL!,900,1000,1.0,,6.0,1.0,3.0,3.0,3.0,3.0,6.0,6.0,7.0,7.0,3.0,3.0,3.0,3.0,3.0,3.0,3.0,3.0,3.0,9.0,3.0,1.0,2.0,1.0,
8,5,3.0,16,E,1.0,,16,,ALAT TULIS,2,2,2,3,4,4,4,2,4,4,4,4,4,1,,,,,0,0,,,,,1.0,2,2.0,2.0,2.0,2.0,2.0,0.0,5.0,5.0,0.0,0.0,0.0,0.0,0.0,0.0,0.0,0.0,0.0,0.0,0.0,0.0,0.0,0.0,0.0,0.0,0.0,0.0,0.0,0.0,0.0,0.0,0.0,0.0,0.0,0.0,0.0,1.0,1.0,2.0,#NULL!,#NULL!,#NULL!,#NULL!,#NULL!,#NULL!,800,900,1.0,,6.0,6.0,3.0,3.0,3.0,3.0,6.0,6.0,7.0,7.0,3.0,3.0,3.0,3.0,3.0,3.0,3.0,3.0,3.0,9.0,1.0,2.0,3.0,1.0,
8,5,3.0,18,F,2.0,,9,,KEDAI MAKAN (LAKSA),3,2,2,2,4,4,4,3,4,4,4,4,4,1,,,,,0,0,,,,,1.0,2,2.0,2.0,2.0,2.0,2.0,10.0,0.0,10.0,0.0,0.0,0.0,0.0,0.0,0.0,0.0,0.0,0.0,0.0,0.0,0.0,0.0,0.0,0.0,0.0,0.0,0.0,0.0,0.0,0.0,0.0,0.0,0.0,0.0,0.0,0.0,1.0,1.0,2.0,#NULL!,#NULL!,#NULL!,#NULL!,#NULL!,#NULL!,900,1000,1.0,,6.0,6.0,3.0,3.0,3.0,3.0,6.0,6.0,7.0,7.0,3.0,3.0,3.0,3.0,3.0,3.0,3.0,3.0,3.0,9.0,1.0,2.0,3.0,3.0,
8,5,3.0,7,E,1.0,,7,,KEDAI RUNCIT,2,2,2,2,4,3,3,3,3,4,4,4,4,1,,,,,0,0,,,,,2.0,2,2.0,2.0,2.0,2.0,2.0,8.0,10.0,18.0,8.0,10.0,18.0,0.0,0.0,0.0,0.0,0.0,0.0,0.0,0.0,0.0,0.0,0.0,0.0,0.0,0.0,0.0,8.0,10.0,18.0,0.0,0.0,0.0,0.0,0.0,0.0,1.0,1.0,2.0,#NULL!,#NULL!,#NULL!,#NULL!,#NULL!,#NULL!,900,1200,1.0,,6.0,6.0,3.0,3.0,3.0,3.0,6.0,6.0,7.0,7.0,4.0,4.0,4.0,4.0,4.0,4.0,4.0,4.0,4.0,9.0,2.0,1.0,3.0,3.0,
8,5,3.0,7,E,2.0,,7,,KEDAI RUNCIT,3,2,2,2,4,4,4,2,4,4,4,4,4,1,,,,,0,0,,,,,2.0,2,2.0,2.0,2.0,2.0,2.0,7.0,5.0,12.0,4.0,5.0,9.0,0.0,0.0,0.0,0.0,0.0,0.0,0.0,0.0,0.0,0.0,0.0,0.0,0.0,0.0,0.0,4.0,5.0,9.0,0.0,0.0,0.0,0.0,0.0,0.0,1.0,1.0,2.0,#NULL!,#NULL!,#NULL!,#NULL!,#NULL!,#NULL!,900,1200,1.0,,6.0,1.0,3.0,3.0,3.0,3.0,6.0,6.0,7.0,7.0,4.0,4.0,4.0,4.0,4.0,4.0,4.0,4.0,4.0,9.0,1.0,2.0,3.0,3.0,
8,5,4.0,14,E,1.0,,7,PERHIASAN LAMPU,PERHIASAN LAMPU,2,2,3,3,3,3,4,2,4,4,4,4,4,1,,,,,0,0,,,,,1.0,2,2.0,2.0,2.0,2.0,2.0,2.0,2.0,4.0,2.0,2.0,4.0,0.0,0.0,0.0,0.0,0.0,0.0,0.0,0.0,0.0,0.0,0.0,0.0,0.0,0.0,0.0,2.0,2.0,4.0,0.0,0.0,0.0,0.0,0.0,0.0,1.0,1.0,1.0,#NULL!,#NULL!,#NULL!,#NULL!,#NULL!,#NULL!,900,1000,1.0,,1.0,1.0,3.0,2.0,3.0,3.0,6.0,6.0,7.0,7.0,3.0,3.0,3.0,3.0,3.0,3.0,3.0,3.0,3.0,9.0,3.0,1.0,2.0,3.0,
8,5,4.0,11,J,1.0,,11,,CYBER CAFE,2,2,2,2,2,4,4,4,4,2,3,3,4,1,,,,,0,0,,,,,2.0,2,2.0,2.0,2.0,2.0,2.0,3.0,0.0,3.0,3.0,0.0,3.0,0.0,0.0,0.0,0.0,0.0,0.0,0.0,0.0,0.0,0.0,0.0,0.0,0.0,0.0,0.0,3.0,0.0,3.0,0.0,0.0,0.0,0.0,0.0,0.0,1.0,1.0,1.0,#NULL!,#NULL!,#NULL!,#NULL!,#NULL!,#NULL!,700,900,1.0,,1.0,1.0,3.0,3.0,3.0,3.0,6.0,6.0,7.0,7.0,3.0,3.0,3.0,3.0,3.0,3.0,3.0,3.0,3.0,5.0,3.0,1.0,2.0,3.0,
8,5,4.0,11,E,1.0,,11,,MEMBAIKI DAN MENJUAL PERALATAN,1,1,1,2,2,2,2,2,1,1,1,1,2,1,,,,,0,0,,,,,1.0,2,2.0,1.0,1.0,2.0,2.0,0.0,2.0,2.0,0.0,2.0,2.0,0.0,0.0,0.0,0.0,0.0,0.0,0.0,0.0,0.0,0.0,1.0,1.0,0.0,1.0,1.0,0.0,0.0,0.0,0.0,0.0,0.0,0.0,0.0,0.0,1.0,2.0,1.0,1000,1200,#NULL!,#NULL!,1000,1600,#NULL!,#NULL!,1.0,,1.0,1.0,1.0,1.0,1.0,1.0,6.0,6.0,7.0,7.0,3.0,3.0,3.0,3.0,3.0,3.0,3.0,3.0,3.0,5.0,3.0,1.0,2.0,3.0,
8,5,4.0,14,J,1.0,,17,SALOON KECANTIKAN,SALOON KECANTIKAN,2,2,2,3,4,4,4,4,4,4,4,4,4,1,,,,,0,0,,,,,1.0,2,2.0,2.0,2.0,2.0,2.0,0.0,2.0,2.0,0.0,0.0,0.0,0.0,0.0,0.0,0.0,0.0,0.0,0.0,0.0,0.0,0.0,0.0,0.0,0.0,0.0,0.0,0.0,0.0,0.0,0.0,0.0,0.0,0.0,0.0,0.0,1.0,1.0,1.0,#NULL!,#NULL!,#NULL!,#NULL!,#NULL!,#NULL!,900,1200,1.0,,6.0,1.0,1.0,1.0,3.0,3.0,6.0,6.0,7.0,7.0,3.0,3.0,3.0,3.0,3.0,3.0,3.0,3.0,3.0,9.0,2.0,1.0,3.0,1.0,
8,5,4.0,22,G,1.0,,9,RESORT,RESORT,4,3,2,1,3,4,4,4,4,1,4,4,4,1,,,,,0,0,,,,,1.0,1,,2.0,2.0,2.0,2.0,0.0,3.0,3.0,0.0,3.0,3.0,0.0,0.0,0.0,0.0,0.0,0.0,0.0,0.0,0.0,0.0,0.0,0.0,0.0,0.0,0.0,0.0,3.0,3.0,0.0,0.0,0.0,0.0,0.0,0.0,2.0,2.0,9.0,#NULL!,#NULL!,#NULL!,#NULL!,#NULL!,#NULL!,1000,2300,1.0,,3.0,2.0,3.0,1.0,3.0,3.0,6.0,6.0,7.0,1.0,2.0,2.0,2.0,2.0,2.0,2.0,2.0,2.0,2.0,3.0,2.0,1.0,3.0,3.0,
8,5,4.0,13,G,2.0,,13,,"TRANSFER AND MONEY EXCHANGE, B",3,3,1,1,3,3,4,4,3,2,2,4,3,2,1.0,,,,0,0,2.0,,,,1.0,1,,2.0,2.0,2.0,2.0,1.0,3.0,4.0,1.0,2.0,3.0,0.0,0.0,0.0,1.0,0.0,1.0,0.0,0.0,0.0,0.0,0.0,0.0,0.0,0.0,0.0,0.0,2.0,2.0,0.0,0.0,0.0,0.0,0.0,0.0,2.0,2.0,8.0,1300,1400,1300,1400,300,1400,1300,1400,1.0,,6.0,6.0,3.0,3.0,3.0,3.0,6.0,6.0,7.0,7.0,2.0,3.0,1.0,1.0,1.0,2.0,1.0,3.0,1.0,1.0,1.0,3.0,2.0,3.0,
8,5,4.0,13,E,1.0,,8,JUAL & BAIKI MOTOSIKAL,JUAL & BAIKI MOTOSIKAL,4,4,3,2,3,4,4,4,3,3,3,4,4,1,,,,,0,0,,,,,2.0,1,,1.0,2.0,2.0,2.0,1.0,0.0,1.0,0.0,0.0,0.0,0.0,0.0,0.0,0.0,0.0,0.0,0.0,0.0,0.0,0.0,0.0,0.0,0.0,0.0,0.0,0.0,0.0,0.0,0.0,0.0,0.0,0.0,0.0,0.0,2.0,2.0,2.0,#NULL!,#NULL!,#NULL!,#NULL!,#NULL!,#NULL!,1500,3000,1.0,,4.0,3.0,2.0,3.0,3.0,3.0,6.0,6.0,7.0,2.0,3.0,1.0,2.0,2.0,4.0,4.0,1.0,2.0,2.0,2.0,1.0,3.0,2.0,3.0,
8,5,4.0,14,E,1.0,,10,MENJUAL HANDPHONE DAN AK,MENJUAL HANDPHONE DAN AKSESORI,3,2,2,2,4,4,4,3,3,3,4,4,4,1,,,,,0,0,,,,,2.0,1,,2.0,2.0,2.0,2.0,0.0,1.0,1.0,0.0,0.0,0.0,0.0,0.0,0.0,0.0,0.0,0.0,0.0,0.0,0.0,0.0,0.0,0.0,0.0,0.0,0.0,0.0,0.0,0.0,0.0,0.0,0.0,0.0,0.0,0.0,2.0,2.0,9.0,#NULL!,#NULL!,#NULL!,#NULL!,#NULL!,#NULL!,#NULL!,#NULL!,1.0,,3.0,1.0,3.0,1.0,3.0,1.0,6.0,6.0,7.0,2.0,1.0,3.0,1.0,2.0,4.0,4.0,2.0,3.0,2.0,7.0,1.0,2.0,3.0,3.0,
8,5,3.0,18,F,1.0,,9,,CAFE,3,3,3,3,3,3,3,3,3,4,3,3,3,1,,,,,0,1,1.0,,,,2.0,1,,2.0,2.0,2.0,2.0,2.0,3.0,5.0,3.0,0.0,3.0,0.0,0.0,0.0,0.0,0.0,0.0,0.0,0.0,0.0,0.0,0.0,0.0,0.0,0.0,0.0,3.0,0.0,3.0,0.0,0.0,0.0,0.0,0.0,0.0,2.0,1.0,1.0,#NULL!,#NULL!,#NULL!,#NULL!,#NULL!,#NULL!,#NULL!,#NULL!,1.0,,3.0,1.0,2.0,3.0,1.0,3.0,6.0,6.0,2.0,7.0,2.0,3.0,1.0,1.0,3.0,1.0,1.0,1.0,1.0,2.0,2.0,1.0,3.0,5.0,
8,5,4.0,18,F,1.0,,9,,KEDAI MAKAN,3,3,3,2,3,3,3,3,3,3,4,4,4,1,,,,,0,0,,,,,2.0,1,,2.0,2.0,2.0,2.0,3.0,1.0,4.0,0.0,0.0,0.0,0.0,0.0,0.0,0.0,0.0,0.0,0.0,0.0,0.0,0.0,0.0,0.0,0.0,0.0,0.0,0.0,0.0,0.0,0.0,0.0,0.0,0.0,0.0,0.0,2.0,2.0,9.0,#NULL!,#NULL!,#NULL!,#NULL!,#NULL!,#NULL!,760,1000,1.0,,1.0,1.0,1.0,1.0,3.0,3.0,6.0,6.0,2.0,2.0,3.0,3.0,3.0,2.0,4.0,2.0,3.0,3.0,2.0,6.0,1.0,1.0,2.0,3.0,
8,5,3.0,18,F,1.0,,9,,KEDAI MAKAN,2,3,2,1,2,4,2,3,3,4,4,4,4,1,,,,,0,0,,,,,1.0,1,,1.0,2.0,2.0,2.0,3.0,3.0,6.0,2.0,1.0,3.0,0.0,0.0,0.0,0.0,0.0,0.0,0.0,0.0,0.0,0.0,0.0,0.0,0.0,0.0,0.0,2.0,1.0,3.0,0.0,0.0,0.0,0.0,0.0,0.0,1.0,2.0,9.0,#NULL!,#NULL!,#NULL!,#NULL!,#NULL!,#NULL!,700,800,1.0,,3.0,2.0,3.0,3.0,3.0,3.0,5.0,6.0,2.0,2.0,3.0,2.0,2.0,2.0,4.0,2.0,1.0,3.0,2.0,7.0,2.0,3.0,1.0,3.0,
8,5,3.0,18,F,1.0,,9,,KEDAI MAKAN,3,2,2,2,1,3,3,2,3,3,4,2,4,1,,,,,0,0,,,,,2.0,1,,2.0,2.0,2.0,2.0,4.0,2.0,6.0,0.0,0.0,0.0,0.0,0.0,0.0,0.0,0.0,0.0,0.0,0.0,0.0,0.0,0.0,0.0,0.0,0.0,0.0,0.0,0.0,0.0,0.0,0.0,0.0,0.0,0.0,0.0,2.0,2.0,1.0,#NULL!,#NULL!,#NULL!,#NULL!,#NULL!,#NULL!,1000,2500,,TIADA DISIPLIN,2.0,2.0,3.0,3.0,3.0,3.0,6.0,6.0,2.0,2.0,3.0,3.0,2.0,2.0,4.0,2.0,1.0,2.0,1.0,7.0,1.0,2.0,3.0,3.0,
8,5,3.0,14,G,1.0,,13,AUDIT FIRM,AUDIT FIRM,1,1,1,1,1,1,1,1,1,1,1,1,1,1,,,,,1,0,,,,,2.0,1,,1.0,2.0,2.0,2.0,14.0,4.0,18.0,0.0,0.0,0.0,0.0,0.0,0.0,0.0,0.0,0.0,0.0,0.0,0.0,0.0,0.0,0.0,0.0,0.0,0.0,0.0,0.0,0.0,0.0,0.0,0.0,0.0,0.0,0.0,2.0,2.0,1.0,1500,2000,#NULL!,#NULL!,#NULL!,#NULL!,#NULL!,#NULL!,1.0,,2.0,2.0,2.0,2.0,2.0,2.0,1.0,1.0,1.0,1.0,2.0,2.0,2.0,2.0,2.0,2.0,2.0,2.0,2.0,1.0,1.0,2.0,3.0,1.0,
8,5,3.0,14,I,1.0,,15,NASIHAT UNDANG-UNDANG,NASIHAT UNDANG-UNDANG,3,2,1,1,2,2,2,1,2,1,1,1,1,2,1.0,,,,0,0,,,,,2.0,1,,2.0,2.0,2.0,2.0,2.0,11.0,13.0,0.0,2.0,2.0,0.0,0.0,0.0,0.0,0.0,0.0,0.0,0.0,0.0,0.0,2.0,2.0,0.0,0.0,0.0,0.0,0.0,0.0,0.0,0.0,0.0,0.0,0.0,0.0,1.0,2.0,2.0,2300,2800,#NULL!,#NULL!,#NULL!,#NULL!,#NULL!,#NULL!,1.0,,1.0,,3.0,3.0,3.0,3.0,1.0,6.0,1.0,7.0,2.0,2.0,2.0,2.0,2.0,2.0,2.0,2.0,2.0,1.0,1.0,2.0,3.0,10.0,
8,5,,16,I,7.0,,16,,SEKOLAH,3,2,2,2,2,3,3,2,3,3,3,3,3,1,,,,,0,0,,,,,,1,,2.0,2.0,2.0,2.0,11.0,37.0,48.0,18.0,83.0,101.0,1.0,3.0,4.0,5.0,33.0,38.0,5.0,8.0,13.0,5.0,30.0,35.0,0.0,0.0,0.0,2.0,9.0,11.0,0.0,2.0,2.0,0.0,0.0,0.0,3.0,3.0,3.0,2600,#NULL!,#NULL!,#NULL!,#NULL!,#NULL!,#NULL!,#NULL!,1.0,,2.0,1.0,1.0,3.0,2.0,3.0,1.0,5.0,1.0,4.0,2.0,2.0,2.0,2.0,2.0,2.0,2.0,2.0,2.0,1.0,1.0,3.0,2.0,10.0,
8,5,,16,I,7.0,,16,,SEKOLAH,4,4,4,4,4,4,4,4,4,3,3,4,4,1,,,,,0,0,,,,,2.0,1,,2.0,2.0,2.0,2.0,21.0,43.0,64.0,0.0,0.0,0.0,0.0,0.0,0.0,0.0,0.0,0.0,0.0,0.0,0.0,0.0,0.0,0.0,0.0,0.0,0.0,0.0,0.0,0.0,0.0,0.0,0.0,0.0,0.0,0.0,2.0,2.0,3.0,1800,1800,#NULL!,#NULL!,#NULL!,#NULL!,#NULL!,#NULL!,1.0,,6.0,6.0,3.0,3.0,3.0,3.0,1.0,6.0,1.0,7.0,1.0,1.0,1.0,1.0,1.0,1.0,1.0,1.0,1.0,1.0,3.0,1.0,2.0,6.0,
8,5,3.0,14,A,3.0,,6,PEMAJU PERUMAHAN,MENJUAL RUMAH,2,3,1,2,3,3,2,2,4,4,4,2,3,2,1.0,,,,0,0,,,,,1.0,3,2.0,2.0,2.0,2.0,2.0,1.0,5.0,6.0,1.0,3.0,4.0,0.0,0.0,0.0,0.0,0.0,0.0,0.0,0.0,0.0,1.0,3.0,4.0,0.0,0.0,0.0,0.0,0.0,0.0,0.0,0.0,0.0,0.0,0.0,0.0,1.0,2.0,1.0,1900,2500,1900,2500,1900,2500,1900,2500,1.0,,3.0,3.0,3.0,3.0,3.0,3.0,3.0,6.0,7.0,7.0,2.0,2.0,2.0,2.0,3.0,1.0,1.0,3.0,1.0,3.0,1.0,3.0,2.0,10.0,
8,5,4.0,14,E,1.0,,8,BENGKEL KENDERAAN,MENUKAR ALAT GANTI DAN BAIK PU,2,3,1,2,2,3,1,1,2,3,2,3,2,1,,,,,0,0,,,,,1.0,1,,1.0,1.0,2.0,1.0,2.0,0.0,2.0,0.0,0.0,0.0,0.0,0.0,0.0,0.0,0.0,0.0,0.0,0.0,0.0,0.0,0.0,0.0,0.0,0.0,0.0,0.0,0.0,0.0,0.0,0.0,0.0,0.0,0.0,0.0,2.0,1.0,8.0,#NULL!,#NULL!,#NULL!,#NULL!,#NULL!,#NULL!,1200,1500,,TIDAK SERIUS DALAM PEKERJAAN,4.0,1.0,2.0,2.0,3.0,3.0,5.0,6.0,7.0,7.0,2.0,3.0,2.0,2.0,3.0,2.0,3.0,3.0,2.0,2.0,1.0,2.0,3.0,10.0,
8,5,4.0,13,E,1.0,,13,,AGENSI INSURANS,3,3,3,2,4,4,4,3,3,2,3,4,3,1,,,,,0,0,,,,,2.0,1,,2.0,2.0,2.0,2.0,0.0,4.0,4.0,0.0,1.0,1.0,0.0,0.0,0.0,0.0,0.0,0.0,0.0,1.0,1.0,0.0,0.0,0.0,0.0,0.0,0.0,0.0,0.0,0.0,0.0,0.0,0.0,0.0,0.0,0.0,1.0,1.0,1.0,1800,3000,#NULL!,#NULL!,#NULL!,#NULL!,#NULL!,#NULL!,1.0,,2.0,1.0,1.0,3.0,3.0,3.0,1.0,6.0,1.0,1.0,2.0,2.0,1.0,1.0,1.0,2.0,2.0,3.0,3.0,3.0,1.0,2.0,3.0,5.0,
8,5,4.0,14,E,1.0,,7,KEDAI FOTO,KEDAI FOTO,2,1,1,1,2,3,2,2,3,3,3,4,4,2,1.0,,,,0,0,1.0,,,,2.0,1,,1.0,2.0,2.0,1.0,1.0,2.0,3.0,0.0,1.0,1.0,0.0,1.0,1.0,0.0,0.0,0.0,0.0,0.0,0.0,0.0,0.0,0.0,0.0,0.0,0.0,0.0,0.0,0.0,0.0,0.0,0.0,0.0,0.0,0.0,2.0,2.0,1.0,#NULL!,#NULL!,#NULL!,#NULL!,#NULL!,#NULL!,900,1800,1.0,,2.0,1.0,2.0,1.0,3.0,3.0,5.0,6.0,1.0,2.0,2.0,2.0,2.0,2.0,1.0,2.0,1.0,2.0,2.0,5.0,2.0,1.0,3.0,5.0,
8,5,3.0,14,H,1.0,,18,PELANCONGAN,PAKEJ PELANCONGAN,2,2,2,3,2,2,2,3,4,1,1,1,1,2,1.0,,,,0,0,,,,,2.0,2,1.0,1.0,1.0,1.0,1.0,5.0,3.0,8.0,2.0,0.0,2.0,0.0,0.0,0.0,0.0,0.0,0.0,0.0,0.0,0.0,0.0,0.0,0.0,0.0,0.0,0.0,2.0,0.0,2.0,0.0,0.0,0.0,0.0,0.0,0.0,2.0,1.0,1.0,#NULL!,#NULL!,#NULL!,#NULL!,#NULL!,#NULL!,1000,1500,1.0,,6.0,6.0,3.0,3.0,3.0,3.0,6.0,6.0,1.0,1.0,3.0,3.0,1.0,1.0,3.0,1.0,1.0,2.0,2.0,7.0,1.0,2.0,3.0,11.0,
8,5,3.0,14,G,3.0,,14,,PERUNDANGAN HARTANAH,3,3,4,3,3,3,4,4,4,4,4,4,4,2,1.0,,,,0,1,1.0,,1.0,1.0,2.0,1,,2.0,2.0,2.0,1.0,0.0,0.0,0.0,0.0,0.0,0.0,0.0,0.0,0.0,0.0,0.0,0.0,0.0,0.0,0.0,0.0,0.0,0.0,0.0,0.0,0.0,0.0,0.0,0.0,0.0,0.0,0.0,0.0,0.0,0.0,2.0,2.0,1.0,#NULL!,#NULL!,#NULL!,#NULL!,#NULL!,#NULL!,900,1200,1.0,,4.0,1.0,1.0,1.0,3.0,3.0,1.0,6.0,2.0,2.0,2.0,3.0,1.0,1.0,1.0,1.0,1.0,1.0,1.0,1.0,1.0,3.0,2.0,10.0,
8,5,3.0,14,G,1.0,,6,PEMAJU PERUMAHAN,PEMAJU PERUMAHAN,2,2,2,1,2,3,1,3,3,3,3,4,4,1,,,,,0,0,,,,,,1,,1.0,2.0,2.0,2.0,3.0,7.0,10.0,0.0,0.0,0.0,0.0,0.0,0.0,0.0,0.0,0.0,0.0,0.0,0.0,0.0,0.0,0.0,0.0,0.0,0.0,0.0,0.0,0.0,0.0,0.0,0.0,0.0,0.0,0.0,2.0,2.0,2.0,2000,2500,#NULL!,#NULL!,#NULL!,#NULL!,1000,1500,1.0,,4.0,4.0,3.0,3.0,3.0,3.0,4.0,6.0,1.0,1.0,2.0,2.0,2.0,1.0,2.0,2.0,2.0,2.0,1.0,4.0,1.0,2.0,3.0,3.0,
8,5,3.0,16,I,1.0,,16,,,3,4,2,1,3,4,4,2,2,4,4,4,4,2,1.0,,,,0,0,1.0,,,2.0,2.0,1,,2.0,1.0,2.0,1.0,0.0,6.0,6.0,0.0,3.0,3.0,0.0,0.0,0.0,0.0,0.0,0.0,0.0,0.0,0.0,0.0,0.0,0.0,0.0,3.0,3.0,0.0,0.0,0.0,0.0,0.0,0.0,0.0,0.0,0.0,2.0,2.0,1.0,#NULL!,#NULL!,#NULL!,#NULL!,#NULL!,#NULL!,500,700,1.0,,3.0,1.0,3.0,1.0,3.0,1.0,6.0,6.0,7.0,1.0,3.0,2.0,2.0,2.0,3.0,2.0,2.0,2.0,3.0,1.0,3.0,1.0,2.0,10.0,
8,5,4.0,14,J,1.0,,17,PUSAT KECANTIKAN,MEMBERI PERKHIDMATAN KECANTIKA,3,3,2,1,2,4,4,3,3,3,4,4,4,1,,,,,0,0,,,,,2.0,1,,2.0,2.0,2.0,2.0,0.0,2.0,2.0,0.0,1.0,1.0,0.0,0.0,0.0,0.0,0.0,0.0,0.0,0.0,0.0,0.0,0.0,0.0,0.0,0.0,0.0,0.0,1.0,1.0,0.0,0.0,0.0,0.0,0.0,0.0,2.0,1.0,1.0,#NULL!,#NULL!,#NULL!,#NULL!,#NULL!,#NULL!,1000,1200,1.0,,2.0,2.0,1.0,1.0,3.0,3.0,5.0,6.0,1.0,1.0,2.0,1.0,2.0,3.0,4.0,2.0,1.0,2.0,2.0,2.0,3.0,1.0,2.0,10.0,
8,5,4.0,14,B,1.0,,4,KIMPALAN,KIMPALAN,3,1,1,2,1,2,2,3,3,3,3,4,4,1,,,,,0,0,,,,,1.0,3,2.0,1.0,2.0,2.0,2.0,2.0,0.0,2.0,0.0,0.0,0.0,0.0,0.0,0.0,0.0,0.0,0.0,0.0,0.0,0.0,0.0,0.0,0.0,0.0,0.0,0.0,0.0,0.0,0.0,0.0,0.0,0.0,0.0,0.0,0.0,2.0,2.0,9.0,#NULL!,#NULL!,#NULL!,#NULL!,1500,2300,#NULL!,#NULL!,1.0,,1.0,1.0,2.0,2.0,3.0,3.0,5.0,6.0,2.0,2.0,2.0,1.0,2.0,2.0,4.0,2.0,1.0,2.0,1.0,2.0,1.0,3.0,2.0,10.0,
8,5,3.0,7,B,1.0,,7,,HARDWARE,2,2,2,2,4,4,4,4,3,4,4,4,4,1,,,,,0,0,,,,,2.0,1,,2.0,2.0,2.0,2.0,1.0,0.0,1.0,0.0,0.0,0.0,0.0,0.0,0.0,0.0,0.0,0.0,0.0,0.0,0.0,0.0,0.0,0.0,0.0,0.0,0.0,0.0,0.0,0.0,0.0,0.0,0.0,0.0,0.0,0.0,2.0,2.0,8.0,#NULL!,#NULL!,#NULL!,#NULL!,#NULL!,#NULL!,2000,3000,1.0,,3.0,4.0,3.0,2.0,3.0,3.0,6.0,6.0,7.0,1.0,2.0,3.0,2.0,2.0,4.0,2.0,2.0,2.0,2.0,9.0,1.0,3.0,1.0,5.0,
8,5,4.0,14,E,1.0,,18,BUTIK,MENJUAL PAKAIAN WANITA DAN PER,2,2,3,2,3,4,4,2,3,2,2,4,4,1,,,,,0,0,,,,,1.0,1,,2.0,2.0,2.0,1.0,3.0,4.0,7.0,0.0,0.0,0.0,0.0,0.0,0.0,0.0,0.0,0.0,0.0,0.0,0.0,0.0,0.0,0.0,0.0,0.0,0.0,0.0,0.0,0.0,0.0,0.0,0.0,0.0,0.0,0.0,1.0,1.0,1.0,#NULL!,#NULL!,#NULL!,#NULL!,#NULL!,#NULL!,900,1040,1.0,,1.0,1.0,1.0,1.0,3.0,3.0,5.0,6.0,2.0,2.0,3.0,3.0,2.0,2.0,2.0,2.0,2.0,2.0,2.0,1.0,3.0,1.0,2.0,10.0,
8,5,4.0,14,J,1.0,,18,BUTIK PERKAHWINAN,MENYEDIAKAN PAKEJ PERKAHWINAN,3,4,3,3,3,3,3,3,3,2,2,3,3,2,1.0,,,,0,0,1.0,,4.0,4.0,2.0,1,,1.0,1.0,2.0,1.0,0.0,4.0,4.0,0.0,4.0,4.0,0.0,0.0,0.0,0.0,0.0,0.0,0.0,0.0,0.0,0.0,0.0,0.0,0.0,4.0,4.0,0.0,0.0,0.0,0.0,0.0,0.0,0.0,0.0,0.0,2.0,2.0,3.0,#NULL!,#NULL!,#NULL!,#NULL!,600,1000,#NULL!,#NULL!,1.0,,1.0,,1.0,3.0,1.0,3.0,5.0,6.0,2.0,7.0,3.0,2.0,2.0,3.0,3.0,2.0,2.0,2.0,3.0,2.0,1.0,2.0,3.0,9.0,
8,5,,25,I,7.0,,17,SUKAN DAN KEBAJIKAN,"SUKAN, KEBAJIKAN DAN PERKHIDMA",4,4,4,3,3,3,3,4,3,3,3,4,4,2,1.0,,,KURSUS INDUKSI,0,0,,,150.0,150.0,1.0,2,2.0,1.0,1.0,1.0,1.0,90.0,100.0,190.0,20.0,15.0,35.0,0.0,0.0,0.0,8.0,4.0,12.0,12.0,11.0,23.0,0.0,0.0,0.0,0.0,0.0,0.0,0.0,0.0,0.0,0.0,0.0,0.0,0.0,0.0,0.0,2.0,2.0,1.0,2100,2100,#NULL!,#NULL!,#NULL!,#NULL!,1200,2000,1.0,,2.0,1.0,3.0,3.0,3.0,3.0,1.0,6.0,1.0,1.0,1.0,2.0,2.0,2.0,1.0,2.0,1.0,2.0,1.0,1.0,2.0,1.0,3.0,10.0,
8,5,4.0,11,E,1.0,,11,,,2,2,3,3,2,3,3,3,3,3,3,3,3,2,1.0,,,,0,0,,,,,1.0,1,,1.0,2.0,1.0,1.0,2.0,2.0,4.0,1.0,2.0,3.0,0.0,0.0,0.0,0.0,0.0,0.0,0.0,0.0,0.0,1.0,2.0,3.0,0.0,0.0,0.0,0.0,0.0,0.0,0.0,0.0,0.0,0.0,0.0,0.0,1.0,1.0,1.0,#NULL!,#NULL!,1100,1200,#NULL!,#NULL!,#NULL!,#NULL!,1.0,,1.0,,1.0,3.0,3.0,3.0,1.0,6.0,1.0,7.0,2.0,2.0,2.0,2.0,2.0,2.0,1.0,1.0,1.0,7.0,1.0,2.0,3.0,6.0,
8,5,4.0,14,J,1.0,,18,SALOON,,2,4,2,3,2,4,4,2,3,2,2,4,4,1,,,,,0,0,,,,,2.0,1,,2.0,2.0,2.0,2.0,3.0,0.0,3.0,0.0,0.0,0.0,0.0,0.0,0.0,0.0,0.0,0.0,0.0,0.0,0.0,0.0,0.0,0.0,0.0,0.0,0.0,0.0,0.0,0.0,0.0,0.0,0.0,0.0,0.0,0.0,3.0,1.0,1.0,#NULL!,#NULL!,#NULL!,#NULL!,#NULL!,#NULL!,1500,3000,1.0,,2.0,2.0,2.0,2.0,3.0,3.0,6.0,6.0,3.0,3.0,2.0,2.0,2.0,3.0,4.0,2.0,2.0,2.0,2.0,2.0,2.0,1.0,3.0,1.0,
8,5,3.0,14,G,2.0,,14,,,2,4,4,2,4,4,4,4,3,3,3,2,4,1,,,,,0,0,,,,,,1,,2.0,2.0,2.0,2.0,7.0,13.0,20.0,0.0,0.0,0.0,0.0,0.0,0.0,0.0,0.0,0.0,0.0,0.0,0.0,0.0,0.0,0.0,0.0,0.0,0.0,0.0,0.0,0.0,0.0,0.0,0.0,0.0,0.0,0.0,2.0,1.0,1.0,1000,1900,#NULL!,#NULL!,#NULL!,#NULL!,#NULL!,#NULL!,1.0,,6.0,3.0,3.0,3.0,3.0,3.0,1.0,6.0,1.0,7.0,2.0,2.0,2.0,2.0,2.0,1.0,1.0,1.0,1.0,1.0,1.0,3.0,2.0,4.0,
8,5,3.0,7,E,4.0,,7,,MENJUAL BARANGAN RUNCIT,3,2,2,3,3,3,3,2,3,2,3,3,3,2,1.0,,,,0,0,,,,,1.0,3,2.0,2.0,2.0,2.0,2.0,8.0,17.0,25.0,6.0,14.0,20.0,0.0,0.0,0.0,0.0,0.0,0.0,0.0,4.0,4.0,0.0,0.0,0.0,0.0,0.0,0.0,6.0,10.0,16.0,0.0,0.0,0.0,0.0,0.0,0.0,1.0,1.0,2.0,#NULL!,#NULL!,#NULL!,#NULL!,#NULL!,#NULL!,1200,1700,1.0,,1.0,1.0,1.0,2.0,1.0,1.0,6.0,5.0,2.0,2.0,2.0,2.0,2.0,3.0,3.0,3.0,2.0,3.0,3.0,7.0,1.0,3.0,2.0,6.0,
8,5,4.0,22,F,3.0,,9,,HOTEL,3,3,2,2,3,3,2,2,2,2,2,3,2,2,1.0,,,,0,0,,,,,1.0,3,1.0,2.0,2.0,2.0,2.0,1.0,2.0,3.0,0.0,2.0,2.0,0.0,0.0,0.0,0.0,0.0,0.0,0.0,0.0,0.0,0.0,2.0,2.0,0.0,0.0,0.0,0.0,0.0,0.0,0.0,0.0,0.0,0.0,0.0,0.0,1.0,1.0,2.0,1000,1500,#NULL!,#NULL!,#NULL!,#NULL!,900,1200,1.0,,1.0,2.0,1.0,1.0,1.0,2.0,6.0,1.0,6.0,6.0,2.0,2.0,2.0,2.0,2.0,2.0,2.0,3.0,3.0,3.0,1.0,2.0,3.0,7.0,
8,5,3.0,12,E,2.0,,12,,MENJUAL PAKAIAN,3,2,2,2,3,3,2,2,2,2,2,3,2,2,1.0,,,,0,0,,,,,1.0,1,1.0,1.0,2.0,2.0,2.0,0.0,10.0,10.0,0.0,10.0,10.0,0.0,0.0,0.0,0.0,0.0,0.0,0.0,0.0,0.0,0.0,7.0,7.0,0.0,0.0,0.0,0.0,3.0,3.0,0.0,0.0,0.0,0.0,0.0,0.0,1.0,1.0,1.0,1000,1400,#NULL!,#NULL!,#NULL!,#NULL!,900,1200,1.0,,1.0,2.0,1.0,1.0,1.0,2.0,6.0,1.0,2.0,2.0,3.0,3.0,2.0,2.0,2.0,2.0,2.0,2.0,2.0,3.0,1.0,2.0,3.0,1.0,
8,5,3.0,22,F,1.0,,9,,HOTEL,3,3,2,2,3,3,2,3,2,2,2,3,2,1,,,,,0,0,,,,,2.0,1,,2.0,2.0,2.0,1.0,4.0,5.0,9.0,2.0,2.0,4.0,0.0,0.0,0.0,0.0,0.0,0.0,0.0,0.0,0.0,0.0,0.0,0.0,0.0,0.0,0.0,2.0,2.0,4.0,0.0,0.0,0.0,0.0,0.0,0.0,1.0,1.0,1.0,1200,1600,#NULL!,#NULL!,#NULL!,#NULL!,900,1200,1.0,,1.0,2.0,1.0,2.0,1.0,2.0,6.0,1.0,2.0,1.0,2.0,2.0,2.0,2.0,2.0,2.0,2.0,2.0,2.0,5.0,1.0,2.0,3.0,6.0,
8,5,3.0,8,E,1.0,,8,,ALAT GANTI KENDERAAN,3,3,2,3,3,3,2,2,2,2,3,3,3,2,1.0,,,,0,0,,,,,2.0,1,,2.0,2.0,2.0,2.0,1.0,5.0,6.0,0.0,3.0,3.0,0.0,0.0,0.0,0.0,1.0,1.0,0.0,0.0,0.0,0.0,0.0,0.0,0.0,2.0,2.0,0.0,0.0,0.0,0.0,0.0,0.0,0.0,0.0,0.0,1.0,1.0,9.0,#NULL!,#NULL!,#NULL!,#NULL!,1000,1300,900,1000,1.0,,1.0,2.0,2.0,2.0,1.0,2.0,5.0,5.0,2.0,2.0,3.0,2.0,3.0,3.0,3.0,2.0,2.0,3.0,3.0,2.0,2.0,1.0,3.0,1.0,
8,5,4.0,8,E,1.0,,8,,ALAT GANTI KENDERAAN,2,2,3,3,2,3,2,2,2,3,3,3,3,2,1.0,,,,0,0,,,,,1.0,1,,2.0,2.0,2.0,2.0,0.0,6.0,6.0,0.0,3.0,3.0,0.0,0.0,0.0,0.0,0.0,0.0,0.0,0.0,0.0,0.0,0.0,0.0,0.0,3.0,3.0,0.0,0.0,0.0,0.0,0.0,0.0,0.0,0.0,0.0,1.0,1.0,9.0,#NULL!,#NULL!,#NULL!,#NULL!,1000,1200,#NULL!,#NULL!,1.0,,1.0,2.0,2.0,2.0,1.0,2.0,5.0,5.0,2.0,2.0,2.0,2.0,3.0,3.0,3.0,2.0,2.0,2.0,2.0,2.0,2.0,1.0,3.0,6.0,
8,5,4.0,17,E,1.0,,17,,MENJUAL UBAT,2,2,2,3,2,3,2,1,2,3,3,3,3,2,1.0,,,,0,0,,,,,1.0,3,1.0,1.0,1.0,2.0,2.0,0.0,4.0,4.0,0.0,4.0,4.0,0.0,0.0,0.0,0.0,0.0,0.0,0.0,0.0,0.0,0.0,4.0,4.0,0.0,0.0,0.0,0.0,0.0,0.0,0.0,0.0,0.0,0.0,0.0,0.0,1.0,1.0,9.0,1200,1500,#NULL!,#NULL!,#NULL!,#NULL!,900,1200,1.0,,1.0,1.0,1.0,1.0,1.0,1.0,1.0,1.0,2.0,2.0,2.0,2.0,2.0,2.0,2.0,2.0,2.0,2.0,2.0,6.0,1.0,2.0,3.0,5.0,
8,5,4.0,7,E,1.0,,7,,PERALATAN TULIS DAN FOTOSTAT,3,3,3,3,3,3,1,2,2,3,2,3,4,1,,,,,0,0,,,,,2.0,1,,2.0,2.0,2.0,2.0,1.0,1.0,2.0,0.0,0.0,0.0,0.0,0.0,0.0,0.0,0.0,0.0,0.0,0.0,0.0,0.0,0.0,0.0,0.0,0.0,0.0,0.0,0.0,0.0,0.0,0.0,0.0,0.0,0.0,0.0,1.0,1.0,8.0,#NULL!,#NULL!,#NULL!,#NULL!,#NULL!,#NULL!,900,1200,1.0,,1.0,1.0,1.0,1.0,1.0,1.0,6.0,6.0,2.0,2.0,2.0,2.0,2.0,2.0,2.0,3.0,3.0,3.0,3.0,9.0,2.0,1.0,3.0,1.0,
8,5,4.0,7,E,1.0,,7,,BARANGAN RUNCIT,3,3,3,2,4,4,3,3,4,4,4,4,3,1,,,,,0,0,,,,,2.0,1,,2.0,2.0,2.0,2.0,2.0,1.0,3.0,,,,,,,,,,,,,,,,,,,2.0,1.0,3.0,,,,,,,2.0,2.0,8.0,#NULL!,#NULL!,#NULL!,#NULL!,#NULL!,#NULL!,900,900,1.0,,,1.0,,2.0,,3.0,,6.0,,7.0,1.0,1.0,1.0,1.0,1.0,1.0,2.0,2.0,2.0,7.0,1.0,2.0,3.0,3.0,
8,5,4.0,19,E,1.0,,7,PERKHIDMATAN BARANGAN HA,BARANGAN HAIWAN PELIHARAAN,4,4,1,2,4,4,4,4,4,4,4,4,4,1,,,,,0,0,,,,,2.0,1,,2.0,2.0,2.0,2.0,1.0,2.0,3.0,,,,,,,,,,,,,,,,,,,1.0,2.0,3.0,,,,,,,1.0,2.0,8.0,#NULL!,#NULL!,#NULL!,#NULL!,#NULL!,#NULL!,900,900,1.0,,,1.0,,3.0,,1.0,,6.0,,7.0,1.0,1.0,3.0,3.0,3.0,3.0,2.0,3.0,2.0,7.0,2.0,1.0,3.0,3.0,
8,5,3.0,18,F,1.0,,9,MAKANAN,MAKANAN,3,3,2,2,3,3,3,3,3,3,3,3,3,1,,,,,0,0,,,,,2.0,1,,2.0,2.0,2.0,2.0,2.0,6.0,8.0,,,,,,,,,,2.0,6.0,8.0,,,,,,,,,,,,,,,,2.0,1.0,1.0,#NULL!,#NULL!,#NULL!,#NULL!,#NULL!,#NULL!,900,1100,1.0,,,1.0,,1.0,,3.0,,6.0,,7.0,2.0,2.0,2.0,2.0,2.0,2.0,2.0,2.0,3.0,9.0,1.0,2.0,3.0,3.0,
8,5,4.0,14,E,1.0,,7,JAHITAN,JAHITAN,4,4,3,2,2,4,3,3,4,4,4,4,4,1,,,,,0,0,,,,,2.0,1,,2.0,2.0,2.0,2.0,,2.0,,,,,,,,,,,,,,,,,,,,,,,,,,,,,2.0,2.0,8.0,#NULL!,#NULL!,#NULL!,#NULL!,#NULL!,#NULL!,1000,1300,1.0,,,3.0,,1.0,,2.0,,6.0,,2.0,2.0,2.0,2.0,2.0,2.0,2.0,2.0,2.0,2.0,2.0,1.0,2.0,3.0,10.0,
8,5,3.0,19,E,2.0,,7,AKSESORI DAN BAIKI KERET,MEMBEKALKAN AKSESORI,4,3,3,2,3,3,3,3,4,4,4,4,3,1,,,,,0,0,,,,,2.0,1,,2.0,2.0,2.0,2.0,5.0,1.0,6.0,,,,,1.0,,,,,,,,,,,2.0,,,3.0,,,,,,,,,1.0,2.0,8.0,#NULL!,#NULL!,#NULL!,#NULL!,1200,1200,1000,1000,1.0,,,1.0,,2.0,,3.0,,5.0,,7.0,3.0,3.0,3.0,3.0,3.0,3.0,3.0,3.0,3.0,2.0,3.0,1.0,2.0,3.0,
8,5,4.0,7,E,1.0,,7,,BUKU DAN ALAT TULIS,3,3,3,3,4,4,3,3,4,4,4,4,4,1,,,,,0,0,,,,,2.0,1,,2.0,2.0,2.0,2.0,,3.0,,,,,,,,,,,,,,,,,,,,,3.0,,,,,,,,2.0,2.0,9.0,#NULL!,#NULL!,#NULL!,#NULL!,#NULL!,#NULL!,900,1000,1.0,,,1.0,,1.0,,1.0,,6.0,,1.0,3.0,3.0,3.0,3.0,2.0,2.0,2.0,3.0,3.0,7.0,1.0,2.0,3.0,5.0,
8,5,2.0,4,E,6.0,,4,,WIRING HARNESS FOR BMW AND MB,2,1,2,3,3,3,2,3,3,3,3,3,3,2,1.0,1.0,,,0,0,,,,,1.0,1,,1.0,1.0,1.0,1.0,249.0,362.0,611.0,,,,,,,3.0,6.0,9.0,,,,3.0,8.0,11.0,10.0,6.0,16.0,170.0,180.0,350.0,,,,1.0,,,1.0,1.0,1.0,2200,3200,2200,3200,1100,1600,1000,#NULL!,1.0,,6.0,6.0,3.0,1.0,3.0,3.0,1.0,6.0,1.0,2.0,2.0,3.0,3.0,3.0,3.0,3.0,3.0,3.0,2.0,9.0,1.0,3.0,2.0,4.0,
8,5,3.0,19,F,1.0,,9,KEDAI MAKAN,,2,2,2,3,3,3,2,3,3,3,3,3,3,1,,,,,0,0,,,,,2.0,1,,2.0,2.0,2.0,2.0,4.0,1.0,5.0,,,,,,,,,,,,,,,,,,,,,,,,,,,,1.0,1.0,8.0,#NULL!,#NULL!,#NULL!,#NULL!,#NULL!,#NULL!,700,1600,1.0,,6.0,3.0,3.0,3.0,3.0,3.0,6.0,6.0,7.0,7.0,2.0,4.0,3.0,3.0,3.0,3.0,3.0,3.0,3.0,7.0,2.0,1.0,3.0,6.0,
8,5,3.0,19,F,1.0,,9,KANTIN,,3,2,2,2,3,3,3,2,3,3,3,3,3,1,,,,,0,0,,,,,2.0,1,,2.0,2.0,2.0,2.0,,5.0,,,,,,,,,,,,,,,,,,,,,,,,,,,,,2.0,1.0,9.0,#NULL!,#NULL!,#NULL!,#NULL!,#NULL!,#NULL!,1000,1200,1.0,,3.0,3.0,1.0,1.0,2.0,2.0,6.0,6.0,2.0,2.0,2.0,3.0,3.0,3.0,3.0,3.0,3.0,3.0,3.0,9.0,2.0,1.0,3.0,5.0,
8,5,4.0,19,J,1.0,,7,KEDAI JAHIT PAKAIAN,,4,2,2,2,3,3,3,3,3,3,3,3,3,1,,,,,0,0,,,,,2.0,1,,2.0,2.0,2.0,2.0,,2.0,,,,,,,,,,,,,,,,,,,,,,,,,,,,,2.0,2.0,9.0,#NULL!,#NULL!,#NULL!,#NULL!,#NULL!,#NULL!,700,800,1.0,,3.0,1.0,1.0,1.0,3.0,3.0,5.0,6.0,2.0,2.0,2.0,2.0,2.0,2.0,3.0,3.0,3.0,3.0,3.0,2.0,2.0,1.0,3.0,10.0,
8,5,4.0,4,E,1.0,,4,,PERABOT JATI,3,2,2,3,2,3,3,3,3,3,3,3,3,1,,,,,0,0,,,,,2.0,1,,2.0,2.0,2.0,2.0,2.0,,,,,,,,,,,,,,,,,,,,,,,,,,,,,,2.0,2.0,2.0,#NULL!,#NULL!,#NULL!,#NULL!,#NULL!,#NULL!,1400,1400,1.0,,6.0,1.0,3.0,2.0,3.0,3.0,6.0,6.0,2.0,2.0,1.0,2.0,2.0,3.0,3.0,3.0,3.0,3.0,3.0,7.0,1.0,3.0,2.0,3.0,
8,5,4.0,19,D,3.0,,7,TRADING,,3,2,2,2,3,3,3,3,3,3,3,3,3,1,,,,,0,0,,,,,2.0,1,,2.0,2.0,2.0,2.0,2.0,,,,,,,,,,,,,,,,,,,,,,,,,,,,,,3.0,2.0,2.0,#NULL!,#NULL!,#NULL!,#NULL!,#NULL!,#NULL!,900,1800,1.0,,6.0,6.0,2.0,2.0,3.0,3.0,6.0,6.0,7.0,7.0,3.0,3.0,3.0,3.0,2.0,3.0,3.0,3.0,3.0,9.0,1.0,2.0,3.0,3.0,
8,5,3.0,4,D,3.0,,4,,,3,2,2,2,3,3,3,3,3,3,3,3,3,1,,,,,0,0,,,,,2.0,1,,2.0,2.0,2.0,2.0,10.0,,,,,,,,,,,,,,,,,,,,,,,,,,,,,,2.0,2.0,8.0,#NULL!,#NULL!,#NULL!,#NULL!,#NULL!,#NULL!,1200,1800,1.0,,2.0,1.0,2.0,2.0,3.0,3.0,6.0,6.0,3.0,7.0,3.0,3.0,3.0,3.0,3.0,3.0,3.0,3.0,3.0,2.0,1.0,2.0,3.0,5.0,
8,5,3.0,5,E,2.0,,5,,,3,2,2,2,3,3,3,3,3,3,3,3,3,1,,,,,0,0,,,,,2.0,1,,2.0,2.0,2.0,2.0,21.0,5.0,26.0,,,,15.0,3.0,18.0,1.0,1.0,2.0,,,,,1.0,,,,,,,,,,,,,,1.0,2.0,1.0,1800,2200,#NULL!,#NULL!,#NULL!,#NULL!,1200,1500,1.0,,2.0,1.0,3.0,3.0,3.0,3.0,1.0,6.0,1.0,7.0,3.0,3.0,3.0,3.0,3.0,3.0,3.0,3.0,3.0,1.0,1.0,3.0,2.0,3.0,
8,5,4.0,17,D,2.0,,17,,,3,2,2,2,3,3,3,3,3,3,3,3,3,1,,,,,0,0,,,,,2.0,1,,2.0,2.0,2.0,2.0,,2.0,,,,,,2.0,,,,,,,,,2.0,,,,,,,,,,,,,,2.0,2.0,8.0,900,1300,#NULL!,#NULL!,#NULL!,#NULL!,900,1000,1.0,,2.0,2.0,1.0,1.0,3.0,3.0,6.0,6.0,1.0,2.0,2.0,3.0,3.0,3.0,3.0,3.0,3.0,3.0,3.0,1.0,1.0,2.0,3.0,3.0,
8,5,3.0,19,J,1.0,,17,HAIR AND BEAUTY SALON,,4,3,3,3,3,3,3,3,3,3,3,3,3,1,,,,,0,0,,,,,2.0,1,,2.0,2.0,2.0,2.0,,7.0,,,,,,,,,,,,,,,,,,,,,7.0,,,1.0,,,,,1.0,2.0,1.0,#NULL!,#NULL!,#NULL!,#NULL!,#NULL!,#NULL!,1000,1300,1.0,,2.0,3.0,1.0,1.0,3.0,3.0,6.0,6.0,2.0,2.0,2.0,3.0,3.0,3.0,3.0,3.0,3.0,3.0,3.0,2.0,1.0,2.0,3.0,3.0,
8,5,3.0,7,E,1.0,,7,,JUAL AYAM SEGAR,3,2,2,2,3,3,3,3,3,3,3,3,3,1,,,,,0,0,,,,,2.0,1,,2.0,2.0,2.0,2.0,6.0,0.0,6.0,,,,,,,,,,,,,,,,,,,2.0,,,,,,,,,1.0,2.0,8.0,#NULL!,#NULL!,#NULL!,#NULL!,#NULL!,#NULL!,1400,1800,1.0,,3.0,2.0,2.0,2.0,3.0,3.0,3.0,6.0,2.0,2.0,3.0,3.0,3.0,3.0,3.0,3.0,3.0,3.0,3.0,7.0,1.0,2.0,3.0,7.0,
8,5,4.0,10,G,1.0,,10,,,2,2,2,2,3,4,4,3,3,3,3,3,3,1,,,,,0,0,,,,,2.0,1,,2.0,2.0,2.0,2.0,1.0,1.0,2.0,,,,,,,,,,,,,,,,,,,1.0,1.0,2.0,,,,,,,2.0,2.0,9.0,#NULL!,#NULL!,#NULL!,#NULL!,#NULL!,#NULL!,3000,3500,1.0,,2.0,3.0,3.0,2.0,2.0,3.0,6.0,6.0,7.0,7.0,3.0,2.0,2.0,3.0,3.0,2.0,2.0,3.0,3.0,9.0,1.0,2.0,3.0,5.0,
8,5,3.0,17,I,1.0,,17,,PERGIGIAN,2,2,2,2,2,2,2,2,2,2,2,2,2,1,,,,,0,0,,,,,2.0,1,,2.0,2.0,2.0,2.0,,,,,,,,,,,,,,,,,,,,,,,,,,,,,,,2.0,1.0,9.0,#NULL!,1200,#NULL!,#NULL!,#NULL!,#NULL!,#NULL!,1000,1.0,,1.0,1.0,3.0,3.0,3.0,3.0,1.0,6.0,1.0,7.0,2.0,3.0,3.0,3.0,3.0,3.0,3.0,3.0,3.0,6.0,2.0,1.0,3.0,6.0,
8,5,4.0,13,E,1.0,,13,,,2,2,2,2,3,4,4,3,3,3,3,3,3,1,,,,,0,0,,,,,2.0,1,,2.0,2.0,2.0,2.0,,2.0,,,,,,,,,,,,,,,,,,,,,,,,,,,,,2.0,1.0,2.0,900,1500,#NULL!,#NULL!,#NULL!,#NULL!,900,1200,1.0,,6.0,6.0,1.0,1.0,3.0,3.0,6.0,6.0,2.0,2.0,3.0,2.0,2.0,3.0,3.0,2.0,2.0,3.0,3.0,9.0,1.0,3.0,2.0,4.0,
8,5,4.0,19,E,1.0,,7,KEDAI KASUT KESIHATAN,,2,1,2,3,3,3,2,3,3,3,3,3,3,1,,,,,0,0,,,,,2.0,1,,2.0,2.0,2.0,2.0,,1.0,,,,,,,,,,,,,,,,,,,,,,,,,,,,,2.0,2.0,9.0,#NULL!,#NULL!,#NULL!,#NULL!,#NULL!,#NULL!,1200,1500,1.0,,6.0,2.0,3.0,3.0,3.0,3.0,6.0,6.0,1.0,7.0,2.0,3.0,3.0,3.0,3.0,3.0,3.0,3.0,4.0,9.0,1.0,3.0,2.0,1.0,
8,5,3.0,3,E,1.0,,3,,PETROL,2,2,2,3,3,3,2,3,3,3,3,3,3,1,,,,,0,0,,,,,2.0,1,,2.0,1.0,2.0,2.0,6.0,7.0,13.0,,,,,3.0,,2.0,,,8.0,,,,,,,,,,,,,,,,,,2.0,1.0,9.0,#NULL!,#NULL!,#NULL!,#NULL!,1000,1900,1000,1000,1.0,,2.0,1.0,1.0,3.0,3.0,3.0,6.0,6.0,2.0,2.0,2.0,4.0,3.0,3.0,3.0,3.0,3.0,3.0,3.0,9.0,1.0,2.0,3.0,10.0,
8,5,4.0,8,E,1.0,,8,,,3,2,2,2,3,3,3,2,3,3,3,3,3,1,,,,,0,0,,,,,1.0,1,,2.0,2.0,2.0,2.0,1.0,,,,,,,,,,,,,,,,,,,,,,,,,,,,,,1.0,2.0,10.0,#NULL!,#NULL!,#NULL!,#NULL!,#NULL!,#NULL!,1200,2800,1.0,,1.0,1.0,3.0,3.0,3.0,3.0,6.0,6.0,7.0,7.0,2.0,3.0,3.0,3.0,3.0,3.0,3.0,3.0,3.0,7.0,1.0,2.0,3.0,7.0,
8,5,4.0,19,E,2.0,,7,KEDAI IKAN,,4,2,2,2,3,3,3,3,3,3,3,3,3,1,,,,,0,0,,,,,2.0,1,,2.0,2.0,2.0,2.0,1.0,,,,,,,,,,,,,,,,,,,,,,,,,,,,,,2.0,1.0,9.0,#NULL!,#NULL!,#NULL!,#NULL!,#NULL!,#NULL!,1000,1500,1.0,,6.0,3.0,3.0,3.0,3.0,3.0,6.0,6.0,7.0,7.0,2.0,2.0,2.0,2.0,3.0,3.0,3.0,3.0,3.0,9.0,1.0,2.0,3.0,6.0,
8,5,4.0,8,F,1.0,,8,,,3,2,2,3,2,3,3,3,3,3,3,3,3,1,,,,,0,0,,,,,2.0,1,,2.0,2.0,2.0,2.0,2.0,1.0,3.0,,,,,,,,,,,,,,,,,,,,,,,,,,,,2.0,1.0,9.0,#NULL!,#NULL!,#NULL!,#NULL!,#NULL!,#NULL!,1100,1100,1.0,,1.0,3.0,3.0,3.0,1.0,3.0,3.0,5.0,6.0,7.0,1.0,2.0,2.0,3.0,3.0,3.0,3.0,3.0,3.0,9.0,1.0,3.0,2.0,6.0,
8,5,4.0,19,I,11.0,PARTNERSHIP,16,PUSAT TRANSIT KANAK-KANA,,3,2,2,2,3,3,3,3,3,3,3,3,3,1,,,,,0,0,,,,,2.0,1,,2.0,2.0,2.0,2.0,1.0,2.0,3.0,,,,,,,,,,,,,,,,,,,,2.0,,,,,,,,2.0,1.0,9.0,#NULL!,#NULL!,#NULL!,#NULL!,#NULL!,#NULL!,900,1800,1.0,,5.0,2.0,2.0,1.0,3.0,3.0,6.0,6.0,7.0,7.0,3.0,3.0,3.0,3.0,2.0,3.0,3.0,3.0,3.0,3.0,1.0,3.0,2.0,10.0,
8,5,3.0,4,E,3.0,,4,,,3,2,2,2,3,3,3,3,3,3,3,3,3,1,,,,,0,0,,,,,2.0,1,,2.0,2.0,2.0,2.0,3.0,5.0,8.0,,,,,,,,1.0,,,1.0,,,,,,,,,,,,,,,,,2.0,1.0,9.0,#NULL!,#NULL!,#NULL!,#NULL!,#NULL!,#NULL!,1200,2500,1.0,,2.0,2.0,3.0,3.0,3.0,3.0,6.0,6.0,7.0,7.0,3.0,3.0,3.0,3.0,3.0,3.0,3.0,3.0,3.0,3.0,1.0,3.0,2.0,4.0,
8,5,4.0,7,E,1.0,,7,,,3,2,2,2,3,3,3,3,3,3,3,3,3,1,,,,,0,0,,,,,2.0,1,,2.0,2.0,2.0,2.0,,3.0,,,,,,,,,,,,,,,,,,,,,,,,,,,,,2.0,2.0,8.0,#NULL!,#NULL!,#NULL!,#NULL!,#NULL!,#NULL!,1300,1500,1.0,,6.0,6.0,3.0,3.0,3.0,3.0,5.0,6.0,7.0,7.0,3.0,3.0,3.0,3.0,3.0,3.0,3.0,3.0,3.0,7.0,1.0,2.0,2.0,3.0,
8,5,4.0,7,F,1.0,,7,,,3,2,2,2,3,3,3,3,3,3,3,3,3,1,,,,,0,0,,,,,2.0,1,,2.0,2.0,2.0,2.0,,4.0,,,,,,1.0,,,1.0,,,,,,2.0,,,,,,,,,,,,,,1.0,1.0,2.0,1500,2000,#NULL!,#NULL!,#NULL!,#NULL!,#NULL!,#NULL!,1.0,,2.0,2.0,3.0,3.0,3.0,3.0,5.0,6.0,7.0,7.0,2.0,3.0,3.0,3.0,3.0,3.0,3.0,3.0,3.0,9.0,1.0,2.0,3.0,10.0,
8,5,3.0,18,F,5.0,,9,,,4,3,3,3,3,3,3,3,3,3,3,3,3,1,,,,,0,0,,,,,2.0,1,,2.0,2.0,2.0,2.0,3.0,3.0,6.0,,,,,,,,,,,,,,,,,,,,,,,,,,,,2.0,2.0,1.0,#NULL!,#NULL!,#NULL!,#NULL!,#NULL!,#NULL!,1000,2000,1.0,,1.0,6.0,3.0,1.0,3.0,3.0,5.0,6.0,1.0,7.0,2.0,3.0,3.0,3.0,3.0,3.0,3.0,3.0,3.0,7.0,1.0,2.0,3.0,10.0,
8,5,4.0,19,E,1.0,,17,PRODUK KECANTIKAN,,3,2,2,2,3,3,3,3,3,3,3,3,3,1,,,,,0,0,,,,,2.0,1,,2.0,2.0,2.0,2.0,,1.0,,,,,,,,,,,,,,,,,,,,,,,,,,,,,1.0,1.0,8.0,#NULL!,#NULL!,#NULL!,#NULL!,#NULL!,#NULL!,1000,1200,1.0,,2.0,2.0,3.0,3.0,3.0,3.0,3.0,6.0,7.0,7.0,3.0,3.0,3.0,3.0,3.0,3.0,3.0,3.0,3.0,7.0,2.0,3.0,1.0,6.0,
8,5,4.0,14,E,1.0,,19,,,2,2,2,2,3,4,4,3,3,3,3,3,3,1,,,,,0,0,,,,,2.0,1,,2.0,2.0,2.0,2.0,2.0,,,,,,,,,,,,,,,,,,,,,,,,,,,,,,1.0,1.0,2.0,#NULL!,#NULL!,#NULL!,#NULL!,#NULL!,#NULL!,900,1500,1.0,,2.0,2.0,3.0,3.0,3.0,3.0,5.0,5.0,7.0,7.0,3.0,2.0,2.0,3.0,3.0,2.0,2.0,3.0,3.0,7.0,1.0,3.0,2.0,3.0,
8,5,4.0,11,E,1.0,,11,,IT RELATED PRODUCT,2,2,2,2,2,2,2,2,2,2,2,2,3,1,,,,,0,0,,,,,2.0,1,,2.0,2.0,2.0,2.0,1.0,2.0,3.0,,,,,,,,,,,,,,,,,,,1.0,,,,,,,,,2.0,1.0,3.0,#NULL!,#NULL!,#NULL!,#NULL!,#NULL!,#NULL!,900,1100,1.0,,2.0,2.0,3.0,3.0,3.0,3.0,3.0,6.0,7.0,7.0,2.0,3.0,3.0,3.0,3.0,3.0,3.0,3.0,3.0,9.0,1.0,3.0,2.0,6.0,
8,5,4.0,14,E,1.0,,19,,,2,2,2,2,3,4,4,3,3,3,3,3,3,1,,,,,0,0,,,,,2.0,1,,2.0,2.0,2.0,2.0,2.0,1.0,3.0,,,,,,,,,,,,,,,,,,,,,,,,,,,,2.0,2.0,2.0,#NULL!,#NULL!,#NULL!,#NULL!,#NULL!,#NULL!,1200,2500,1.0,,2.0,6.0,3.0,3.0,3.0,3.0,5.0,6.0,6.0,7.0,3.0,2.0,2.0,3.0,3.0,2.0,2.0,3.0,3.0,8.0,1.0,2.0,3.0,3.0,
8,5,4.0,19,J,8.0,,17,PERKHIDMATAN PERANCANG M,"TERAPI, KECANTIKAN, ANDAMAN",2,2,1,2,2,2,2,1,3,3,3,2,1,2,1.0,,,,0,0,,,,,2.0,1,,1.0,2.0,2.0,1.0,,1.0,,,,,,,,,,,,,,,,,,,,,,,,,,,,,2.0,2.0,1.0,1200,2000,#NULL!,#NULL!,#NULL!,#NULL!,#NULL!,#NULL!,1.0,,3.0,1.0,2.0,1.0,3.0,3.0,5.0,6.0,1.0,1.0,2.0,2.0,2.0,2.0,2.0,2.0,2.0,2.0,2.0,6.0,2.0,1.0,3.0,6.0,
8,5,4.0,4,D,3.0,,4,,"MEMBEKALKAN ELEKTRIK, GAS, AIR",4,2,2,2,2,2,2,2,2,4,4,4,4,1,,,,,0,0,,,,,1.0,1,,2.0,2.0,2.0,2.0,3.0,,,,,,,,,,,,,,,,,,,,,1.0,,,,,,,,,2.0,2.0,1.0,#NULL!,#NULL!,#NULL!,#NULL!,#NULL!,#NULL!,#NULL!,#NULL!,1.0,,2.0,1.0,2.0,2.0,3.0,3.0,5.0,6.0,7.0,7.0,3.0,3.0,3.0,3.0,3.0,3.0,3.0,3.0,3.0,2.0,2.0,3.0,1.0,6.0,
8,5,4.0,12,F,3.0,,12,,,3,2,2,2,2,2,2,3,3,2,3,3,3,1,,,,,0,0,,,,,1.0,1,,1.0,2.0,1.0,1.0,,3.0,,,,,,,,,,,,,,,,,,,,,,,,,,,,,2.0,2.0,7.0,#NULL!,#NULL!,#NULL!,#NULL!,#NULL!,#NULL!,#NULL!,#NULL!,1.0,,2.0,1.0,1.0,1.0,3.0,3.0,1.0,1.0,7.0,7.0,2.0,2.0,1.0,2.0,1.0,1.0,1.0,1.0,2.0,8.0,1.0,2.0,3.0,10.0,
8,5,4.0,18,F,1.0,,9,,PERKHIDMATAN MAKANAN & MINUMAN,3,3,2,1,3,3,2,3,3,3,4,4,4,1,,,,,0,0,,,,,1.0,1,,2.0,2.0,2.0,2.0,2.0,2.0,4.0,,,,,,,,,,,,,,,,,,,1.0,2.0,3.0,,,,,,,2.0,2.0,8.0,#NULL!,#NULL!,#NULL!,#NULL!,#NULL!,#NULL!,#NULL!,#NULL!,1.0,,2.0,1.0,3.0,3.0,3.0,3.0,6.0,6.0,7.0,7.0,3.0,2.0,1.0,2.0,2.0,1.0,1.0,1.0,2.0,3.0,2.0,3.0,1.0,1.0,
8,5,3.0,7,E,3.0,,7,,BARANGAN RUNCIT,3,2,2,1,2,3,2,3,3,3,3,3,1,1,,,,,0,0,,,,,1.0,1,,1.0,1.0,1.0,1.0,4.0,3.0,7.0,,,,,,,,,,,,,,,,,,,2.0,1.0,3.0,,,,,,,2.0,2.0,1.0,#NULL!,#NULL!,#NULL!,#NULL!,#NULL!,#NULL!,#NULL!,#NULL!,1.0,,2.0,1.0,3.0,3.0,3.0,3.0,6.0,6.0,7.0,7.0,3.0,2.0,1.0,3.0,3.0,2.0,2.0,1.0,2.0,9.0,1.0,2.0,3.0,10.0,
8,5,4.0,19,J,2.0,,19,PERKHIDMATAN PENJAGAAN H,PENJAGAAN & PEMBERSIHAN HAIWAN,2,2,2,1,3,3,2,2,3,4,4,2,2,1,,,,,0,0,,,,,1.0,1,,1.0,1.0,2.0,2.0,2.0,2.0,4.0,,,,,,,,,,,,,,,,,,,2.0,2.0,4.0,,,,,,,2.0,2.0,2.0,#NULL!,#NULL!,#NULL!,#NULL!,#NULL!,#NULL!,#NULL!,#NULL!,1.0,,2.0,1.0,2.0,1.0,3.0,3.0,6.0,6.0,7.0,7.0,2.0,5.0,1.0,2.0,4.0,3.0,1.0,1.0,1.0,9.0,2.0,3.0,1.0,11.0,
8,5,4.0,4,D,1.0,,4,,,3,4,2,2,3,2,2,4,4,4,3,3,2,2,1.0,,,,0,0,,,,,1.0,1,,1.0,2.0,1.0,2.0,4.0,,,,,,,,,,,,,,,,,,4.0,,,,,,,,,,,,2.0,2.0,4.0,#NULL!,#NULL!,#NULL!,#NULL!,#NULL!,#NULL!,#NULL!,#NULL!,1.0,,3.0,2.0,2.0,2.0,1.0,1.0,5.0,6.0,7.0,7.0,3.0,1.0,1.0,2.0,4.0,1.0,1.0,1.0,2.0,9.0,3.0,1.0,2.0,6.0,
8,5,4.0,4,J,3.0,,4,,MENJUAL HERBA (UBAT),1,2,2,1,3,3,2,2,4,4,4,1,2,1,,,,,0,0,,,,,1.0,1,,2.0,2.0,2.0,2.0,,2.0,,,,,,,,,,,,,,,,,,,,,2.0,,,,,,,,2.0,2.0,7.0,#NULL!,#NULL!,#NULL!,#NULL!,#NULL!,#NULL!,#NULL!,#NULL!,1.0,,3.0,2.0,1.0,1.0,3.0,3.0,6.0,6.0,7.0,7.0,2.0,3.0,1.0,3.0,4.0,1.0,1.0,1.0,2.0,7.0,1.0,3.0,2.0,4.0,
8,5,4.0,17,E,1.0,,17,,MERAWAT PESAKIT LUAR & MENJUAL,3,2,2,1,3,3,3,2,2,3,3,3,3,1,,,,,0,0,,,,,1.0,1,,2.0,2.0,2.0,2.0,,3.0,,,,,,,,,,,,,,,,,,,,,1.0,,,,,,,,2.0,2.0,2.0,#NULL!,#NULL!,#NULL!,#NULL!,#NULL!,#NULL!,#NULL!,#NULL!,1.0,,2.0,1.0,1.0,1.0,3.0,3.0,1.0,1.0,6.0,7.0,1.0,1.0,1.0,1.0,1.0,1.0,1.0,1.0,1.0,7.0,1.0,2.0,3.0,6.0,
8,5,4.0,7,E,2.0,,7,,MENJUAL BARANGAN RUNCIT,4,2,2,1,4,4,4,3,3,4,4,4,4,1,,,,,0,0,,,,,1.0,1,,2.0,2.0,2.0,2.0,2.0,2.0,4.0,,,,,,,,,,,,,,,,,,,1.0,1.0,2.0,,,,,,,2.0,2.0,9.0,#NULL!,#NULL!,#NULL!,#NULL!,#NULL!,#NULL!,#NULL!,#NULL!,1.0,,3.0,1.0,3.0,3.0,3.0,3.0,6.0,6.0,7.0,7.0,2.0,2.0,2.0,2.0,2.0,2.0,2.0,2.0,2.0,3.0,2.0,1.0,3.0,7.0,
8,5,4.0,7,E,2.0,,7,,MENJUAL PELBAGAI BARANGAN KEPE,4,2,2,2,4,4,3,2,2,4,4,4,4,1,,,,,0,0,,,,,1.0,1,,2.0,2.0,2.0,2.0,1.0,3.0,4.0,,,,,,,,,,,,,,,,,,,1.0,2.0,3.0,,,,,,,2.0,2.0,9.0,#NULL!,#NULL!,#NULL!,#NULL!,#NULL!,#NULL!,#NULL!,#NULL!,1.0,,6.0,6.0,3.0,3.0,3.0,3.0,6.0,6.0,7.0,7.0,3.0,3.0,3.0,3.0,3.0,2.0,2.0,2.0,2.0,3.0,2.0,1.0,3.0,7.0,
8,5,4.0,12,E,1.0,,12,,MENJUAL PELBAGAI JENIS BUNGA,3,2,2,2,2,3,2,2,2,2,2,4,4,1,,,,,0,0,,,,,1.0,1,,2.0,2.0,2.0,2.0,2.0,2.0,4.0,,,,,,,,,,,,,,,,,,,,1.0,,,,,,,,2.0,2.0,1.0,#NULL!,#NULL!,#NULL!,#NULL!,#NULL!,#NULL!,#NULL!,#NULL!,1.0,,2.0,1.0,3.0,3.0,3.0,3.0,6.0,6.0,7.0,7.0,2.0,2.0,2.0,2.0,2.0,2.0,2.0,2.0,2.0,7.0,3.0,2.0,1.0,6.0,
8,5,4.0,10,E,3.0,,10,,MENJUAL TELEFON PINTAR,3,2,2,2,2,3,2,2,2,3,4,4,4,1,,,,,0,0,,,,,1.0,1,,2.0,2.0,2.0,2.0,,3.0,,,,,,,,,,,,,,,,,,,,,3.0,,,,,,,,2.0,2.0,9.0,#NULL!,#NULL!,#NULL!,#NULL!,#NULL!,#NULL!,#NULL!,#NULL!,1.0,,6.0,6.0,3.0,3.0,3.0,3.0,6.0,6.0,7.0,7.0,3.0,3.0,3.0,3.0,3.0,3.0,3.0,3.0,3.0,7.0,1.0,2.0,3.0,1.0,
8,5,3.0,18,E,3.0,,18,,MENJUAL ALAT MUZIK,4,3,2,3,3,3,3,3,3,4,4,4,4,1,,,,,0,0,,,,,1.0,1,,2.0,2.0,2.0,2.0,4.0,2.0,6.0,,,,,,,,,,,,,,,,,,,1.0,,,,,,,,,2.0,2.0,1.0,#NULL!,#NULL!,#NULL!,#NULL!,#NULL!,#NULL!,#NULL!,#NULL!,1.0,,2.0,1.0,3.0,3.0,3.0,3.0,1.0,6.0,7.0,7.0,2.0,2.0,2.0,2.0,2.0,2.0,2.0,2.0,3.0,8.0,2.0,1.0,3.0,10.0,
8,5,3.0,19,B,1.0,,7,PERKHIDMATAN PERCETAKAN,FOTOSTAT DAN MENJILID,3,3,2,1,3,4,4,3,3,4,4,4,4,1,,,,,0,0,,,,,2.0,1,,2.0,2.0,2.0,2.0,2.0,4.0,6.0,,,,2.0,1.0,3.0,,,,,,,,,,,,,,,,,,,,,,1.0,1.0,8.0,#NULL!,#NULL!,#NULL!,#NULL!,#NULL!,#NULL!,#NULL!,#NULL!,1.0,,2.0,3.0,3.0,2.0,1.0,2.0,6.0,6.0,1.0,1.0,2.0,1.0,1.0,1.0,2.0,1.0,1.0,1.0,2.0,7.0,1.0,2.0,3.0,3.0,
8,5,4.0,19,B,1.0,,19,PRINTING,PHOTOSTAT AND PRINTING,2,2,2,3,3,3,2,3,4,4,4,3,4,1,,,,,0,0,,,,,2.0,1,,1.0,2.0,2.0,2.0,1.0,1.0,2.0,,,,1.0,1.0,2.0,,,,,,,,,,,,,,,,,,,,,,2.0,1.0,1.0,#NULL!,#NULL!,#NULL!,#NULL!,#NULL!,#NULL!,#NULL!,#NULL!,1.0,,1.0,1.0,3.0,3.0,3.0,3.0,5.0,5.0,1.0,1.0,2.0,2.0,2.0,2.0,2.0,2.0,2.0,2.0,2.0,3.0,2.0,1.0,3.0,1.0,
8,5,4.0,18,F,3.0,,9,,,4,2,2,1,3,3,2,2,3,3,4,4,4,1,,,,,0,0,,,,,1.0,1,,2.0,2.0,2.0,2.0,1.0,3.0,4.0,,,,,,,,,,,,,,,,,,,,2.0,,,,,,,,2.0,2.0,9.0,#NULL!,#NULL!,#NULL!,#NULL!,#NULL!,#NULL!,#NULL!,#NULL!,1.0,,2.0,1.0,3.0,3.0,3.0,3.0,6.0,6.0,7.0,7.0,3.0,3.0,3.0,3.0,3.0,3.0,3.0,3.0,3.0,6.0,1.0,3.0,2.0,10.0,
8,5,3.0,19,H,3.0,,18,PELANCONGAN,MENYEDIAKAN PAKEJ PELANCONGAN,2,2,2,1,2,2,2,3,2,3,4,3,2,1,,,,,0,0,,,,,1.0,1,,1.0,1.0,2.0,2.0,6.0,4.0,10.0,,,,,,,,,,,,,,,,,,,6.0,4.0,10.0,,,,,,,2.0,1.0,8.0,#NULL!,#NULL!,#NULL!,#NULL!,#NULL!,#NULL!,#NULL!,#NULL!,1.0,,3.0,2.0,3.0,3.0,3.0,3.0,6.0,6.0,7.0,7.0,2.0,3.0,1.0,1.0,2.0,1.0,1.0,1.0,2.0,7.0,1.0,3.0,2.0,11.0,
8,5,4.0,19,E,2.0,,17,KECANTIKAN,HERBA,3,2,2,3,3,3,2,2,4,4,4,2,2,1,,,,,0,0,,,,,1.0,1,,2.0,2.0,2.0,2.0,,2.0,,,,,,,,,,,,,,,,,,,,,2.0,,,,,,,,2.0,2.0,2.0,#NULL!,#NULL!,#NULL!,#NULL!,#NULL!,#NULL!,#NULL!,#NULL!,1.0,,2.0,1.0,1.0,1.0,3.0,3.0,6.0,6.0,7.0,7.0,2.0,4.0,1.0,1.0,4.0,2.0,1.0,1.0,2.0,3.0,1.0,3.0,2.0,5.0,
8,5,3.0,7,D,1.0,,7,,,2,2,2,1,2,3,2,2,3,4,4,2,2,1,,,,,0,0,,,,,1.0,1,,1.0,1.0,2.0,2.0,,6.0,,,,,,,,,,,,,,,,,,,,,6.0,,,,,,,,2.0,1.0,1.0,#NULL!,#NULL!,#NULL!,#NULL!,#NULL!,#NULL!,#NULL!,#NULL!,1.0,,3.0,2.0,1.0,1.0,3.0,3.0,6.0,6.0,7.0,7.0,2.0,3.0,1.0,1.0,5.0,2.0,1.0,1.0,3.0,3.0,1.0,3.0,2.0,10.0,
8,5,3.0,18,B,2.0,,9,,"MENYEDIAKAN PENGINAPAN, MAKANA",1,2,1,1,1,2,2,2,3,4,4,1,2,2,1.0,,,,0,0,,,,,1.0,1,,1.0,1.0,2.0,2.0,2.0,3.0,5.0,,,,,,,,,,,,,,,,,,,1.0,2.0,3.0,,,,,,,2.0,1.0,2.0,#NULL!,#NULL!,#NULL!,#NULL!,#NULL!,#NULL!,#NULL!,#NULL!,1.0,,4.0,2.0,3.0,3.0,3.0,3.0,6.0,6.0,7.0,7.0,3.0,5.0,1.0,2.0,5.0,1.0,1.0,1.0,3.0,9.0,2.0,3.0,1.0,6.0,
8,5,3.0,11,E,3.0,,11,,AKSES INTERNET,2,2,2,1,1,2,2,2,3,2,3,2,2,2,1.0,,,,0,0,,,,,1.0,3,2.0,1.0,1.0,2.0,2.0,5.0,,,,,,,,,,5.0,,,,,,,,,,,,,,,,,,,,2.0,1.0,6.0,#NULL!,#NULL!,#NULL!,#NULL!,#NULL!,#NULL!,#NULL!,#NULL!,1.0,,3.0,2.0,3.0,3.0,3.0,3.0,5.0,6.0,1.0,7.0,2.0,1.0,1.0,2.0,1.0,2.0,1.0,1.0,3.0,5.0,2.0,1.0,3.0,3.0,
8,5,4.0,19,F,3.0,,9,MAKANAN,MAKANAN DAN MINUMAN,4,2,2,1,3,3,2,2,3,3,4,4,4,1,,,,,0,0,,,,,1.0,1,,2.0,2.0,2.0,2.0,,2.0,,,,,,,,,,,,,,,,,,,,,2.0,,,,,,,,2.0,2.0,1.0,#NULL!,#NULL!,#NULL!,#NULL!,#NULL!,#NULL!,#NULL!,#NULL!,1.0,,2.0,1.0,3.0,3.0,3.0,3.0,6.0,6.0,7.0,7.0,3.0,3.0,2.0,3.0,3.0,2.0,2.0,2.0,3.0,9.0,1.0,3.0,2.0,6.0,
8,5,3.0,19,E,1.0,,7,BUSSINESS,CERMIN MATA,2,4,2,2,3,2,2,4,2,2,2,2,4,2,1.0,,,,1,1,1.0,,2.0,2.0,1.0,2,1.0,1.0,1.0,2.0,2.0,,5.0,,,,,,,,,1.0,,,,,,,,,,,,3.0,,,,,,,,1.0,1.0,2.0,#NULL!,#NULL!,#NULL!,#NULL!,#NULL!,#NULL!,#NULL!,1100,1.0,,2.0,6.0,1.0,1.0,3.0,3.0,6.0,6.0,1.0,1.0,2.0,2.0,2.0,2.0,2.0,2.0,2.0,2.0,2.0,2.0,1.0,2.0,3.0,5.0,
8,5,4.0,19,I,3.0,,17,KESIHATAN DAN PERUBATAN,KESIHATAN DAN PERUBATAN,2,2,2,1,2,3,2,3,2,3,4,3,2,1,,,,,0,0,,,,,1.0,1,,1.0,1.0,2.0,1.0,1.0,2.0,3.0,,,,,,,,,,,,,2.0,,,1.0,,,,,,,,,,,,2.0,1.0,1.0,#NULL!,#NULL!,#NULL!,#NULL!,#NULL!,#NULL!,#NULL!,#NULL!,1.0,,2.0,1.0,1.0,2.0,3.0,3.0,1.0,6.0,7.0,7.0,2.0,2.0,1.0,1.0,2.0,1.0,1.0,1.0,2.0,6.0,1.0,3.0,2.0,7.0,
8,5,3.0,7,E,1.0,,7,,PAKAIAN,2,2,2,1,1,2,2,2,4,4,3,2,2,2,1.0,,,,0,0,,,,,1.0,1,,1.0,1.0,2.0,2.0,3.0,3.0,6.0,,,,,,,,,,,,,,,,,,,1.0,2.0,3.0,,,,,,,1.0,2.0,2.0,#NULL!,#NULL!,#NULL!,#NULL!,#NULL!,#NULL!,#NULL!,#NULL!,1.0,,3.0,2.0,1.0,1.0,3.0,3.0,6.0,6.0,7.0,7.0,2.0,5.0,1.0,2.0,3.0,1.0,1.0,1.0,3.0,9.0,1.0,3.0,2.0,4.0,
8,5,4.0,19,J,1.0,,17,KECANTIKAN,PRODUK PENJAGAAN KULIT,2,2,2,1,2,2,2,2,3,4,4,2,2,2,1.0,,,,0,0,,,,,1.0,1,,1.0,1.0,2.0,2.0,,3.0,,,,,,,,,,,,,,,,,,,,,3.0,,,,,,,,2.0,1.0,9.0,#NULL!,#NULL!,#NULL!,#NULL!,#NULL!,#NULL!,#NULL!,#NULL!,1.0,,2.0,1.0,1.0,1.0,3.0,3.0,6.0,6.0,7.0,7.0,2.0,4.0,1.0,2.0,2.0,2.0,1.0,1.0,2.0,7.0,1.0,3.0,2.0,1.0,
8,5,4.0,17,E,3.0,,17,,CERMIN MATA,2,2,2,2,3,3,2,2,4,4,4,2,2,1,,,,,0,0,,,,,1.0,1,,2.0,1.0,2.0,2.0,,4.0,,,,,,,,,,,,,,,,,,,,,4.0,,,,,,,,2.0,2.0,2.0,#NULL!,#NULL!,#NULL!,#NULL!,#NULL!,#NULL!,#NULL!,#NULL!,1.0,,3.0,2.0,3.0,3.0,3.0,3.0,6.0,6.0,7.0,7.0,2.0,5.0,1.0,2.0,5.0,5.0,1.0,3.0,1.0,9.0,1.0,3.0,2.0,5.0,
8,5,3.0,7,E,3.0,,7,,BARANGAN RUNCIT,4,4,2,1,3,3,3,4,4,4,4,4,4,1,,,,,0,0,,,,,1.0,1,,1.0,2.0,2.0,2.0,7.0,5.0,12.0,,,,,,,,,,,,,,,,,,,3.0,2.0,5.0,,,,,,,2.0,2.0,1.0,#NULL!,#NULL!,#NULL!,#NULL!,#NULL!,#NULL!,#NULL!,#NULL!,1.0,,2.0,1.0,3.0,3.0,3.0,3.0,6.0,6.0,7.0,7.0,3.0,3.0,1.0,3.0,3.0,2.0,2.0,3.0,3.0,6.0,3.0,1.0,2.0,7.0,
8,5,4.0,7,E,3.0,,7,,,3,2,3,2,1,2,3,2,2,3,4,4,4,1,,,,,0,0,,,,,1.0,1,,2.0,2.0,2.0,2.0,,4.0,,,,,,,,,,,,,,,,,,,,,2.0,,,,,,,,2.0,2.0,1.0,#NULL!,#NULL!,#NULL!,#NULL!,#NULL!,#NULL!,#NULL!,#NULL!,1.0,,2.0,1.0,1.0,1.0,3.0,3.0,6.0,6.0,7.0,7.0,3.0,3.0,1.0,2.0,3.0,3.0,1.0,2.0,3.0,9.0,3.0,2.0,1.0,6.0,
8,5,3.0,4,I,3.0,,4,,,4,3,3,3,3,3,3,3,3,3,4,4,4,1,,,,,0,0,,,,,1.0,1,,2.0,2.0,2.0,2.0,5.0,,,,,,,,,,,,,,,,,,,,,,,,,,,,,,2.0,2.0,1.0,#NULL!,#NULL!,#NULL!,#NULL!,#NULL!,#NULL!,#NULL!,#NULL!,1.0,,2.0,1.0,1.0,1.0,3.0,3.0,6.0,6.0,7.0,7.0,4.0,3.0,1.0,3.0,3.0,2.0,2.0,2.0,2.0,9.0,1.0,2.0,3.0,6.0,
8,5,4.0,18,E,3.0,,9,,,4,3,2,2,2,2,2,2,2,3,3,3,3,1,,,,,0,0,,,,,1.0,1,,2.0,2.0,2.0,2.0,,2.0,,,,,,,,,,,,,,,,,,,,,2.0,,,,,,,,2.0,2.0,1.0,#NULL!,#NULL!,#NULL!,#NULL!,#NULL!,#NULL!,#NULL!,#NULL!,1.0,,6.0,6.0,3.0,3.0,3.0,3.0,6.0,6.0,7.0,7.0,3.0,3.0,2.0,3.0,3.0,2.0,2.0,2.0,3.0,3.0,1.0,2.0,3.0,7.0,
8,5,4.0,4,C,3.0,,4,,,3,2,2,1,1,1,2,2,3,3,3,3,3,1,,,,,0,0,,,,,1.0,1,,1.0,2.0,1.0,2.0,4.0,,,,,,,,,,,,,,,,,,,,,1.0,,,,,,,,,2.0,2.0,3.0,#NULL!,#NULL!,#NULL!,#NULL!,#NULL!,#NULL!,#NULL!,#NULL!,1.0,,2.0,1.0,2.0,2.0,3.0,3.0,6.0,6.0,7.0,7.0,3.0,1.0,1.0,3.0,3.0,1.0,1.0,1.0,2.0,9.0,2.0,3.0,1.0,6.0,
8,5,4.0,4,D,3.0,,4,,,3,3,2,3,1,2,2,2,2,3,3,3,3,1,,,,,0,0,,,,,1.0,1,,2.0,2.0,2.0,2.0,3.0,,,,,,,,,,,,,,,,,,,,,,,,,,,,,,2.0,2.0,2.0,#NULL!,#NULL!,#NULL!,#NULL!,#NULL!,#NULL!,#NULL!,#NULL!,1.0,,2.0,1.0,2.0,2.0,3.0,3.0,6.0,6.0,7.0,7.0,3.0,1.0,1.0,3.0,3.0,1.0,1.0,1.0,2.0,6.0,3.0,2.0,1.0,1.0,
8,5,3.0,19,E,3.0,,18,ALAT PERMAINAN BERMOTOR,ALAT PERMAINAN BERMOTOR,2,2,2,1,2,3,2,3,2,3,4,3,2,1,,,,,0,0,,,,,1.0,1,,1.0,1.0,2.0,1.0,6.0,,,,,,,,,,,,,,,,,,,,,6.0,,,,,,,,,2.0,1.0,1.0,#NULL!,#NULL!,#NULL!,#NULL!,#NULL!,#NULL!,#NULL!,#NULL!,1.0,,2.0,1.0,2.0,2.0,3.0,3.0,6.0,6.0,7.0,7.0,2.0,2.0,1.0,1.0,2.0,1.0,1.0,1.0,2.0,6.0,1.0,3.0,2.0,7.0,
8,5,3.0,18,H,3.0,,18,,,2,2,3,1,2,3,2,1,3,3,4,2,4,1,,,,,0,0,,,,,1.0,1,,2.0,2.0,2.0,2.0,2.0,3.0,5.0,,,,,,,1.0,1.0,2.0,,,,,,,,,,,,,,,,,,,2.0,1.0,3.0,#NULL!,#NULL!,#NULL!,#NULL!,#NULL!,#NULL!,#NULL!,#NULL!,1.0,,2.0,1.0,2.0,2.0,3.0,3.0,1.0,1.0,7.0,7.0,3.0,2.0,3.0,2.0,3.0,1.0,1.0,1.0,3.0,6.0,1.0,2.0,3.0,7.0,
8,5,3.0,19,F,2.0,,9,RESTORAN,RESTORAN,3,2,1,1,3,3,2,3,3,3,3,3,3,1,,,,,0,0,,,,,1.0,1,,1.0,2.0,2.0,2.0,3.0,3.0,6.0,,,,,,,,,,,,,,,,,,,1.0,1.0,2.0,,,,,,,2.0,2.0,9.0,#NULL!,#NULL!,#NULL!,#NULL!,#NULL!,#NULL!,#NULL!,#NULL!,1.0,,2.0,1.0,3.0,3.0,3.0,3.0,6.0,6.0,7.0,7.0,3.0,2.0,2.0,3.0,3.0,1.0,1.0,1.0,2.0,7.0,1.0,2.0,3.0,10.0,
8,5,3.0,19,B,3.0,,7,BUSINESS,BUSINESS,4,3,1,1,3,3,1,4,3,2,3,3,4,1,,,,,0,0,,,,,1.0,1,,2.0,1.0,1.0,2.0,4.0,4.0,8.0,,,,,,,,,,,,,,,,,,,3.0,1.0,4.0,,,,,,,2.0,2.0,2.0,#NULL!,#NULL!,#NULL!,#NULL!,#NULL!,#NULL!,#NULL!,#NULL!,1.0,,2.0,1.0,3.0,3.0,3.0,3.0,6.0,6.0,7.0,7.0,3.0,3.0,2.0,3.0,3.0,2.0,2.0,2.0,3.0,7.0,1.0,3.0,2.0,7.0,
8,5,3.0,18,F,2.0,,9,,,3,2,2,1,2,3,2,2,2,2,2,3,3,1,,,,,0,0,,,,,1.0,1,,1.0,1.0,2.0,2.0,2.0,3.0,5.0,,,,,,,,,,,,,,,,,,,,,,,,,,,,2.0,1.0,9.0,#NULL!,#NULL!,#NULL!,#NULL!,#NULL!,#NULL!,#NULL!,#NULL!,1.0,,2.0,1.0,2.0,2.0,3.0,3.0,6.0,6.0,7.0,7.0,3.0,2.0,1.0,2.0,3.0,1.0,1.0,2.0,3.0,9.0,2.0,1.0,3.0,10.0,
8,5,4.0,19,C,3.0,,7,BARANG KEPERLUAN RUMAH,BARANG KEPERLUAN RUMAH,2,3,2,1,3,2,1,2,2,2,3,2,4,1,,,,,0,0,,,,,1.0,1,,1.0,1.0,2.0,1.0,3.0,,,,,,,,,,,,,,,,,,,,,1.0,,,,,,,,,2.0,1.0,2.0,#NULL!,#NULL!,#NULL!,#NULL!,#NULL!,#NULL!,#NULL!,#NULL!,1.0,,2.0,1.0,2.0,3.0,3.0,3.0,1.0,6.0,7.0,7.0,3.0,1.0,1.0,2.0,3.0,1.0,1.0,1.0,2.0,2.0,3.0,1.0,2.0,6.0,
8,5,3.0,18,E,1.0,,9,,,3,2,2,2,3,2,3,2,3,4,4,4,4,1,,,,,0,0,,,,,1.0,1,,2.0,2.0,2.0,2.0,1.0,4.0,5.0,,,,,,,,,,,,,,,,,,,,1.0,,,,,,,,2.0,2.0,1.0,#NULL!,#NULL!,#NULL!,#NULL!,#NULL!,#NULL!,#NULL!,#NULL!,1.0,,3.0,1.0,1.0,1.0,3.0,3.0,6.0,6.0,7.0,7.0,2.0,2.0,2.0,2.0,2.0,2.0,2.0,2.0,2.0,8.0,2.0,2.0,2.0,6.0,
8,5,3.0,7,B,3.0,,7,,,3,3,2,1,2,2,2,2,1,1,1,3,3,1,,,,,0,0,,,,,1.0,1,,2.0,1.0,2.0,2.0,2.0,3.0,5.0,,,,,,,,,,,,,,,,,,,,,,,,,,,,2.0,2.0,1.0,#NULL!,#NULL!,#NULL!,#NULL!,#NULL!,#NULL!,#NULL!,#NULL!,1.0,,2.0,1.0,3.0,3.0,3.0,3.0,1.0,1.0,7.0,7.0,2.0,2.0,1.0,3.0,2.0,1.0,1.0,1.0,3.0,9.0,3.0,2.0,1.0,10.0,
8,5,4.0,4,D,1.0,,4,,,3,2,2,2,1,2,2,3,2,3,3,3,3,1,,,,,0,0,,,,,1.0,1,,1.0,1.0,2.0,2.0,4.0,,,,,,,,,,,,,,,,,,,,,,,,,,,,,,1.0,1.0,7.0,#NULL!,#NULL!,#NULL!,#NULL!,#NULL!,#NULL!,#NULL!,#NULL!,1.0,,2.0,1.0,2.0,2.0,3.0,3.0,6.0,6.0,7.0,7.0,3.0,1.0,1.0,3.0,3.0,1.0,1.0,1.0,2.0,6.0,3.0,2.0,1.0,6.0,
8,5,4.0,7,D,1.0,,7,,JUAL BELI BUNGA PLASTIK DAN BA,3,3,1,2,2,3,3,2,4,4,4,3,2,2,1.0,,,,0,0,,,,,2.0,1,,2.0,2.0,2.0,2.0,,1.0,,,,,,,,,,,,,,,,,,,,,,,,,,,,,2.0,1.0,8.0,#NULL!,#NULL!,#NULL!,#NULL!,#NULL!,#NULL!,1000,#NULL!,1.0,,1.0,6.0,1.0,3.0,3.0,3.0,6.0,6.0,7.0,7.0,2.0,2.0,1.0,2.0,3.0,3.0,1.0,1.0,1.0,2.0,2.0,1.0,3.0,6.0,
8,5,3.0,12,E,3.0,,12,,,4,3,2,2,2,2,4,4,4,2,3,4,4,1,,,,,0,0,,,,,1.0,1,,2.0,2.0,2.0,2.0,2.0,3.0,5.0,,,,,,,,,,,,,,,,,,,1.0,1.0,2.0,,,,,,,2.0,2.0,9.0,#NULL!,#NULL!,#NULL!,#NULL!,#NULL!,#NULL!,#NULL!,#NULL!,1.0,,2.0,1.0,3.0,3.0,3.0,3.0,6.0,6.0,7.0,7.0,3.0,3.0,1.0,3.0,3.0,1.0,1.0,3.0,3.0,9.0,1.0,2.0,3.0,7.0,
8,5,4.0,10,D,1.0,,10,,TOP-UP,3,4,4,3,4,4,4,4,4,2,2,4,1,1,,,,,0,0,,,,,2.0,1,,2.0,2.0,2.0,2.0,,,,,,,,,,,,,,,,,,,,,,,,,,,,,,,2.0,2.0,7.0,#NULL!,#NULL!,#NULL!,#NULL!,#NULL!,#NULL!,#NULL!,#NULL!,1.0,,6.0,6.0,3.0,3.0,3.0,3.0,6.0,6.0,7.0,7.0,3.0,2.0,1.0,2.0,3.0,2.0,2.0,1.0,3.0,2.0,1.0,3.0,2.0,6.0,
8,5,4.0,19,H,2.0,,18,PELANCONGAN,,3,3,2,2,3,2,2,2,2,3,3,4,4,1,,,,,0,0,,,,,2.0,1,,1.0,2.0,2.0,2.0,1.0,2.0,3.0,,,,,,,,,,,,,,,,,,,1.0,2.0,3.0,,,,,,,2.0,1.0,2.0,#NULL!,#NULL!,#NULL!,#NULL!,#NULL!,#NULL!,#NULL!,#NULL!,1.0,,2.0,1.0,3.0,3.0,3.0,3.0,6.0,6.0,7.0,7.0,3.0,5.0,2.0,2.0,2.0,3.0,2.0,2.0,1.0,7.0,1.0,2.0,3.0,5.0,
8,5,4.0,19,J,3.0,,17,KECANTIKAN DAN KESIHATAN,MINUMAN KESIHATAN DAN KECANTIK,2,2,1,1,2,3,2,2,3,4,4,2,2,1,,,,,0,0,,,,,1.0,1,,1.0,2.0,2.0,2.0,,2.0,,,,,,,,,,,,,,,,,,,,,2.0,,,,,,,,2.0,1.0,1.0,#NULL!,#NULL!,#NULL!,#NULL!,#NULL!,#NULL!,#NULL!,#NULL!,1.0,,2.0,1.0,1.0,1.0,3.0,3.0,6.0,6.0,7.0,7.0,2.0,4.0,1.0,1.0,3.0,1.0,1.0,1.0,2.0,3.0,1.0,3.0,2.0,10.0,
8,5,3.0,7,E,3.0,,7,,,4,3,2,2,4,4,2,4,2,2,3,4,4,1,,,,,0,0,,,,,1.0,1,,2.0,1.0,1.0,2.0,2.0,4.0,6.0,,,,,,,,,,,,,,,,,,,,1.0,,,,,,,,2.0,2.0,1.0,#NULL!,#NULL!,#NULL!,#NULL!,#NULL!,#NULL!,#NULL!,#NULL!,1.0,,2.0,1.0,1.0,2.0,3.0,3.0,6.0,6.0,7.0,7.0,2.0,2.0,2.0,2.0,2.0,2.0,2.0,2.0,2.0,9.0,1.0,3.0,2.0,7.0,
8,5,3.0,16,E,2.0,,16,,BUKU DAN ALAT TULIS,4,2,1,1,3,3,3,2,4,1,3,4,2,1,,,,,0,0,,,,,2.0,1,,1.0,2.0,2.0,2.0,4.0,3.0,7.0,,,,,,,,,,,,,,,,,,,,1.0,,,,,,,,3.0,2.0,1.0,#NULL!,#NULL!,#NULL!,#NULL!,#NULL!,#NULL!,#NULL!,#NULL!,1.0,,2.0,3.0,1.0,1.0,3.0,3.0,6.0,6.0,7.0,7.0,2.0,2.0,2.0,2.0,3.0,2.0,3.0,2.0,2.0,2.0,1.0,2.0,2.0,4.0,
8,5,3.0,4,A,1.0,,1,,,2,2,2,1,3,3,2,2,4,4,4,1,1,1,,,,,0,0,,,,,1.0,1,,1.0,2.0,2.0,2.0,3.0,3.0,6.0,,,,,,,,,,,,,,,,3.0,3.0,6.0,,,,,,,,,,2.0,1.0,1.0,#NULL!,#NULL!,#NULL!,#NULL!,#NULL!,#NULL!,#NULL!,#NULL!,1.0,,3.0,2.0,2.0,1.0,3.0,3.0,5.0,6.0,7.0,7.0,2.0,4.0,1.0,1.0,3.0,1.0,1.0,1.0,2.0,9.0,2.0,3.0,1.0,7.0,
8,5,4.0,13,E,2.0,,13,,INSURANS AGENCY,1,2,2,2,2,3,2,3,3,1,2,4,3,2,1.0,,,,0,0,,,,,2.0,1,,1.0,1.0,2.0,2.0,3.0,1.0,4.0,,,,,,,,,,,,,,,,,,,,,,,,,,,,2.0,1.0,1.0,#NULL!,#NULL!,#NULL!,#NULL!,#NULL!,#NULL!,#NULL!,#NULL!,1.0,,1.0,1.0,3.0,3.0,3.0,3.0,6.0,6.0,7.0,7.0,2.0,2.0,2.0,2.0,2.0,2.0,2.0,2.0,2.0,2.0,2.0,1.0,3.0,5.0,
8,5,4.0,7,D,1.0,,7,,,3,2,2,2,2,3,3,3,3,4,4,4,4,1,,,,,0,0,,,,,1.0,1,,2.0,2.0,2.0,2.0,1.0,,,,,,,,,,,,,,,,,,,,,,,,,,,,,,2.0,2.0,9.0,#NULL!,#NULL!,#NULL!,#NULL!,#NULL!,#NULL!,#NULL!,#NULL!,1.0,,6.0,6.0,3.0,3.0,3.0,3.0,6.0,6.0,7.0,7.0,3.0,3.0,1.0,2.0,3.0,3.0,1.0,2.0,3.0,9.0,3.0,2.0,1.0,7.0,
8,5,4.0,18,J,1.0,,18,,,4,2,2,1,4,4,4,4,3,2,3,4,4,1,,,,,0,0,,,,,1.0,1,,2.0,2.0,2.0,2.0,1.0,1.0,2.0,,,,,,,,,,,,,,,,,,,,,,,,,,,,2.0,2.0,9.0,#NULL!,#NULL!,#NULL!,#NULL!,#NULL!,#NULL!,#NULL!,#NULL!,1.0,,6.0,6.0,3.0,3.0,3.0,3.0,1.0,1.0,7.0,7.0,2.0,2.0,1.0,2.0,2.0,1.0,1.0,1.0,2.0,3.0,1.0,2.0,3.0,1.0,
8,5,4.0,18,H,3.0,,18,,,4,3,1,1,2,3,2,3,3,1,3,3,3,1,,,,,0,0,,,,,1.0,1,,2.0,1.0,1.0,1.0,1.0,3.0,4.0,,,,,,,,,,,,,,,,,,,,2.0,,,,,,,,2.0,2.0,1.0,#NULL!,#NULL!,#NULL!,#NULL!,#NULL!,#NULL!,#NULL!,#NULL!,1.0,,2.0,1.0,3.0,3.0,3.0,3.0,6.0,6.0,7.0,7.0,3.0,1.0,1.0,1.0,1.0,1.0,1.0,1.0,2.0,9.0,1.0,3.0,2.0,9.0,
8,5,4.0,18,I,5.0,,18,,,2,2,1,2,3,2,3,3,3,4,4,2,2,1,,,,,0,0,,,,,1.0,1,,1.0,1.0,2.0,1.0,2.0,2.0,4.0,,,,,,,,,,,,,,,,,,,2.0,2.0,4.0,,,,,,,2.0,1.0,1.0,#NULL!,#NULL!,#NULL!,#NULL!,#NULL!,#NULL!,#NULL!,#NULL!,1.0,,3.0,2.0,3.0,3.0,3.0,3.0,6.0,6.0,7.0,7.0,2.0,2.0,1.0,1.0,1.0,2.0,1.0,1.0,2.0,3.0,1.0,3.0,2.0,6.0,
8,5,3.0,19,E,1.0,,17,SPA DAN SALOON,PRODUK PENJAGAAN KULIT,2,3,2,1,2,2,4,2,2,2,2,2,2,1,,,,,0,0,,,,,2.0,1,,1.0,2.0,1.0,1.0,,,,,,,,,,,,,,,,,,,,,,,,,,,,,,,1.0,1.0,1.0,#NULL!,#NULL!,#NULL!,#NULL!,#NULL!,#NULL!,#NULL!,#NULL!,1.0,,2.0,1.0,1.0,1.0,1.0,1.0,6.0,6.0,7.0,7.0,2.0,4.0,1.0,1.0,3.0,2.0,1.0,1.0,2.0,9.0,1.0,3.0,2.0,6.0,
8,5,3.0,3,D,3.0,,3,,,1,2,1,1,2,3,2,2,3,4,4,1,2,2,1.0,,,,0,0,,,,,1.0,1,,1.0,1.0,2.0,2.0,,,,,,,,,,,,,,,,,,,,,,,,,,,,,,,2.0,1.0,1.0,#NULL!,#NULL!,#NULL!,#NULL!,#NULL!,#NULL!,#NULL!,#NULL!,1.0,,2.0,1.0,3.0,3.0,3.0,3.0,1.0,5.0,7.0,7.0,1.0,2.0,1.0,1.0,2.0,1.0,1.0,1.0,3.0,2.0,1.0,3.0,2.0,4.0,
8,5,3.0,19,J,3.0,,17,KECANTIKAN,PRODUK PENJAGAAN KULIT,2,2,2,1,2,3,2,2,3,3,4,2,2,2,1.0,,,,0,0,,,,,1.0,1,,1.0,1.0,1.0,1.0,,10.0,,,,,,,,,,,,,,,,,,,,,10.0,,,,,,,,1.0,1.0,1.0,#NULL!,#NULL!,#NULL!,#NULL!,#NULL!,#NULL!,#NULL!,#NULL!,1.0,,3.0,2.0,1.0,1.0,3.0,3.0,6.0,6.0,7.0,7.0,2.0,3.0,1.0,1.0,3.0,1.0,1.0,1.0,2.0,3.0,1.0,3.0,2.0,3.0,
8,5,2.0,4,E,3.0,,4,,OUTOMOTIVE PRODUCT,1,2,1,1,2,3,2,3,4,3,4,2,2,2,1.0,,,,0,1,1.0,,50.0,,1.0,3,2.0,1.0,1.0,2.0,2.0,300.0,70.0,370.0,200.0,,,30.0,6.0,36.0,30.0,7.0,37.0,20.0,8.0,28.0,10.0,15.0,25.0,30.0,,,80.0,4.0,84.0,,10.0,,,,,2.0,1.0,1.0,#NULL!,#NULL!,#NULL!,#NULL!,#NULL!,#NULL!,#NULL!,#NULL!,1.0,,3.0,2.0,3.0,3.0,3.0,3.0,6.0,6.0,1.0,7.0,1.0,2.0,1.0,1.0,2.0,1.0,1.0,1.0,2.0,1.0,1.0,3.0,2.0,3.0,
8,5,2.0,7,E,3.0,,7,,PERNIAGAAN BORONG DAN RUNCIT,1,2,1,1,2,2,2,2,2,2,2,2,1,2,1.0,1.0,,,1,0,2.0,,,,1.0,3,2.0,1.0,1.0,1.0,1.0,89.0,67.0,156.0,,,,,,,,,,,,,,,,,,,,,,,,,,,,3.0,2.0,1.0,#NULL!,#NULL!,#NULL!,#NULL!,#NULL!,#NULL!,#NULL!,#NULL!,1.0,,3.0,1.0,3.0,3.0,3.0,3.0,5.0,6.0,1.0,2.0,2.0,3.0,3.0,2.0,3.0,3.0,3.0,3.0,3.0,2.0,1.0,2.0,3.0,2.0,
8,5,4.0,16,H,3.0,,16,,,3,3,3,3,3,3,3,3,3,3,3,3,3,1,,,,,0,1,1.0,,,,1.0,3,1.0,1.0,1.0,2.0,2.0,2.0,2.0,4.0,,,,,2.0,,,,,,,,1.0,,,,,,1.0,,,,,,,,,1.0,1.0,1.0,#NULL!,#NULL!,#NULL!,#NULL!,#NULL!,#NULL!,#NULL!,#NULL!,1.0,,3.0,3.0,3.0,3.0,3.0,3.0,1.0,5.0,6.0,7.0,2.0,2.0,2.0,2.0,2.0,2.0,2.0,2.0,2.0,2.0,1.0,3.0,2.0,5.0,
8,5,4.0,19,E,1.0,,7,JAHIT PAKAIAN,PAKAIAN,3,3,3,3,3,3,3,3,3,3,3,3,3,1,,,,,0,0,,,,,2.0,1,,2.0,2.0,2.0,2.0,,2.0,,,,,,,,,,,,,,,,,,,,,,,,,,,,,2.0,1.0,,#NULL!,#NULL!,#NULL!,#NULL!,#NULL!,#NULL!,#NULL!,#NULL!,,,6.0,6.0,1.0,1.0,3.0,3.0,5.0,6.0,7.0,7.0,2.0,1.0,3.0,3.0,3.0,3.0,1.0,3.0,3.0,2.0,2.0,3.0,1.0,5.0,
8,5,4.0,19,E,3.0,,7,KEDAI EMAS,BARANGAN KEMAS,3,2,3,3,2,3,2,2,3,3,2,3,3,1,,,,,0,0,,,,,1.0,1,,1.0,2.0,2.0,2.0,1.0,3.0,4.0,,,,,,,,,,,,,,,,,,,,2.0,,,,,,,,1.0,1.0,9.0,1200,1800,#NULL!,#NULL!,#NULL!,#NULL!,900,1200,1.0,,2.0,1.0,3.0,3.0,3.0,3.0,1.0,6.0,2.0,2.0,2.0,2.0,2.0,2.0,2.0,2.0,2.0,2.0,2.0,2.0,2.0,1.0,3.0,1.0,
8,5,4.0,18,F,1.0,,9,,HOMESTAY,3,3,2,2,3,3,3,3,3,3,3,3,3,1,,,,,0,0,,,,,2.0,1,,2.0,2.0,2.0,2.0,1.0,3.0,4.0,,,,,,,,,,,,,,,,,,,,2.0,,,,,,,,1.0,1.0,8.0,#NULL!,#NULL!,#NULL!,#NULL!,#NULL!,#NULL!,500,1000,1.0,,6.0,6.0,3.0,3.0,3.0,3.0,6.0,6.0,7.0,7.0,2.0,2.0,2.0,2.0,3.0,2.0,3.0,3.0,3.0,9.0,2.0,1.0,3.0,1.0,
9,5,4.0,4,C,3.0,,4,,ALUMINIUM,3,3,3,2,2,3,3,3,3,3,3,3,4,1,,,,,0,0,,,,,2.0,1,,2.0,2.0,2.0,2.0,3.0,1.0,4.0,,,,,,,,,,,,,,,,,,,,,,,,,,,,2.0,2.0,2.0,#NULL!,#NULL!,#NULL!,#NULL!,#NULL!,#NULL!,#NULL!,#NULL!,,,3.0,3.0,3.0,3.0,3.0,3.0,6.0,6.0,2.0,2.0,,,,,,,,,,,2.0,1.0,2.0,3.0,
9,5,3.0,8,H,1.0,,8,,PENGANKUTAN BAS DAN VAN,2,1,1,2,2,2,2,2,2,2,2,3,2,2,1.0,1.0,,,0,0,,,,,2.0,1,,2.0,1.0,2.0,2.0,20.0,6.0,26.0,4.0,6.0,10.0,0.0,3.0,3.0,0.0,0.0,0.0,2.0,0.0,2.0,0.0,2.0,2.0,1.0,1.0,2.0,1.0,0.0,1.0,,,,,,,1.0,1.0,1.0,#NULL!,#NULL!,#NULL!,#NULL!,#NULL!,#NULL!,#NULL!,#NULL!,1.0,,6.0,6.0,3.0,2.0,3.0,3.0,1.0,,1.0,,1.0,1.0,1.0,2.0,2.0,2.0,1.0,2.0,1.0,3.0,1.0,2.0,3.0,11.0,
9,5,3.0,7,G,1.0,,7,,,3,3,3,4,3,4,3,4,3,3,3,4,4,1,,,,,0,0,,,,,,1,,1.0,1.0,2.0,1.0,6.0,2.0,8.0,,,,,,,,,,,,,,,,,,,,,,,,,,,,2.0,2.0,1.0,#NULL!,#NULL!,#NULL!,#NULL!,#NULL!,#NULL!,#NULL!,#NULL!,1.0,,6.0,6.0,3.0,3.0,3.0,3.0,6.0,6.0,7.0,7.0,2.0,1.0,1.0,2.0,2.0,2.0,2.0,1.0,1.0,8.0,1.0,2.0,3.0,5.0,
9,5,4.0,18,F,1.0,,9,,NASI CAMPUR,2,3,3,3,3,3,3,2,3,3,3,3,3,1,,,,,1,0,1.0,,2.0,,2.0,1,,2.0,1.0,1.0,2.0,0.0,4.0,4.0,,,,,,,,,,,,,,,,,,,,,,1.0,0.0,1.0,,,,2.0,2.0,9.0,#NULL!,#NULL!,#NULL!,#NULL!,#NULL!,#NULL!,#NULL!,#NULL!,1.0,,6.0,6.0,1.0,1.0,3.0,3.0,6.0,6.0,2.0,2.0,2.0,2.0,2.0,2.0,2.0,2.0,2.0,2.0,2.0,9.0,1.0,3.0,2.0,3.0,
9,5,3.0,2,B,2.0,,2,,BELACAN,3,3,2,4,4,4,2,3,3,4,4,3,4,2,,,,,0,0,,,,,,1,,2.0,2.0,2.0,2.0,2.0,4.0,6.0,,,,,,,,,,,,,,,,,,,,,,,,,,,,2.0,2.0,8.0,#NULL!,#NULL!,#NULL!,#NULL!,#NULL!,#NULL!,#NULL!,#NULL!,1.0,,,6.0,,3.0,,3.0,6.0,6.0,,7.0,3.0,3.0,3.0,3.0,3.0,3.0,3.0,3.0,3.0,9.0,1.0,2.0,3.0,3.0,
9,5,4.0,19,E,2.0,,7,PAKAIAN,PAKAIAN,2,2,2,2,3,3,3,3,3,3,3,3,3,1,,,,,0,0,,,,,2.0,1,,2.0,2.0,2.0,2.0,0.0,1.0,1.0,,,,,,,,,,,,,,,,,,,0.0,1.0,1.0,,,,,,,2.0,2.0,9.0,#NULL!,#NULL!,#NULL!,#NULL!,#NULL!,#NULL!,500,#NULL!,1.0,,,2.0,,1.0,,1.0,,6.0,,2.0,2.0,2.0,2.0,2.0,4.0,2.0,2.0,3.0,3.0,9.0,1.0,2.0,3.0,1.0,
9,5,4.0,19,F,1.0,,9,KEDAI MAKAN,KEDAI MAKAN,2,2,2,2,2,2,2,2,2,2,2,2,2,1,,,,,0,0,,,,,2.0,1,,2.0,2.0,2.0,2.0,1.0,2.0,3.0,,,,,,,,,,,,,,,,,,,1.0,0.0,1.0,,,,,,,2.0,1.0,8.0,#NULL!,#NULL!,#NULL!,#NULL!,#NULL!,#NULL!,900,#NULL!,2.0,TIADA,,1.0,,2.0,,2.0,,6.0,,2.0,3.0,3.0,3.0,3.0,3.0,3.0,3.0,3.0,3.0,9.0,1.0,3.0,2.0,5.0,
9,5,4.0,7,E,1.0,,7,,BARANGAN RUNCIT,4,3,3,4,4,4,4,3,3,4,4,3,4,1,,,,,0,0,,,,,2.0,1,,2.0,2.0,2.0,2.0,0.0,2.0,2.0,,,,,,,,,,,,,,,,,,,,,,,,,,,,2.0,2.0,9.0,#NULL!,#NULL!,#NULL!,#NULL!,#NULL!,#NULL!,#NULL!,#NULL!,,,6.0,6.0,3.0,3.0,3.0,3.0,6.0,6.0,7.0,7.0,3.0,3.0,3.0,3.0,3.0,3.0,3.0,3.0,3.0,9.0,3.0,1.0,2.0,3.0,
9,5,3.0,19,A,2.0,,9,JUAL JERUK,JERUK,2,2,2,2,2,2,2,2,4,4,4,2,4,1,,,,,0,0,,,,,2.0,1,,2.0,2.0,2.0,2.0,2.0,3.0,5.0,,,,,,,,,,,,,,,,,,,,,,,,,,,,3.0,1.0,1.0,#NULL!,#NULL!,#NULL!,#NULL!,#NULL!,#NULL!,#NULL!,#NULL!,1.0,,,3.0,,1.0,,2.0,6.0,6.0,7.0,7.0,2.0,2.0,2.0,2.0,2.0,2.0,2.0,2.0,2.0,9.0,3.0,1.0,2.0,6.0,
9,5,4.0,19,E,2.0,,9,PERNIGAAN KECILAN BAHULU,BAHULU,3,3,3,3,3,3,3,3,3,3,3,3,3,1,,,,,0,0,,,,,2.0,1,,2.0,2.0,2.0,2.0,1.0,1.0,2.0,0.0,0.0,0.0,0.0,0.0,0.0,0.0,0.0,0.0,0.0,0.0,0.0,0.0,0.0,0.0,0.0,0.0,0.0,0.0,0.0,0.0,0.0,0.0,0.0,0.0,0.0,0.0,2.0,1.0,9.0,#NULL!,#NULL!,#NULL!,#NULL!,#NULL!,#NULL!,#NULL!,#NULL!,1.0,,3.0,3.0,3.0,3.0,3.0,3.0,6.0,6.0,7.0,7.0,2.0,2.0,2.0,2.0,2.0,2.0,2.0,2.0,2.0,2.0,3.0,2.0,1.0,3.0,
9,5,4.0,7,E,1.0,,7,,PAKAIAN DAN TUDUNG,3,3,2,2,4,4,4,4,4,3,4,3,4,1,,,,,0,0,,,,,2.0,1,,2.0,2.0,2.0,2.0,0.0,3.0,3.0,0.0,0.0,0.0,0.0,0.0,0.0,0.0,0.0,0.0,0.0,0.0,0.0,0.0,0.0,0.0,0.0,0.0,0.0,0.0,0.0,0.0,0.0,0.0,0.0,0.0,0.0,0.0,1.0,2.0,1.0,#NULL!,#NULL!,#NULL!,#NULL!,#NULL!,#NULL!,700,#NULL!,1.0,,6.0,6.0,3.0,3.0,3.0,3.0,6.0,6.0,7.0,7.0,2.0,2.0,2.0,2.0,2.0,2.0,2.0,2.0,1.0,9.0,1.0,2.0,3.0,10.0,
9,5,4.0,14,E,1.0,,7,,TUDUNG,3,3,2,3,4,4,2,3,3,3,3,3,4,1,,,,,0,0,,,,,2.0,1,,2.0,2.0,2.0,2.0,0.0,1.0,1.0,0.0,0.0,0.0,0.0,0.0,0.0,0.0,0.0,0.0,0.0,0.0,0.0,0.0,0.0,0.0,0.0,0.0,0.0,0.0,0.0,0.0,0.0,0.0,0.0,0.0,0.0,0.0,1.0,2.0,1.0,#NULL!,#NULL!,#NULL!,#NULL!,#NULL!,#NULL!,#NULL!,#NULL!,1.0,,1.0,1.0,3.0,3.0,3.0,3.0,6.0,6.0,2.0,2.0,3.0,3.0,3.0,3.0,3.0,3.0,3.0,3.0,3.0,3.0,1.0,3.0,2.0,3.0,
9,5,3.0,4,A,1.0,,1,,,2,2,2,2,2,2,2,2,2,2,2,2,2,1,,,,,0,0,,,,,1.0,1,,,2.0,2.0,2.0,4.0,4.0,8.0,,,,,,,,,,,,,,,,,,,,,,,,,,,,2.0,,,#NULL!,#NULL!,#NULL!,#NULL!,#NULL!,#NULL!,#NULL!,#NULL!,,,1.0,1.0,1.0,1.0,1.0,1.0,2.0,2.0,2.0,2.0,2.0,2.0,2.0,2.0,2.0,2.0,2.0,2.0,2.0,1.0,2.0,1.0,3.0,1.0,
9,5,4.0,19,G,1.0,,10,KEDAI TELEFON,,2,2,2,2,2,2,3,3,3,3,3,3,4,1,,,,,0,0,,,,,2.0,1,,,2.0,2.0,2.0,1.0,1.0,2.0,,,,,,,,,,,,,,,,,,,1.0,1.0,2.0,,,,,,,1.0,1.0,9.0,#NULL!,#NULL!,#NULL!,#NULL!,#NULL!,#NULL!,700,1200,1.0,,2.0,2.0,3.0,3.0,3.0,3.0,6.0,6.0,7.0,7.0,2.0,2.0,2.0,2.0,2.0,2.0,2.0,2.0,2.0,7.0,1.0,3.0,2.0,1.0,
9,5,4.0,10,J,1.0,,10,BAIKI TELEFON,,2,2,2,2,2,4,4,3,4,3,3,3,4,1,,,,,0,0,,,,,2.0,1,,,2.0,2.0,2.0,2.0,,,,,,,,,,,,,,,,,,2.0,,,,,,,,,,,,1.0,1.0,9.0,#NULL!,#NULL!,#NULL!,#NULL!,1500,2000,#NULL!,#NULL!,1.0,,3.0,1.0,3.0,3.0,3.0,3.0,5.0,5.0,7.0,7.0,2.0,1.0,2.0,2.0,1.0,2.0,2.0,2.0,2.0,2.0,2.0,1.0,3.0,6.0,
9,5,3.0,18,F,1.0,,9,,MAKANAN,1,1,1,2,2,2,3,3,3,3,3,3,3,2,1.0,1.0,,,1,0,1.0,,100.0,50.0,1.0,1,,1.0,1.0,1.0,2.0,10.0,20.0,30.0,19.0,39.0,58.0,2.0,2.0,4.0,0.0,0.0,0.0,8.0,18.0,26.0,1.0,1.0,2.0,0.0,0.0,0.0,8.0,18.0,26.0,0.0,0.0,0.0,0.0,0.0,0.0,1.0,1.0,1.0,2000,#NULL!,#NULL!,#NULL!,1200,1200,1200,1200,1.0,,2.0,2.0,3.0,3.0,3.0,3.0,1.0,1.0,1.0,7.0,2.0,2.0,2.0,2.0,2.0,2.0,2.0,2.0,2.0,7.0,1.0,2.0,3.0,3.0,
9,5,2.0,17,C,4.0,,17,,PERALATAN PERUBATAN,2,2,1,2,3,3,3,3,3,3,3,3,3,2,1.0,,,,0,0,,,,,1.0,1,,1.0,1.0,1.0,2.0,50.0,50.0,100.0,94.0,96.0,190.0,0.0,0.0,0.0,0.0,0.0,0.0,47.0,48.0,95.0,7.0,5.0,12.0,30.0,33.0,63.0,10.0,10.0,20.0,0.0,0.0,0.0,0.0,0.0,0.0,2.0,2.0,2.0,1200,#NULL!,#NULL!,#NULL!,1200,#NULL!,1200,#NULL!,1.0,,2.0,2.0,3.0,3.0,3.0,3.0,1.0,1.0,7.0,7.0,1.0,2.0,1.0,2.0,1.0,2.0,1.0,2.0,1.0,6.0,1.0,2.0,3.0,3.0,
9,5,3.0,18,F,2.0,,7,KEDAI MAKAN,MENYEDIAKAN NASI ARAB,1,2,1,1,1,1,2,1,2,1,1,1,1,1,,,,,0,0,1.0,,,,2.0,1,,2.0,2.0,2.0,2.0,5.0,2.0,7.0,0.0,0.0,0.0,0.0,0.0,0.0,0.0,0.0,0.0,0.0,0.0,0.0,0.0,0.0,0.0,0.0,0.0,0.0,0.0,0.0,0.0,0.0,0.0,0.0,0.0,0.0,0.0,2.0,3.0,9.0,#NULL!,#NULL!,#NULL!,#NULL!,#NULL!,#NULL!,800,2000,1.0,,1.0,1.0,3.0,3.0,3.0,3.0,6.0,6.0,7.0,7.0,2.0,2.0,2.0,2.0,2.0,2.0,2.0,2.0,2.0,6.0,2.0,1.0,3.0,3.0,
9,5,3.0,13,D,1.0,,8,AUTOMOTIF,KERETA,2,2,1,1,3,3,3,2,3,3,3,3,2,2,1.0,,,,0,0,1.0,,,,1.0,3,2.0,1.0,1.0,1.0,1.0,14.0,6.0,20.0,9.0,2.0,11.0,3.0,2.0,5.0,0.0,0.0,0.0,5.0,0.0,5.0,1.0,0.0,1.0,0.0,0.0,0.0,0.0,0.0,0.0,0.0,0.0,0.0,0.0,0.0,0.0,1.0,1.0,2.0,1000,1200,1000,1200,1000,1200,1000,1200,1.0,,3.0,2.0,3.0,3.0,3.0,3.0,1.0,1.0,7.0,7.0,2.0,1.0,2.0,2.0,2.0,1.0,1.0,2.0,1.0,7.0,2.0,1.0,3.0,4.0,
9,5,3.0,14,B,1.0,,7,PRINTING,PERKHIDMATAN PRINTING,2,2,1,1,3,3,3,3,3,3,3,3,2,2,1.0,1.0,,,0,0,,,,,1.0,1,,1.0,1.0,2.0,2.0,4.0,5.0,9.0,4.0,6.0,10.0,1.0,1.0,2.0,0.0,0.0,0.0,1.0,2.0,3.0,1.0,1.0,2.0,1.0,2.0,3.0,0.0,0.0,0.0,0.0,0.0,0.0,0.0,0.0,0.0,1.0,1.0,1.0,1000,1500,#NULL!,#NULL!,1000,1500,1000,1500,1.0,,6.0,6.0,3.0,3.0,3.0,3.0,1.0,1.0,7.0,7.0,1.0,1.0,1.0,1.0,1.0,1.0,1.0,1.0,1.0,7.0,1.0,2.0,3.0,4.0,
9,5,3.0,18,F,2.0,,9,,MAKANAN DAN MINUMAN,2,2,2,2,3,3,3,2,3,3,3,3,3,2,1.0,,,,0,0,,,,,2.0,1,,1.0,1.0,2.0,2.0,2.0,3.0,5.0,4.0,6.0,10.0,0.0,0.0,0.0,0.0,0.0,0.0,2.0,3.0,5.0,0.0,0.0,0.0,1.0,1.0,2.0,1.0,2.0,3.0,0.0,0.0,0.0,0.0,0.0,0.0,2.0,2.0,1.0,1000,1700,#NULL!,#NULL!,1000,1700,1000,1700,1.0,,1.0,1.0,3.0,3.0,3.0,3.0,1.0,1.0,7.0,7.0,1.0,1.0,1.0,1.0,1.0,1.0,1.0,1.0,1.0,9.0,1.0,2.0,3.0,3.0,
9,5,3.0,18,B,2.0,,9,,PASTRY AND CAFE,2,2,2,2,2,2,3,3,3,3,3,3,3,2,1.0,,,,0,0,,,,,2.0,1,,1.0,1.0,2.0,2.0,0.0,13.0,13.0,0.0,2.0,2.0,0.0,2.0,2.0,0.0,0.0,0.0,0.0,0.0,0.0,0.0,0.0,0.0,0.0,0.0,0.0,0.0,0.0,0.0,0.0,0.0,0.0,0.0,0.0,0.0,2.0,2.0,1.0,1000,1000,#NULL!,#NULL!,1000,1000,1000,1000,1.0,,3.0,3.0,1.0,1.0,3.0,3.0,1.0,1.0,7.0,7.0,1.0,2.0,1.0,2.0,1.0,2.0,1.0,2.0,1.0,9.0,3.0,2.0,1.0,3.0,
9,5,3.0,17,I,5.0,,17,,KESIHATAN,2,2,1,3,3,3,3,3,3,3,3,3,3,2,1.0,,,,0,0,,,,,1.0,1,,1.0,1.0,1.0,2.0,0.0,6.0,6.0,0.0,12.0,12.0,0.0,2.0,2.0,0.0,1.0,1.0,0.0,3.0,3.0,0.0,6.0,6.0,0.0,0.0,0.0,0.0,0.0,0.0,0.0,0.0,0.0,0.0,0.0,0.0,1.0,1.0,1.0,1200,#NULL!,#NULL!,#NULL!,1000,#NULL!,1000,#NULL!,1.0,,1.0,1.0,1.0,1.0,3.0,3.0,6.0,6.0,7.0,7.0,2.0,2.0,2.0,2.0,2.0,2.0,2.0,2.0,2.0,7.0,1.0,2.0,3.0,3.0,
9,5,3.0,14,E,1.0,,7,SHOPPING MALL,CLOTHINGS,2,2,2,2,2,2,2,2,2,2,2,2,2,2,1.0,,,,0,0,,,,,1.0,1,,1.0,1.0,2.0,2.0,15.0,15.0,30.0,23.0,27.0,50.0,0.0,0.0,0.0,0.0,0.0,0.0,10.0,15.0,25.0,5.0,5.0,10.0,5.0,5.0,10.0,3.0,2.0,5.0,0.0,0.0,0.0,0.0,0.0,0.0,1.0,1.0,1.0,1500,1500,#NULL!,#NULL!,1000,1500,1000,1500,1.0,,2.0,2.0,3.0,3.0,3.0,3.0,6.0,6.0,7.0,7.0,1.0,1.0,1.0,1.0,1.0,1.0,1.0,1.0,1.0,9.0,2.0,3.0,1.0,5.0,
9,5,3.0,7,F,1.0,,7,,PAKAIAN,2,2,2,2,2,2,2,3,3,3,3,3,3,2,1.0,,,,0,0,,,,,1.0,1,,1.0,1.0,1.0,2.0,2.0,18.0,20.0,4.0,30.0,34.0,0.0,2.0,2.0,0.0,0.0,0.0,2.0,13.0,15.0,0.0,5.0,5.0,2.0,5.0,7.0,0.0,5.0,5.0,0.0,0.0,0.0,0.0,0.0,0.0,2.0,2.0,2.0,1500,#NULL!,#NULL!,#NULL!,1000,#NULL!,1000,#NULL!,1.0,,2.0,2.0,3.0,3.0,3.0,3.0,6.0,6.0,7.0,7.0,2.0,2.0,2.0,2.0,2.0,2.0,2.0,2.0,2.0,7.0,1.0,2.0,3.0,5.0,
9,5,4.0,7,E,1.0,,7,,BARANG RUNCIT,2,2,2,3,3,3,3,3,3,3,3,3,3,2,1.0,,,,0,0,,,,,2.0,1,,1.0,1.0,2.0,2.0,1.0,2.0,3.0,,,,,,,,,,,1.0,,,,,,,,,1.0,,,,,,,,1.0,1.0,1.0,#NULL!,#NULL!,#NULL!,#NULL!,#NULL!,#NULL!,1000,#NULL!,1.0,,1.0,1.0,3.0,3.0,3.0,3.0,1.0,1.0,7.0,7.0,2.0,2.0,2.0,2.0,1.0,1.0,1.0,1.0,1.0,9.0,1.0,3.0,2.0,10.0,
9,5,4.0,18,F,1.0,,9,,AISKRIM,2,2,2,3,3,3,3,3,3,3,3,3,3,2,1.0,,,,0,0,,,,,2.0,1,,1.0,1.0,2.0,2.0,1.0,1.0,2.0,,,,1.0,1.0,2.0,,,,1.0,1.0,2.0,1.0,1.0,2.0,,,,,,,,,,,,,2.0,2.0,1.0,1000,#NULL!,#NULL!,#NULL!,1000,#NULL!,1000,#NULL!,1.0,,1.0,1.0,3.0,3.0,3.0,3.0,5.0,1.0,7.0,7.0,2.0,1.0,2.0,1.0,2.0,1.0,2.0,1.0,2.0,7.0,2.0,1.0,3.0,5.0,
9,5,3.0,19,B,1.0,,9,BAKERY,KEK,2,2,2,3,3,3,3,3,3,3,3,3,3,2,1.0,,,,0,0,,,,,1.0,1,,1.0,1.0,2.0,2.0,,5.0,,,,,,1.0,,,,,4.0,4.0,8.0,2.0,2.0,4.0,,,,,3.0,,,,,,,,1.0,1.0,2.0,1000,#NULL!,#NULL!,#NULL!,1000,#NULL!,1000,#NULL!,1.0,,1.0,1.0,3.0,3.0,3.0,3.0,3.0,1.0,1.0,7.0,2.0,1.0,2.0,1.0,2.0,1.0,2.0,1.0,2.0,9.0,1.0,2.0,3.0,3.0,
9,5,3.0,19,E,1.0,,7,PAKAIAN,PAKAIAN,2,2,2,2,3,3,3,3,3,3,3,3,3,2,1.0,,,,0,0,,,,,1.0,1,,1.0,1.0,2.0,2.0,5.0,5.0,10.0,,,,2.0,2.0,4.0,,,,3.0,3.0,6.0,,,,,,,,,,,,,,,,1.0,1.0,2.0,1000,#NULL!,#NULL!,#NULL!,1000,#NULL!,1000,#NULL!,1.0,,1.0,1.0,3.0,3.0,3.0,3.0,5.0,1.0,2.0,7.0,2.0,2.0,2.0,2.0,2.0,2.0,2.0,2.0,2.0,9.0,1.0,2.0,3.0,3.0,
9,5,3.0,18,F,1.0,,9,,MAKANAN DAN MINUMAN,2,2,2,2,3,3,3,3,3,3,3,3,3,2,1.0,,,,0,0,,,,,1.0,1,,1.0,1.0,1.0,2.0,15.0,15.0,30.0,,,,,5.0,,,,,15.0,10.0,25.0,,,,,,,,,,,,,,,,1.0,1.0,2.0,900,#NULL!,#NULL!,#NULL!,900,#NULL!,900,#NULL!,1.0,,1.0,1.0,3.0,3.0,3.0,3.0,6.0,6.0,7.0,7.0,1.0,1.0,1.0,1.0,1.0,1.0,1.0,1.0,1.0,9.0,1.0,2.0,3.0,1.0,
9,5,2.0,4,C,3.0,,4,,BARANGAN GETAH,2,2,2,2,3,3,3,3,3,3,3,3,3,2,1.0,,,,0,0,,,,,1.0,1,,1.0,1.0,1.0,2.0,100.0,100.0,200.0,,,,10.0,10.0,20.0,,,,90.0,90.0,180.0,,,,,,,,,,,,,,,,1.0,1.0,1.0,1500,#NULL!,#NULL!,#NULL!,1500,#NULL!,1500,#NULL!,1.0,,2.0,2.0,3.0,3.0,3.0,3.0,6.0,3.0,2.0,7.0,2.0,2.0,2.0,2.0,2.0,2.0,2.0,2.0,2.0,7.0,1.0,2.0,3.0,3.0,
9,5,3.0,19,J,1.0,,17,KECANTIKAN,PRODUK KECANTIKAN,2,2,2,2,3,3,3,3,3,3,3,3,3,2,1.0,,,,0,0,,,,,2.0,1,,1.0,1.0,1.0,2.0,,10.0,,,,,,2.0,,,,,,5.0,,,8.0,,,,,,2.0,,,,,,,,1.0,1.0,2.0,1000,#NULL!,#NULL!,#NULL!,1000,#NULL!,1000,#NULL!,1.0,,6.0,1.0,1.0,1.0,3.0,1.0,6.0,5.0,2.0,7.0,2.0,1.0,2.0,1.0,2.0,1.0,2.0,1.0,2.0,7.0,1.0,2.0,2.0,3.0,
9,5,3.0,18,F,1.0,,9,,MAKANAN,2,2,2,2,3,3,3,3,3,3,3,3,3,2,1.0,1.0,,,0,0,,,,,1.0,1,,1.0,1.0,2.0,2.0,2.0,8.0,10.0,,,,,4.0,,,,,2.0,4.0,6.0,1.0,4.0,5.0,,,,1.0,4.0,5.0,,,,,,,1.0,1.0,2.0,2000,#NULL!,#NULL!,#NULL!,#NULL!,#NULL!,1200,1300,1.0,,6.0,6.0,3.0,3.0,3.0,3.0,6.0,1.0,2.0,7.0,2.0,1.0,2.0,1.0,2.0,1.0,2.0,1.0,2.0,9.0,1.0,2.0,3.0,3.0,
9,5,3.0,19,D,3.0,,8,AUTOMOTIF,KERETA,2,2,2,2,3,3,3,3,3,3,3,3,3,2,1.0,1.0,,,0,0,,,,,1.0,1,,1.0,1.0,2.0,2.0,8.0,2.0,10.0,,,,2.0,2.0,4.0,,,,6.0,,,2.0,2.0,4.0,6.0,,,,,,,,,,,,1.0,1.0,2.0,1500,#NULL!,#NULL!,#NULL!,1000,#NULL!,#NULL!,#NULL!,1.0,,1.0,1.0,3.0,3.0,3.0,3.0,5.0,1.0,1.0,7.0,2.0,2.0,2.0,2.0,2.0,2.0,2.0,2.0,2.0,8.0,1.0,2.0,3.0,3.0,
9,5,3.0,16,I,4.0,,16,,PENDIDIKAN,2,2,2,3,3,3,3,3,3,3,3,3,3,2,1.0,,,,0,0,,,,,1.0,1,,1.0,1.0,1.0,2.0,,5.0,,,,,,1.0,,,2.0,,,2.0,,,3.0,,,,,,2.0,,,,,,,,1.0,1.0,1.0,2000,#NULL!,#NULL!,#NULL!,#NULL!,#NULL!,1200,#NULL!,1.0,,2.0,2.0,3.0,3.0,3.0,3.0,5.0,1.0,7.0,7.0,2.0,2.0,2.0,2.0,2.0,2.0,2.0,2.0,2.0,9.0,1.0,2.0,3.0,3.0,
9,5,4.0,17,B,1.0,,17,,RAWATAN TRADISIONAL,3,3,2,2,2,2,2,2,2,2,2,3,2,1,,,,,0,0,,,,,1.0,1,,1.0,2.0,2.0,2.0,1.0,3.0,4.0,,,,,,,,,,,,,,2.0,,1.0,1.0,2.0,,,,,,,,,,1.0,1.0,1.0,1200,#NULL!,#NULL!,#NULL!,#NULL!,#NULL!,900,#NULL!,1.0,,1.0,1.0,1.0,2.0,1.0,1.0,3.0,3.0,2.0,2.0,2.0,2.0,2.0,2.0,2.0,2.0,2.0,2.0,2.0,2.0,1.0,2.0,3.0,6.0,
9,5,4.0,10,B,1.0,,10,,BAIKI TELEFON,2,2,2,2,2,4,4,3,4,3,3,3,4,1,,,,,0,0,,,,,2.0,1,,2.0,2.0,2.0,2.0,2.0,,,,,,,,,,,,,,,,,,2.0,,,,,,,,,,,,1.0,1.0,8.0,#NULL!,#NULL!,#NULL!,#NULL!,1500,2000,#NULL!,#NULL!,1.0,,3.0,1.0,3.0,3.0,3.0,3.0,,5.0,7.0,7.0,2.0,1.0,2.0,2.0,1.0,2.0,2.0,2.0,2.0,2.0,2.0,1.0,3.0,6.0,
10,5,4.0,4,E,2.0,,19,interior and furnishing,langsir,2,2,2,2,2,2,3,2,2,3,2,1,2,2,1.0,,1.0,,0,0,,,,,2.0,2,1.0,2.0,1.0,2.0,2.0,6.0,1.0,7.0,0.0,0.0,0.0,0.0,0.0,0.0,0.0,0.0,0.0,0.0,0.0,0.0,0.0,0.0,0.0,0.0,0.0,0.0,0.0,0.0,0.0,0.0,0.0,0.0,2.0,0.0,2.0,2.0,2.0,4.0,#NULL!,#NULL!,#NULL!,#NULL!,#NULL!,#NULL!,#NULL!,#NULL!,2.0,mereka tidak mengambil inisiatif untuk bekerja,3.0,3.0,1.0,1.0,2.0,2.0,6.0,6.0,1.0,1.0,3.0,3.0,3.0,2.0,1.0,1.0,1.0,1.0,1.0,9.0,3.0,2.0,1.0,1.0,
10,5,4.0,18,E,1.0,,17,,optical and hearing aids,3,3,2,1,4,4,4,3,3,2,3,3,2,1,,,,,0,0,,,,,1.0,1,,1.0,2.0,1.0,2.0,1.0,3.0,4.0,0.0,2.0,2.0,0.0,0.0,0.0,0.0,0.0,0.0,0.0,0.0,0.0,0.0,2.0,2.0,0.0,0.0,0.0,0.0,0.0,0.0,0.0,0.0,0.0,0.0,0.0,0.0,2.0,2.0,8.0,2400,3000,5000,8000,#NULL!,#NULL!,1000,1500,1.0,,1.0,1.0,3.0,3.0,3.0,3.0,1.0,6.0,6.0,6.0,2.0,4.0,3.0,3.0,2.0,2.0,2.0,3.0,2.0,9.0,2.0,3.0,1.0,3.0,
10,5,3.0,24,C,1.0,,7,,electrical and lighting,3,3,1,3,3,3,1,2,2,1,2,1,1,2,1.0,,,,0,0,,,,,1.0,1,,1.0,1.0,2.0,2.0,1.0,1.0,2.0,1.0,1.0,2.0,0.0,0.0,0.0,0.0,0.0,0.0,0.0,0.0,0.0,0.0,0.0,0.0,1.0,1.0,2.0,0.0,0.0,0.0,0.0,0.0,0.0,0.0,0.0,0.0,2.0,1.0,1.0,#NULL!,#NULL!,#NULL!,#NULL!,2000,4000,#NULL!,#NULL!,1.0,,6.0,6.0,3.0,3.0,3.0,3.0,6.0,6.0,6.0,6.0,2.0,3.0,3.0,2.0,2.0,3.0,3.0,2.0,3.0,8.0,2.0,3.0,1.0,3.0,
10,5,4.0,25,E,3.0,,7,,air conditioner spare part,3,2,3,1,1,1,1,3,4,2,2,2,2,1,,,,,0,0,,,,,2.0,1,,1.0,2.0,2.0,2.0,18.0,4.0,22.0,14.0,1.0,15.0,0.0,0.0,0.0,0.0,0.0,0.0,0.0,0.0,0.0,0.0,0.0,0.0,0.0,0.0,0.0,14.0,1.0,15.0,0.0,0.0,0.0,0.0,0.0,0.0,1.0,1.0,1.0,#NULL!,#NULL!,#NULL!,#NULL!,#NULL!,#NULL!,1000,1400,2.0,hard to recruite new employee,3.0,1.0,3.0,3.0,3.0,3.0,5.0,6.0,7.0,7.0,3.0,3.0,3.0,2.0,3.0,4.0,4.0,4.0,4.0,9.0,2.0,3.0,1.0,3.0,
10,5,3.0,26,H,3.0,,10,,advertising,2,2,1,3,2,3,3,2,2,1,2,3,3,2,1.0,,,,0,0,,,,,1.0,1,,2.0,2.0,1.0,2.0,5.0,7.0,12.0,2.0,3.0,5.0,0.0,0.0,0.0,1.0,2.0,3.0,0.0,0.0,0.0,0.0,0.0,0.0,1.0,1.0,2.0,0.0,0.0,0.0,0.0,0.0,0.0,0.0,0.0,0.0,2.0,1.0,1.0,2000,3500,#NULL!,#NULL!,#NULL!,#NULL!,#NULL!,#NULL!,1.0,,2.0,1.0,3.0,3.0,3.0,3.0,1.0,5.0,6.0,6.0,2.0,2.0,3.0,2.0,2.0,3.0,3.0,2.0,3.0,9.0,1.0,3.0,2.0,4.0,
10,5,3.0,17,E,1.0,,17,,general health care,3,2,2,3,3,3,3,3,3,3,3,3,3,2,1.0,,,,0,0,,,,,2.0,1,,2.0,1.0,2.0,2.0,0.0,2.0,2.0,0.0,2.0,2.0,0.0,0.0,0.0,0.0,2.0,2.0,0.0,0.0,0.0,0.0,0.0,0.0,0.0,0.0,0.0,0.0,0.0,0.0,0.0,0.0,0.0,0.0,0.0,0.0,2.0,1.0,2.0,4200,5600,#NULL!,#NULL!,#NULL!,#NULL!,1200,1600,1.0,,3.0,2.0,3.0,3.0,3.0,3.0,1.0,6.0,6.0,6.0,2.0,3.0,2.0,2.0,2.0,2.0,2.0,2.0,2.0,9.0,1.0,3.0,2.0,1.0,
10,5,4.0,4,E,3.0,,8,used car dealer,"used care- toyota, honda",2,2,1,1,1,2,2,1,2,2,2,1,1,1,,,,,0,0,,,,,2.0,1,,1.0,1.0,1.0,1.0,8.0,2.0,10.0,1.0,1.0,2.0,0.0,0.0,0.0,0.0,0.0,0.0,0.0,0.0,0.0,0.0,0.0,0.0,0.0,1.0,1.0,1.0,0.0,1.0,1.0,0.0,1.0,0.0,0.0,0.0,3.0,1.0,1.0,#NULL!,#NULL!,#NULL!,#NULL!,1000,1200,300,1000,1.0,,3.0,2.0,3.0,3.0,1.0,1.0,2.0,6.0,1.0,2.0,2.0,2.0,1.0,2.0,2.0,1.0,1.0,3.0,1.0,6.0,1.0,2.0,3.0,4.0,
10,5,4.0,4,E,1.0,,11,,online marketing,1,1,1,3,3,2,2,1,2,2,2,3,2,2,1.0,,,,0,0,,,,,2.0,1,,2.0,2.0,2.0,2.0,4.0,4.0,8.0,1.0,1.0,2.0,0.0,0.0,0.0,0.0,0.0,0.0,0.0,0.0,0.0,0.0,0.0,0.0,1.0,1.0,2.0,0.0,0.0,0.0,0.0,0.0,0.0,0.0,0.0,0.0,2.0,2.0,1.0,2400,3000,#NULL!,#NULL!,2400,3000,1600,2000,1.0,,1.0,1.0,3.0,3.0,3.0,3.0,1.0,6.0,6.0,6.0,3.0,3.0,4.0,3.0,2.0,3.0,3.0,3.0,3.0,3.0,1.0,2.0,3.0,3.0,
10,5,4.0,4,H,3.0,,11,,renovation and maintenance,2,2,2,2,1,1,2,3,2,1,1,3,3,2,,1.0,,,0,0,,,,,1.0,1,,1.0,2.0,2.0,2.0,20.0,4.0,24.0,15.0,0.0,15.0,0.0,0.0,0.0,0.0,0.0,0.0,0.0,0.0,0.0,1.0,0.0,1.0,10.0,0.0,10.0,4.0,0.0,4.0,0.0,0.0,0.0,0.0,0.0,0.0,2.0,1.0,1.0,#NULL!,#NULL!,#NULL!,#NULL!,1200,1500,#NULL!,#NULL!,1.0,,1.0,1.0,3.0,3.0,3.0,3.0,5.0,5.0,6.0,6.0,3.0,3.0,3.0,3.0,3.0,3.0,3.0,3.0,3.0,2.0,2.0,1.0,3.0,6.0,
10,5,2.0,24,E,1.0,,7,,baby products,3,2,1,3,4,2,3,3,3,3,3,3,2,1,,,,,0,0,,,,,2.0,1,,1.0,2.0,2.0,2.0,1.0,1.0,2.0,0.0,0.0,0.0,0.0,0.0,0.0,0.0,0.0,0.0,0.0,0.0,0.0,0.0,0.0,0.0,0.0,0.0,0.0,0.0,0.0,0.0,0.0,0.0,0.0,0.0,0.0,0.0,2.0,1.0,1.0,#NULL!,#NULL!,#NULL!,#NULL!,#NULL!,#NULL!,1200,1800,1.0,,2.0,2.0,1.0,1.0,2.0,2.0,6.0,6.0,6.0,6.0,3.0,4.0,3.0,2.0,2.0,3.0,3.0,2.0,2.0,7.0,1.0,2.0,3.0,3.0,
10,5,4.0,25,D,3.0,,4,,perabot restoran,2,1,1,1,2,2,2,3,3,3,3,3,1,2,1.0,1.0,,,0,0,,,,,1.0,1,,1.0,1.0,1.0,1.0,5.0,3.0,8.0,4.0,3.0,7.0,0.0,0.0,0.0,0.0,0.0,0.0,0.0,0.0,0.0,1.0,2.0,3.0,3.0,1.0,4.0,0.0,0.0,0.0,0.0,0.0,0.0,0.0,0.0,0.0,1.0,1.0,1.0,1500,2500,#NULL!,#NULL!,#NULL!,#NULL!,1000,1000,2.0,kurang kemahiran,2.0,2.0,2.0,2.0,1.0,1.0,1.0,6.0,1.0,1.0,1.0,1.0,1.0,1.0,1.0,1.0,1.0,1.0,1.0,9.0,1.0,2.0,3.0,6.0,
10,5,4.0,4,D,4.0,,4,,cables,3,2,1,3,2,3,2,3,3,3,2,4,3,2,1.0,,,,0,0,,,,,1.0,3,2.0,1.0,1.0,1.0,1.0,53.0,21.0,74.0,58.0,20.0,78.0,5.0,5.0,10.0,7.0,5.0,12.0,17.0,0.0,17.0,9.0,5.0,14.0,11.0,3.0,14.0,9.0,2.0,11.0,22.0,7.0,29.0,0.0,0.0,0.0,1.0,1.0,6.0,2000,2500,#NULL!,#NULL!,2000,3000,1800,1900,1.0,,1.0,1.0,1.0,2.0,2.0,1.0,5.0,6.0,6.0,7.0,2.0,2.0,2.0,2.0,2.0,2.0,3.0,3.0,3.0,2.0,2.0,1.0,3.0,10.0,
10,5,4.0,4,E,1.0,,16,,craft,3,4,3,1,2,4,4,3,3,3,3,4,4,1,,,,,0,0,,,,,2.0,1,,2.0,2.0,2.0,2.0,1.0,2.0,3.0,0.0,0.0,0.0,0.0,0.0,0.0,0.0,0.0,0.0,0.0,0.0,0.0,0.0,0.0,0.0,0.0,0.0,0.0,0.0,0.0,0.0,0.0,0.0,0.0,0.0,0.0,0.0,2.0,1.0,8.0,#NULL!,#NULL!,#NULL!,#NULL!,#NULL!,#NULL!,#NULL!,#NULL!,1.0,,1.0,2.0,1.0,3.0,3.0,3.0,6.0,6.0,7.0,7.0,3.0,3.0,4.0,3.0,3.0,3.0,3.0,3.0,4.0,8.0,1.0,2.0,3.0,4.0,
10,5,3.0,26,C,3.0,,4,,bahan pembinaan,3,2,2,3,3,3,3,2,3,3,3,3,3,2,1.0,,,,0,0,,,,,1.0,2,2.0,1.0,2.0,2.0,2.0,122.0,14.0,136.0,16.0,6.0,22.0,1.0,5.0,6.0,0.0,0.0,0.0,15.0,0.0,15.0,0.0,0.0,0.0,0.0,0.0,0.0,0.0,1.0,1.0,0.0,0.0,0.0,0.0,0.0,0.0,3.0,2.0,1.0,2200,2400,2000,2200,1600,1800,1000,1200,1.0,,3.0,2.0,2.0,2.0,3.0,3.0,3.0,6.0,2.0,2.0,2.0,2.0,2.0,2.0,3.0,2.0,2.0,2.0,2.0,2.0,3.0,1.0,2.0,1.0,
10,5,4.0,4,D,3.0,,4,,acuan untuk produk plastik,2,2,2,2,3,3,2,3,3,3,3,3,4,2,1.0,,,,0,0,,,,,2.0,1,,2.0,2.0,2.0,2.0,24.0,4.0,28.0,2.0,1.0,3.0,0.0,0.0,0.0,0.0,0.0,0.0,2.0,1.0,3.0,0.0,0.0,0.0,0.0,0.0,0.0,0.0,0.0,0.0,10.0,0.0,10.0,0.0,0.0,0.0,2.0,2.0,9.0,2500,2500,#NULL!,#NULL!,#NULL!,#NULL!,1000,1500,2.0,belia terlalu memilih pekerjaan,6.0,6.0,3.0,2.0,3.0,3.0,6.0,6.0,6.0,6.0,3.0,3.0,3.0,1.0,1.0,2.0,2.0,2.0,2.0,4.0,2.0,1.0,3.0,5.0,
10,5,4.0,26,E,8.0,,6,,bahan binaan,2,1,2,1,2,2,2,2,2,2,2,2,2,1,,,,,0,0,,,,,2.0,1,,2.0,2.0,2.0,2.0,1.0,1.0,2.0,0.0,0.0,0.0,0.0,0.0,0.0,0.0,0.0,0.0,0.0,0.0,0.0,0.0,0.0,0.0,0.0,0.0,0.0,0.0,0.0,0.0,0.0,0.0,0.0,0.0,0.0,0.0,3.0,2.0,6.0,#NULL!,#NULL!,#NULL!,#NULL!,#NULL!,#NULL!,#NULL!,#NULL!,1.0,,3.0,3.0,3.0,3.0,3.0,3.0,6.0,6.0,7.0,7.0,2.0,3.0,3.0,4.0,2.0,2.0,2.0,2.0,2.0,7.0,2.0,1.0,3.0,3.0,
10,5,3.0,17,F,4.0,,9,,hotel bajet,4,3,3,2,3,3,3,3,3,3,3,3,3,1,,,,,0,0,,,,,1.0,3,2.0,2.0,2.0,2.0,2.0,4.0,1.0,5.0,1.0,0.0,1.0,1.0,0.0,1.0,0.0,0.0,0.0,0.0,0.0,0.0,0.0,0.0,0.0,0.0,0.0,0.0,0.0,0.0,0.0,0.0,0.0,0.0,0.0,0.0,0.0,2.0,2.0,9.0,1200,3000,1200,3000,1100,2900,1000,2000,1.0,,3.0,2.0,1.0,2.0,3.0,3.0,6.0,6.0,7.0,7.0,1.0,2.0,2.0,2.0,1.0,1.0,1.0,1.0,1.0,3.0,1.0,2.0,3.0,10.0,
10,5,3.0,22,H,1.0,,8,,kereta sewa,2,3,3,4,3,3,3,3,3,3,3,3,3,2,1.0,,,,0,0,,,,,1.0,2,2.0,1.0,1.0,2.0,2.0,2.0,3.0,5.0,2.0,3.0,5.0,2.0,3.0,5.0,0.0,0.0,0.0,0.0,0.0,0.0,0.0,0.0,0.0,0.0,0.0,0.0,0.0,0.0,0.0,0.0,0.0,0.0,0.0,0.0,0.0,1.0,1.0,1.0,#NULL!,#NULL!,#NULL!,#NULL!,#NULL!,#NULL!,#NULL!,#NULL!,1.0,,6.0,6.0,3.0,3.0,1.0,1.0,6.0,6.0,7.0,7.0,2.0,2.0,2.0,2.0,2.0,2.0,2.0,2.0,2.0,3.0,2.0,1.0,3.0,10.0,
10,5,1.0,24,E,3.0,,4,,kosmetik,1,1,1,2,3,3,3,3,3,2,3,4,3,1,,,,,0,0,,,,,2.0,1,,1.0,1.0,1.0,1.0,2.0,1.0,3.0,2.0,1.0,3.0,0.0,0.0,0.0,0.0,0.0,0.0,0.0,0.0,0.0,0.0,0.0,0.0,0.0,0.0,0.0,2.0,1.0,3.0,3.0,0.0,3.0,0.0,0.0,0.0,1.0,1.0,1.0,1200,1600,1500,1500,1000,1500,1000,1500,1.0,,2.0,6.0,3.0,3.0,1.0,3.0,6.0,6.0,2.0,2.0,3.0,3.0,3.0,1.0,1.0,1.0,1.0,1.0,1.0,7.0,1.0,2.0,3.0,5.0,
10,5,3.0,4,E,3.0,,7,,periklanan,3,3,3,2,3,2,2,2,3,3,3,3,2,2,1.0,,,,0,0,,,,,1.0,1,,1.0,1.0,2.0,2.0,11.0,1.0,12.0,10.0,1.0,11.0,0.0,0.0,0.0,0.0,0.0,0.0,0.0,0.0,0.0,10.0,1.0,11.0,0.0,0.0,0.0,0.0,0.0,0.0,0.0,0.0,0.0,0.0,0.0,0.0,2.0,2.0,1.0,1500,1800,#NULL!,#NULL!,#NULL!,#NULL!,#NULL!,#NULL!,1.0,,2.0,1.0,3.0,3.0,3.0,1.0,1.0,6.0,2.0,2.0,2.0,2.0,2.0,2.0,2.0,2.0,2.0,2.0,2.0,8.0,3.0,2.0,1.0,3.0,
10,5,4.0,26,C,3.0,,6,,civil engineering,2,2,2,3,2,2,2,2,1,1,2,1,2,1,,,,,0,0,,,,,1.0,1,,1.0,2.0,2.0,2.0,6.0,2.0,8.0,2.0,1.0,3.0,0.0,0.0,0.0,2.0,1.0,3.0,0.0,0.0,0.0,0.0,0.0,0.0,0.0,0.0,0.0,0.0,0.0,0.0,0.0,0.0,0.0,0.0,0.0,0.0,2.0,2.0,8.0,3000,5000,#NULL!,#NULL!,#NULL!,#NULL!,1200,1600,1.0,,6.0,6.0,3.0,3.0,3.0,3.0,1.0,5.0,1.0,7.0,3.0,3.0,3.0,3.0,3.0,3.0,4.0,4.0,3.0,7.0,1.0,2.0,3.0,5.0,
10,5,4.0,26,E,2.0,,17,,jual ubat tradisional,2,2,2,2,2,2,2,2,2,2,2,2,2,1,,,,,0,0,,,,,2.0,1,,2.0,2.0,2.0,2.0,2.0,1.0,3.0,0.0,0.0,0.0,0.0,0.0,0.0,0.0,0.0,0.0,0.0,0.0,0.0,0.0,0.0,0.0,0.0,0.0,0.0,0.0,0.0,0.0,0.0,0.0,0.0,0.0,0.0,0.0,2.0,1.0,8.0,#NULL!,#NULL!,#NULL!,#NULL!,#NULL!,#NULL!,1000,1000,1.0,,2.0,2.0,3.0,3.0,3.0,3.0,6.0,6.0,7.0,7.0,3.0,3.0,2.0,3.0,3.0,2.0,2.0,3.0,2.0,9.0,1.0,3.0,2.0,1.0,
10,5,4.0,18,D,3.0,,11,,supply and service,2,1,2,2,3,3,3,3,3,3,3,3,1,2,1.0,,,,0,0,,,,,1.0,1,,1.0,1.0,1.0,1.0,52.0,3.0,55.0,48.0,3.0,51.0,0.0,0.0,0.0,0.0,0.0,0.0,0.0,0.0,0.0,3.0,0.0,3.0,40.0,3.0,43.0,5.0,0.0,5.0,0.0,0.0,0.0,0.0,0.0,0.0,3.0,2.0,1.0,2500,3500,#NULL!,#NULL!,1500,2500,1000,2000,1.0,,2.0,1.0,2.0,2.0,3.0,3.0,1.0,6.0,7.0,7.0,2.0,2.0,2.0,2.0,2.0,1.0,1.0,2.0,1.0,1.0,1.0,2.0,3.0,5.0,
10,5,4.0,25,C,1.0,,4,,aluminium and metal work,1,1,1,2,3,3,3,1,3,3,4,4,1,2,1.0,,,,0,0,,,,,1.0,3,2.0,1.0,1.0,2.0,2.0,30.0,7.0,37.0,10.0,3.0,13.0,0.0,3.0,3.0,0.0,0.0,0.0,10.0,0.0,10.0,0.0,0.0,0.0,0.0,0.0,0.0,0.0,0.0,0.0,0.0,0.0,0.0,0.0,0.0,0.0,1.0,1.0,2.0,1200,1500,1500,1800,1000,1000,900,1000,1.0,,6.0,6.0,1.0,2.0,2.0,2.0,1.0,6.0,3.0,3.0,2.0,1.0,2.0,1.0,1.0,2.0,1.0,1.0,1.0,7.0,3.0,2.0,1.0,5.0,
10,5,2.0,24,D,1.0,,4,,gigi palsu,2,2,3,3,3,4,2,3,1,4,3,4,4,1,,,,,0,0,,,,,2.0,1,,2.0,2.0,2.0,2.0,1.0,1.0,2.0,0.0,0.0,0.0,0.0,0.0,0.0,0.0,0.0,0.0,0.0,0.0,0.0,0.0,0.0,0.0,0.0,0.0,0.0,0.0,0.0,0.0,0.0,0.0,0.0,0.0,0.0,0.0,2.0,2.0,8.0,#NULL!,#NULL!,#NULL!,#NULL!,#NULL!,#NULL!,1000,1800,1.0,,1.0,2.0,3.0,3.0,3.0,3.0,6.0,6.0,7.0,6.0,3.0,3.0,3.0,3.0,3.0,3.0,2.0,2.0,2.0,6.0,2.0,1.0,3.0,9.0,
10,5,3.0,24,D,3.0,,4,,emas,2,3,2,2,2,3,3,3,3,4,3,3,4,2,1.0,,,,0,0,,,,,2.0,1,,2.0,2.0,2.0,2.0,0.0,4.0,4.0,0.0,4.0,4.0,0.0,0.0,0.0,0.0,0.0,0.0,0.0,0.0,0.0,0.0,2.0,2.0,0.0,0.0,0.0,0.0,2.0,2.0,0.0,0.0,0.0,0.0,0.0,0.0,2.0,2.0,1.0,#NULL!,#NULL!,#NULL!,#NULL!,#NULL!,#NULL!,1200,2000,1.0,,1.0,1.0,1.0,1.0,3.0,3.0,6.0,6.0,7.0,7.0,2.0,2.0,2.0,2.0,2.0,2.0,2.0,2.0,2.0,9.0,2.0,1.0,3.0,5.0,
10,5,3.0,26,B,2.0,,7,,telekung,2,2,1,3,2,3,2,2,3,3,3,3,3,1,,,,,0,0,,,,,2.0,1,,2.0,2.0,2.0,2.0,1.0,1.0,2.0,1.0,1.0,2.0,0.0,0.0,0.0,1.0,1.0,2.0,0.0,0.0,0.0,0.0,0.0,0.0,0.0,0.0,0.0,0.0,0.0,0.0,1.0,0.0,1.0,0.0,0.0,0.0,3.0,1.0,2.0,#NULL!,#NULL!,#NULL!,#NULL!,#NULL!,#NULL!,1000,1100,1.0,,1.0,1.0,1.0,1.0,1.0,1.0,6.0,6.0,7.0,7.0,3.0,3.0,1.0,1.0,2.0,1.0,1.0,3.0,1.0,3.0,1.0,2.0,3.0,6.0,
10,5,2.0,26,E,1.0,,5,aircond services,"service, engine, aircond, bengkel",3,2,2,2,3,3,1,1,3,1,3,3,4,1,,,,,0,0,,,,,1.0,1,,2.0,2.0,2.0,2.0,2.0,0.0,2.0,0.0,0.0,0.0,0.0,0.0,0.0,0.0,0.0,0.0,0.0,0.0,0.0,0.0,0.0,0.0,0.0,0.0,0.0,0.0,0.0,0.0,0.0,0.0,0.0,0.0,0.0,0.0,2.0,2.0,2.0,#NULL!,#NULL!,#NULL!,#NULL!,1200,3000,700,1000,2.0,memerlukan pekerja mahir,2.0,2.0,2.0,2.0,3.0,3.0,5.0,6.0,6.0,6.0,3.0,1.0,2.0,2.0,1.0,3.0,1.0,1.0,1.0,9.0,1.0,3.0,2.0,3.0,
10,5,3.0,17,E,6.0,,17,,kerusi urut,1,1,1,1,1,1,3,4,4,4,4,4,4,2,1.0,,,,0,0,,,,,2.0,1,,2.0,2.0,2.0,2.0,1.0,2.0,3.0,1.0,2.0,3.0,0.0,0.0,0.0,0.0,0.0,0.0,0.0,0.0,0.0,0.0,1.0,1.0,0.0,0.0,0.0,1.0,1.0,2.0,0.0,0.0,0.0,0.0,0.0,0.0,1.0,2.0,2.0,#NULL!,#NULL!,#NULL!,#NULL!,1500,2500,1100,2000,1.0,,6.0,6.0,3.0,3.0,3.0,3.0,5.0,6.0,1.0,2.0,3.0,3.0,1.0,2.0,2.0,1.0,1.0,2.0,1.0,9.0,1.0,3.0,2.0,3.0,
10,5,4.0,26,B,1.0,,7,,pakaian,3,2,2,1,2,3,3,2,2,3,4,4,4,2,1.0,,1.0,,0,0,,,,,2.0,1,,2.0,2.0,2.0,2.0,4.0,6.0,10.0,3.0,6.0,9.0,0.0,0.0,0.0,0.0,0.0,0.0,0.0,0.0,0.0,3.0,6.0,9.0,0.0,0.0,0.0,0.0,0.0,0.0,0.0,0.0,0.0,0.0,0.0,0.0,1.0,1.0,2.0,#NULL!,#NULL!,#NULL!,#NULL!,#NULL!,#NULL!,1000,1500,1.0,,1.0,2.0,1.0,2.0,3.0,3.0,6.0,6.0,1.0,2.0,2.0,2.0,1.0,2.0,4.0,1.0,2.0,1.0,1.0,9.0,1.0,2.0,3.0,7.0,
10,5,1.0,26,F,3.0,,9,,kek,4,3,1,1,4,4,4,4,4,1,4,4,4,2,1.0,,,,0,0,,,,,1.0,1,,1.0,1.0,2.0,2.0,4.0,2.0,6.0,0.0,0.0,0.0,0.0,0.0,0.0,0.0,0.0,0.0,0.0,0.0,0.0,0.0,0.0,0.0,0.0,0.0,0.0,0.0,0.0,0.0,0.0,0.0,0.0,0.0,0.0,0.0,2.0,1.0,1.0,#NULL!,#NULL!,#NULL!,#NULL!,#NULL!,#NULL!,1000,1200,1.0,,1.0,1.0,3.0,3.0,3.0,3.0,6.0,6.0,7.0,7.0,2.0,1.0,2.0,3.0,2.0,3.0,2.0,3.0,3.0,9.0,3.0,1.0,2.0,1.0,
10,5,1.0,26,E,2.0,,7,,barang runcit,3,2,3,3,2,2,2,3,2,1,2,3,3,1,,,,,0,0,,,,,2.0,1,,2.0,2.0,2.0,2.0,2.0,25.0,27.0,0.0,0.0,0.0,0.0,0.0,0.0,0.0,0.0,0.0,0.0,0.0,0.0,0.0,0.0,0.0,0.0,0.0,0.0,0.0,0.0,0.0,0.0,4.0,4.0,0.0,0.0,0.0,1.0,1.0,1.0,#NULL!,#NULL!,#NULL!,#NULL!,#NULL!,#NULL!,1000,1500,1.0,,1.0,2.0,2.0,1.0,1.0,2.0,6.0,6.0,1.0,2.0,3.0,3.0,3.0,2.0,2.0,2.0,2.0,2.0,2.0,9.0,1.0,2.0,3.0,4.0,
10,5,4.0,12,F,2.0,,9,,makanan,4,3,2,2,3,3,4,3,3,3,3,3,4,1,,,,,0,0,,,,,2.0,1,,1.0,1.0,1.0,1.0,3.0,4.0,7.0,1.0,1.0,2.0,0.0,0.0,0.0,0.0,0.0,0.0,0.0,0.0,0.0,0.0,0.0,0.0,1.0,1.0,2.0,0.0,0.0,0.0,0.0,0.0,0.0,0.0,0.0,0.0,2.0,2.0,9.0,#NULL!,#NULL!,#NULL!,#NULL!,#NULL!,#NULL!,800,1000,1.0,,3.0,2.0,3.0,3.0,2.0,3.0,6.0,5.0,2.0,1.0,2.0,2.0,2.0,2.0,2.0,2.0,2.0,2.0,2.0,6.0,2.0,3.0,1.0,10.0,
10,5,2.0,24,B,2.0,,16,,printing and others,4,2,3,2,4,4,2,3,1,1,2,4,4,1,,,,,0,0,,,,,2.0,1,,1.0,1.0,1.0,2.0,0.0,1.0,1.0,0.0,0.0,0.0,0.0,0.0,0.0,0.0,0.0,0.0,0.0,0.0,0.0,0.0,0.0,0.0,0.0,0.0,0.0,0.0,0.0,0.0,0.0,0.0,0.0,0.0,0.0,0.0,2.0,2.0,8.0,#NULL!,#NULL!,#NULL!,#NULL!,#NULL!,#NULL!,1000,1200,1.0,,6.0,2.0,3.0,1.0,3.0,3.0,6.0,6.0,7.0,7.0,3.0,3.0,3.0,3.0,3.0,3.0,3.0,3.0,3.0,9.0,3.0,2.0,1.0,8.0,
10,5,3.0,24,H,1.0,,18,,"grafik designer, artwork, banner, bunting",4,2,2,3,2,2,2,2,3,2,2,3,1,2,1.0,,,,0,0,,,,,2.0,1,,1.0,2.0,2.0,2.0,1.0,0.0,1.0,1.0,0.0,1.0,0.0,0.0,0.0,1.0,0.0,1.0,0.0,0.0,0.0,0.0,0.0,0.0,0.0,0.0,0.0,0.0,0.0,0.0,0.0,0.0,0.0,0.0,0.0,0.0,2.0,1.0,2.0,#NULL!,#NULL!,#NULL!,#NULL!,#NULL!,#NULL!,900,1500,1.0,,2.0,3.0,1.0,2.0,1.0,3.0,5.0,6.0,1.0,1.0,2.0,2.0,2.0,2.0,2.0,2.0,2.0,2.0,2.0,2.0,1.0,3.0,2.0,6.0,
10,5,4.0,18,B,3.0,,4,,minyak sawit,3,3,3,3,3,3,3,3,3,3,3,3,3,1,,,,,0,0,,,,,1.0,1,,2.0,2.0,2.0,2.0,50.0,0.0,50.0,0.0,0.0,0.0,0.0,0.0,0.0,0.0,0.0,0.0,0.0,0.0,0.0,0.0,0.0,0.0,0.0,0.0,0.0,0.0,0.0,0.0,35.0,0.0,35.0,24.0,1.0,25.0,1.0,2.0,1.0,#NULL!,#NULL!,#NULL!,#NULL!,#NULL!,#NULL!,1000,1500,1.0,,2.0,3.0,1.0,2.0,3.0,3.0,6.0,6.0,6.0,6.0,3.0,3.0,3.0,3.0,3.0,3.0,3.0,3.0,3.0,6.0,1.0,2.0,3.0,5.0,
10,5,4.0,25,G,8.0,,4,hidrolik,hidrolik,2,3,4,3,2,3,4,4,4,4,4,4,4,2,1.0,,,,0,0,,,,,1.0,1,,2.0,2.0,2.0,2.0,15.0,15.0,30.0,0.0,0.0,0.0,0.0,0.0,0.0,0.0,0.0,0.0,0.0,0.0,0.0,0.0,0.0,0.0,0.0,0.0,0.0,0.0,0.0,0.0,0.0,0.0,0.0,0.0,0.0,0.0,2.0,1.0,5.0,1500,2000,#NULL!,#NULL!,#NULL!,#NULL!,900,1000,1.0,,3.0,2.0,3.0,3.0,3.0,3.0,6.0,6.0,6.0,6.0,4.0,4.0,4.0,4.0,4.0,4.0,3.0,3.0,3.0,7.0,1.0,2.0,3.0,7.0,
10,5,3.0,12,C,3.0,,6,,kejuruteraan,3,3,3,3,3,3,4,4,4,4,4,4,4,1,,,,,0,0,,,,,1.0,1,,2.0,2.0,2.0,1.0,20.0,25.0,45.0,3.0,2.0,5.0,0.0,0.0,0.0,0.0,0.0,0.0,0.0,0.0,0.0,3.0,2.0,5.0,0.0,0.0,0.0,0.0,0.0,0.0,0.0,0.0,0.0,0.0,0.0,0.0,2.0,2.0,10.0,1700,2300,#NULL!,#NULL!,#NULL!,#NULL!,#NULL!,#NULL!,1.0,,2.0,1.0,3.0,1.0,3.0,3.0,1.0,1.0,7.0,7.0,3.0,3.0,3.0,3.0,3.0,3.0,3.0,3.0,3.0,2.0,1.0,3.0,2.0,4.0,
10,5,1.0,12,C,8.0,,4,,aluminium,3,3,3,3,3,3,3,3,3,3,3,3,3,1,,,,,0,0,,,,,1.0,1,,2.0,2.0,2.0,2.0,10.0,10.0,20.0,0.0,0.0,0.0,0.0,0.0,0.0,0.0,0.0,0.0,0.0,0.0,0.0,0.0,0.0,0.0,0.0,0.0,0.0,0.0,0.0,0.0,0.0,0.0,0.0,0.0,0.0,0.0,2.0,2.0,2.0,1500,4000,#NULL!,#NULL!,#NULL!,#NULL!,1000,1800,1.0,,2.0,2.0,2.0,1.0,1.0,3.0,1.0,6.0,6.0,6.0,3.0,3.0,3.0,3.0,3.0,3.0,3.0,3.0,3.0,3.0,3.0,1.0,2.0,5.0,
10,5,3.0,12,D,3.0,,4,,perkilangan,3,3,3,3,3,3,3,3,3,3,3,3,3,2,1.0,,,,0,0,,,,,1.0,1,,2.0,2.0,2.0,2.0,10.0,5.0,15.0,0.0,0.0,0.0,0.0,0.0,0.0,0.0,0.0,0.0,0.0,0.0,0.0,0.0,0.0,0.0,0.0,0.0,0.0,0.0,0.0,0.0,0.0,0.0,0.0,0.0,0.0,0.0,1.0,1.0,7.0,2000,4000,#NULL!,#NULL!,#NULL!,#NULL!,1000,3000,1.0,,2.0,3.0,2.0,3.0,3.0,3.0,6.0,6.0,2.0,6.0,4.0,4.0,3.0,3.0,3.0,3.0,4.0,4.0,4.0,2.0,2.0,3.0,1.0,6.0,
10,5,4.0,26,J,8.0,,16,,guaman,3,3,3,2,2,2,2,3,3,3,3,3,3,1,,,,,0,0,,,,,2.0,1,,2.0,2.0,2.0,2.0,30.0,30.0,60.0,5.0,7.0,12.0,0.0,0.0,0.0,0.0,0.0,0.0,0.0,0.0,0.0,5.0,7.0,12.0,0.0,0.0,0.0,0.0,0.0,0.0,48.0,0.0,48.0,0.0,0.0,0.0,2.0,2.0,5.0,1700,2500,#NULL!,#NULL!,#NULL!,#NULL!,#NULL!,#NULL!,1.0,,3.0,4.0,1.0,3.0,2.0,3.0,1.0,6.0,1.0,1.0,1.0,1.0,1.0,1.0,1.0,1.0,1.0,1.0,1.0,4.0,1.0,3.0,2.0,4.0,
10,5,3.0,12,J,1.0,,18,,siber,3,3,3,3,3,3,3,3,3,3,3,3,3,1,,,,,0,0,,,,,1.0,1,,2.0,2.0,2.0,2.0,2.0,2.0,4.0,0.0,0.0,0.0,0.0,0.0,0.0,0.0,0.0,0.0,0.0,0.0,0.0,0.0,0.0,0.0,0.0,0.0,0.0,0.0,0.0,0.0,0.0,0.0,0.0,0.0,0.0,0.0,1.0,2.0,1.0,#NULL!,#NULL!,#NULL!,#NULL!,#NULL!,#NULL!,900,1280,1.0,,3.0,1.0,1.0,3.0,3.0,3.0,6.0,6.0,7.0,7.0,3.0,3.0,3.0,3.0,3.0,3.0,3.0,3.0,3.0,5.0,2.0,1.0,3.0,5.0,
10,5,3.0,26,D,3.0,,4,,produk papan lapis,3,2,2,2,1,3,2,3,3,3,3,2,4,2,1.0,,,,0,0,,,,,1.0,3,2.0,1.0,1.0,2.0,2.0,90.0,40.0,130.0,106.0,31.0,137.0,12.0,9.0,21.0,6.0,0.0,6.0,70.0,9.0,79.0,3.0,2.0,5.0,0.0,0.0,0.0,15.0,11.0,26.0,70.0,9.0,79.0,0.0,0.0,0.0,2.0,1.0,2.0,2500,2800,#NULL!,#NULL!,1800,2200,1200,1500,2.0,belia memilih pekerjaan,2.0,1.0,3.0,3.0,3.0,3.0,1.0,6.0,7.0,7.0,2.0,2.0,2.0,2.0,2.0,2.0,2.0,1.0,2.0,5.0,3.0,2.0,1.0,3.0,
10,5,3.0,12,B,3.0,,1,,penyembelihan dan pemprosesan ayam,3,2,2,3,3,2,2,3,2,3,3,3,2,2,1.0,,,,0,0,,,,,2.0,2,1.0,1.0,2.0,2.0,2.0,30.0,15.0,45.0,6.0,0.0,6.0,0.0,0.0,0.0,0.0,0.0,0.0,0.0,0.0,0.0,0.0,0.0,0.0,0.0,0.0,0.0,6.0,0.0,6.0,24.0,11.0,35.0,0.0,0.0,0.0,2.0,2.0,4.0,2000,2200,#NULL!,#NULL!,#NULL!,#NULL!,1000,1800,2.0,"masalah disiplin, sikap, kurang komitmen",6.0,6.0,3.0,2.0,3.0,3.0,3.0,6.0,6.0,7.0,3.0,2.0,2.0,2.0,4.0,2.0,4.0,4.0,4.0,1.0,1.0,2.0,3.0,12.0,persekitaran kawasan pekerjaan
10,5,3.0,4,A,3.0,,1,,sawit,2,2,2,3,1,1,1,3,2,1,2,3,3,1,,,,,0,0,,,,,2.0,1,,2.0,2.0,2.0,2.0,3.0,6.0,9.0,0.0,1.0,1.0,0.0,0.0,0.0,0.0,0.0,0.0,0.0,0.0,0.0,0.0,0.0,0.0,0.0,0.0,0.0,0.0,1.0,1.0,0.0,0.0,0.0,0.0,0.0,0.0,2.0,1.0,1.0,2600,4500,2100,3900,1600,2600,980,2000,1.0,,2.0,3.0,3.0,3.0,3.0,3.0,1.0,6.0,6.0,2.0,3.0,3.0,3.0,3.0,3.0,3.0,4.0,4.0,3.0,9.0,1.0,3.0,2.0,3.0,
10,5,3.0,12,C,3.0,,4,,tin,3,3,2,2,3,3,3,3,3,3,3,3,3,2,1.0,,,,0,0,,,,,2.0,3,1.0,1.0,1.0,2.0,1.0,43.0,14.0,57.0,0.0,14.0,14.0,0.0,0.0,0.0,0.0,0.0,0.0,0.0,0.0,0.0,0.0,0.0,0.0,0.0,0.0,0.0,0.0,14.0,14.0,43.0,0.0,43.0,0.0,0.0,0.0,1.0,2.0,1.0,1000,1200,2000,2500,1200,1500,1000,1200,1.0,,2.0,2.0,3.0,3.0,3.0,3.0,6.0,6.0,7.0,7.0,2.0,2.0,2.0,2.0,2.0,2.0,2.0,2.0,2.0,6.0,1.0,2.0,3.0,5.0,
10,5,3.0,12,B,3.0,,4,,wallpaper,3,2,2,2,2,2,1,3,3,2,2,2,1,2,1.0,1.0,,,0,0,,,,,1.0,3,3.0,2.0,2.0,2.0,2.0,28.0,15.0,43.0,2.0,2.0,4.0,0.0,0.0,0.0,0.0,0.0,0.0,2.0,0.0,2.0,0.0,0.0,0.0,0.0,0.0,0.0,0.0,2.0,2.0,18.0,0.0,18.0,2.0,0.0,2.0,1.0,1.0,2.0,1000,1500,1000,1500,1000,1500,1000,1500,2.0,tidak boleh tahan tekanan,6.0,6.0,3.0,3.0,3.0,3.0,6.0,6.0,6.0,7.0,4.0,2.0,2.0,4.0,4.0,2.0,2.0,2.0,4.0,2.0,3.0,2.0,1.0,1.0,
10,5,2.0,12,B,3.0,,4,,barangan cleanroom,3,2,2,2,4,4,2,4,4,4,4,4,2,2,1.0,,,,0,0,,,,,2.0,3,1.0,2.0,2.0,2.0,2.0,9.0,26.0,35.0,9.0,20.0,29.0,0.0,3.0,3.0,0.0,0.0,0.0,9.0,17.0,26.0,0.0,0.0,0.0,0.0,0.0,0.0,0.0,0.0,0.0,8.0,0.0,8.0,0.0,0.0,0.0,2.0,2.0,9.0,1300,1500,#NULL!,#NULL!,1200,1500,1000,1000,1.0,,6.0,6.0,3.0,3.0,3.0,3.0,3.0,6.0,6.0,7.0,1.0,3.0,3.0,2.0,2.0,3.0,2.0,3.0,3.0,2.0,3.0,1.0,2.0,10.0,
10,5,4.0,18,H,3.0,,18,,"program tv, pengurusan majlis, penyewaan peralatan audio visual",3,2,1,2,2,3,2,1,3,3,3,3,1,2,1.0,,,,0,0,,,,,2.0,1,,1.0,2.0,2.0,2.0,4.0,2.0,6.0,2.0,2.0,4.0,0.0,0.0,0.0,1.0,2.0,3.0,1.0,0.0,1.0,0.0,0.0,0.0,0.0,0.0,0.0,0.0,0.0,0.0,0.0,0.0,0.0,0.0,0.0,0.0,3.0,2.0,8.0,1800,2000,#NULL!,#NULL!,1200,1500,900,1200,1.0,,3.0,1.0,1.0,2.0,3.0,1.0,5.0,6.0,6.0,6.0,3.0,3.0,3.0,2.0,3.0,3.0,3.0,3.0,3.0,7.0,1.0,2.0,3.0,1.0,
10,5,3.0,12,C,1.0,,8,bengkel kereta,alat ganti,3,4,4,4,3,3,3,1,4,4,4,4,4,2,1.0,,,,0,0,,,,,2.0,1,,2.0,2.0,2.0,2.0,4.0,0.0,4.0,0.0,0.0,0.0,0.0,0.0,0.0,0.0,0.0,0.0,0.0,0.0,0.0,0.0,0.0,0.0,0.0,0.0,0.0,0.0,0.0,0.0,0.0,0.0,0.0,0.0,0.0,0.0,2.0,1.0,1.0,#NULL!,#NULL!,#NULL!,#NULL!,#NULL!,#NULL!,1000,2500,2.0,kurang mahir tapi cakap mahir,6.0,6.0,2.0,3.0,3.0,3.0,5.0,5.0,2.0,2.0,4.0,1.0,1.0,4.0,4.0,2.0,2.0,1.0,2.0,2.0,3.0,1.0,2.0,6.0,
10,5,4.0,4,B,1.0,,4,,tshirt printing,4,2,2,2,4,2,2,4,4,4,4,4,4,1,,,,,0,0,,,,,2.0,2,2.0,2.0,2.0,2.0,2.0,4.0,4.0,8.0,2.0,2.0,4.0,0.0,0.0,0.0,0.0,0.0,0.0,0.0,0.0,0.0,1.0,1.0,2.0,0.0,0.0,0.0,1.0,1.0,2.0,0.0,0.0,0.0,0.0,0.0,0.0,2.0,2.0,5.0,#NULL!,#NULL!,#NULL!,#NULL!,#NULL!,#NULL!,1400,1700,1.0,2,2.0,1.0,2.0,3.0,3.0,3.0,6.0,2.0,3.0,3.0,3.0,3.0,3.0,3.0,3.0,3.0,3.0,3.0,3.0,2.0,2.0,1.0,3.0,4.0,
10,5,3.0,4,G,3.0,,11,,advertising/marketing,3,3,3,3,3,3,3,3,3,3,3,3,3,2,1.0,,,,0,0,,,,,1.0,1,,2.0,2.0,2.0,1.0,20.0,30.0,50.0,12.0,15.0,27.0,2.0,5.0,7.0,0.0,0.0,0.0,0.0,0.0,0.0,10.0,10.0,20.0,0.0,0.0,0.0,0.0,0.0,0.0,0.0,0.0,0.0,0.0,0.0,0.0,1.0,1.0,1.0,1800,2500,#NULL!,#NULL!,#NULL!,#NULL!,#NULL!,#NULL!,1.0,,2.0,4.0,3.0,3.0,3.0,3.0,1.0,6.0,2.0,7.0,2.0,2.0,2.0,2.0,2.0,2.0,1.0,2.0,2.0,2.0,1.0,2.0,3.0,1.0,
10,5,1.0,4,E,2.0,,7,,acrylic,2,4,4,3,4,4,2,2,3,3,2,4,4,2,1.0,,,,0,0,,,,,1.0,1,,1.0,2.0,1.0,2.0,2.0,5.0,7.0,4.0,8.0,12.0,0.0,1.0,1.0,2.0,4.0,6.0,0.0,0.0,0.0,2.0,0.0,2.0,0.0,0.0,0.0,0.0,3.0,3.0,0.0,0.0,0.0,0.0,0.0,0.0,1.0,1.0,1.0,#NULL!,#NULL!,#NULL!,#NULL!,#NULL!,#NULL!,#NULL!,#NULL!,1.0,,6.0,6.0,3.0,3.0,3.0,3.0,6.0,6.0,1.0,2.0,4.0,2.0,4.0,2.0,4.0,4.0,3.0,2.0,5.0,2.0,1.0,2.0,3.0,6.0,
10,5,3.0,12,I,3.0,,19,legal,legal services,3,2,1,1,1,4,2,3,3,3,3,3,1,1,,,,,0,0,,,,,2.0,3,1.0,1.0,2.0,2.0,2.0,2.0,0.0,2.0,0.0,1.0,1.0,0.0,0.0,0.0,0.0,1.0,1.0,0.0,0.0,0.0,0.0,0.0,0.0,0.0,0.0,0.0,0.0,0.0,0.0,0.0,0.0,0.0,0.0,0.0,0.0,3.0,1.0,1.0,2000,4500,#NULL!,#NULL!,#NULL!,#NULL!,#NULL!,#NULL!,2.0,incompetence,2.0,3.0,1.0,3.0,3.0,3.0,1.0,6.0,1.0,7.0,2.0,2.0,1.0,3.0,2.0,3.0,2.0,4.0,3.0,1.0,1.0,2.0,3.0,7.0,
10,5,2.0,24,E,3.0,,6,,construction and consultancy,3,2,2,2,4,4,3,3,3,3,3,4,4,1,,,,,0,0,,,,,2.0,1,,1.0,1.0,2.0,2.0,13.0,12.0,25.0,6.0,5.0,11.0,0.0,0.0,0.0,6.0,5.0,11.0,0.0,0.0,0.0,0.0,0.0,0.0,0.0,0.0,0.0,0.0,0.0,0.0,0.0,0.0,0.0,0.0,0.0,0.0,2.0,2.0,1.0,#NULL!,#NULL!,#NULL!,#NULL!,#NULL!,#NULL!,#NULL!,#NULL!,1.0,,6.0,6.0,3.0,3.0,3.0,3.0,1.0,2.0,1.0,7.0,2.0,2.0,2.0,2.0,2.0,2.0,2.0,2.0,2.0,2.0,3.0,2.0,1.0,4.0,
10,5,4.0,25,H,3.0,,6,,swimming pool,3,3,3,3,3,3,3,3,3,3,3,3,3,1,,,,,0,0,,,,,2.0,1,,2.0,2.0,2.0,1.0,15.0,4.0,19.0,3.0,0.0,3.0,1.0,0.0,1.0,2.0,0.0,2.0,0.0,0.0,0.0,0.0,0.0,0.0,0.0,0.0,0.0,0.0,0.0,0.0,0.0,0.0,0.0,0.0,0.0,0.0,2.0,2.0,1.0,#NULL!,#NULL!,2800,5000,2000,8000,1500,2500,1.0,,2.0,6.0,2.0,3.0,3.0,3.0,4.0,5.0,2.0,2.0,2.0,2.0,3.0,2.0,2.0,2.0,2.0,3.0,3.0,2.0,1.0,3.0,2.0,3.0,
10,5,1.0,4,H,3.0,,3,,,2,2,1,1,2,2,2,1,2,3,2,3,3,2,1.0,,,,0,0,,,,,1.0,3,2.0,1.0,1.0,1.0,2.0,9.0,3.0,12.0,14.0,7.0,21.0,0.0,1.0,1.0,7.0,3.0,10.0,0.0,0.0,0.0,5.0,2.0,7.0,2.0,1.0,3.0,0.0,0.0,0.0,0.0,0.0,0.0,1.0,0.0,1.0,3.0,1.0,1.0,1800,2000,2000,2500,1600,1800,#NULL!,#NULL!,1.0,,2.0,2.0,3.0,3.0,3.0,3.0,1.0,1.0,6.0,6.0,2.0,2.0,2.0,2.0,3.0,3.0,3.0,3.0,3.0,9.0,1.0,2.0,3.0,6.0,
10,5,3.0,12,H,11.0,travel agency,18,pelancongan,"umrah, haji, pelancongan",2,2,2,2,3,4,4,4,3,3,3,3,2,2,1.0,,,,0,0,,,,,1.0,3,1.0,1.0,1.0,2.0,2.0,1.0,4.0,5.0,2.0,8.0,10.0,1.0,4.0,5.0,0.0,0.0,0.0,0.0,0.0,0.0,1.0,4.0,5.0,0.0,0.0,0.0,0.0,0.0,0.0,0.0,0.0,0.0,0.0,0.0,0.0,2.0,2.0,1.0,1000,#NULL!,1000,#NULL!,1000,#NULL!,1000,#NULL!,1.0,,2.0,1.0,3.0,3.0,3.0,3.0,6.0,6.0,7.0,7.0,2.0,3.0,2.0,2.0,2.0,2.0,2.0,2.0,2.0,7.0,1.0,2.0,3.0,1.0,
10,5,2.0,24,J,1.0,,11,,komputer (specialist software),3,1,3,3,2,2,3,3,4,3,3,2,3,1,,,,,0,0,,,,,2.0,1,,2.0,2.0,2.0,2.0,1.0,0.0,1.0,0.0,0.0,0.0,0.0,0.0,0.0,0.0,0.0,0.0,0.0,0.0,0.0,0.0,0.0,0.0,0.0,0.0,0.0,0.0,0.0,0.0,0.0,0.0,0.0,0.0,0.0,0.0,2.0,2.0,1.0,#NULL!,#NULL!,#NULL!,#NULL!,#NULL!,#NULL!,2500,3800,1.0,,6.0,6.0,3.0,3.0,3.0,3.0,6.0,6.0,7.0,7.0,3.0,3.0,3.0,3.0,3.0,3.0,3.0,3.0,3.0,1.0,1.0,3.0,2.0,6.0,
10,5,4.0,25,E,1.0,,7,,pakaian,3,3,3,3,3,3,3,3,3,3,3,3,3,2,,,,,0,0,,,,,2.0,1,,2.0,2.0,2.0,2.0,2.0,3.0,5.0,0.0,0.0,0.0,0.0,0.0,0.0,0.0,0.0,0.0,0.0,0.0,0.0,0.0,0.0,0.0,0.0,0.0,0.0,0.0,0.0,0.0,0.0,0.0,0.0,0.0,0.0,0.0,2.0,2.0,1.0,2800,3000,#NULL!,#NULL!,#NULL!,#NULL!,1200,1800,1.0,,6.0,6.0,3.0,3.0,3.0,3.0,1.0,1.0,7.0,7.0,3.0,3.0,3.0,3.0,3.0,3.0,3.0,3.0,3.0,1.0,3.0,2.0,1.0,7.0,
10,5,4.0,4,E,1.0,,12,,hardware/software,3,3,3,3,3,3,3,3,3,3,3,3,3,1,,,,,0,0,,,,,2.0,1,,2.0,2.0,2.0,2.0,2.0,4.0,6.0,0.0,0.0,0.0,0.0,0.0,0.0,0.0,0.0,0.0,0.0,0.0,0.0,0.0,0.0,0.0,0.0,0.0,0.0,0.0,0.0,0.0,0.0,0.0,0.0,0.0,0.0,0.0,2.0,1.0,1.0,1500,2500,#NULL!,#NULL!,#NULL!,#NULL!,1200,1800,1.0,,6.0,6.0,3.0,3.0,3.0,3.0,,,7.0,7.0,3.0,3.0,3.0,3.0,3.0,3.0,3.0,3.0,3.0,1.0,3.0,2.0,1.0,6.0,
10,5,4.0,4,H,3.0,,7,kitchen furnitures,interior designer,3,3,3,3,3,3,3,3,3,3,3,3,3,2,1.0,,,,0,0,,,,,2.0,1,,1.0,1.0,1.0,1.0,20.0,5.0,25.0,0.0,0.0,0.0,0.0,0.0,0.0,0.0,0.0,0.0,0.0,0.0,0.0,0.0,0.0,0.0,0.0,0.0,0.0,0.0,0.0,0.0,0.0,0.0,0.0,0.0,0.0,0.0,2.0,2.0,1.0,1800,3500,#NULL!,#NULL!,#NULL!,#NULL!,1000,2500,1.0,,2.0,2.0,3.0,3.0,3.0,3.0,1.0,1.0,1.0,1.0,4.0,3.0,3.0,3.0,3.0,3.0,3.0,3.0,3.0,3.0,3.0,2.0,1.0,6.0,
10,5,3.0,26,E,1.0,,19,,fesyen wanita,3,3,3,3,3,3,3,3,3,3,3,3,3,1,,,,,0,0,,,,,2.0,1,,2.0,2.0,2.0,2.0,1.0,2.0,3.0,0.0,0.0,0.0,0.0,0.0,0.0,0.0,0.0,0.0,0.0,0.0,0.0,0.0,0.0,0.0,0.0,0.0,0.0,0.0,0.0,0.0,0.0,0.0,0.0,1.0,2.0,3.0,2.0,2.0,1.0,#NULL!,#NULL!,#NULL!,#NULL!,#NULL!,#NULL!,1000,1800,1.0,,2.0,2.0,3.0,3.0,3.0,3.0,,,7.0,7.0,3.0,3.0,3.0,3.0,3.0,3.0,3.0,3.0,3.0,6.0,3.0,2.0,1.0,5.0,
10,5,4.0,4,E,1.0,,11,,komputer,3,3,3,3,3,3,3,3,3,3,3,3,3,1,,,,,0,0,,,,,2.0,1,,2.0,2.0,2.0,2.0,1.0,0.0,1.0,0.0,0.0,0.0,0.0,0.0,0.0,0.0,0.0,0.0,0.0,0.0,0.0,0.0,0.0,0.0,0.0,0.0,0.0,0.0,0.0,0.0,1.0,0.0,1.0,0.0,0.0,0.0,2.0,2.0,1.0,#NULL!,#NULL!,#NULL!,#NULL!,#NULL!,#NULL!,1800,1800,1.0,,6.0,6.0,2.0,1.0,3.0,3.0,,,1.0,1.0,4.0,4.0,3.0,3.0,3.0,3.0,3.0,3.0,3.0,5.0,2.0,3.0,1.0,3.0,
10,5,4.0,4,C,3.0,,4,,building materials,2,2,2,2,2,2,2,2,2,2,2,3,2,2,1.0,1.0,,,0,0,,,,,2.0,3,2.0,1.0,2.0,2.0,2.0,45.0,10.0,55.0,37.0,3.0,40.0,0.0,0.0,0.0,0.0,0.0,0.0,37.0,3.0,40.0,0.0,0.0,0.0,0.0,0.0,0.0,0.0,0.0,0.0,0.0,0.0,0.0,2.0,0.0,2.0,2.0,2.0,1.0,2000,2500,2500,3500,2000,2500,1500,2000,1.0,,6.0,6.0,3.0,3.0,3.0,3.0,,,7.0,7.0,3.0,3.0,3.0,4.0,4.0,4.0,4.0,4.0,4.0,1.0,1.0,2.0,3.0,2.0,
10,5,4.0,4,H,11.0,,4,perkilangan,,2,1,2,1,3,4,1,4,4,4,1,3,1,1,,,,,0,0,,,,,1.0,3,2.0,1.0,2.0,2.0,2.0,0.0,1.0,1.0,0.0,2.0,2.0,0.0,1.0,1.0,0.0,1.0,1.0,0.0,0.0,0.0,0.0,0.0,0.0,0.0,0.0,0.0,0.0,0.0,0.0,0.0,0.0,0.0,0.0,0.0,0.0,3.0,3.0,1.0,2000,2000,#NULL!,#NULL!,#NULL!,#NULL!,#NULL!,#NULL!,1.0,,1.0,1.0,1.0,1.0,1.0,1.0,5.0,5.0,1.0,1.0,3.0,2.0,3.0,3.0,4.0,3.0,4.0,3.0,3.0,2.0,1.0,2.0,3.0,6.0,
10,5,3.0,26,I,4.0,,16,,counselling student,3,2,2,1,2,2,2,3,3,2,3,4,1,2,1.0,,,,0,0,,,,,2.0,1,,1.0,1.0,2.0,2.0,6.0,33.0,39.0,7.0,19.0,26.0,2.0,1.0,3.0,0.0,0.0,0.0,0.0,0.0,0.0,5.0,18.0,23.0,0.0,0.0,0.0,0.0,0.0,0.0,0.0,0.0,0.0,0.0,0.0,0.0,1.0,2.0,1.0,2000,2500,2500,3000,#NULL!,#NULL!,#NULL!,#NULL!,2.0,the salary and job scope not up to their expectation,2.0,1.0,3.0,3.0,3.0,3.0,1.0,1.0,6.0,6.0,2.0,2.0,3.0,3.0,2.0,2.0,3.0,2.0,3.0,9.0,1.0,2.0,3.0,3.0,
10,5,4.0,18,H,3.0,,15,,interior design,4,4,3,2,4,4,3,3,4,4,3,4,4,2,1.0,,,,0,0,,,,,2.0,1,,1.0,1.0,2.0,2.0,2.0,6.0,8.0,0.0,8.0,8.0,0.0,1.0,1.0,0.0,3.0,3.0,0.0,1.0,1.0,0.0,3.0,3.0,0.0,0.0,0.0,0.0,0.0,0.0,0.0,0.0,0.0,0.0,0.0,0.0,2.0,2.0,1.0,2500,3000,#NULL!,#NULL!,#NULL!,#NULL!,#NULL!,#NULL!,1.0,,6.0,6.0,3.0,3.0,3.0,3.0,1.0,6.0,6.0,7.0,3.0,2.0,2.0,3.0,3.0,2.0,1.0,2.0,2.0,7.0,2.0,3.0,1.0,3.0,
10,5,3.0,25,J,3.0,,17,,beauty,2,2,2,2,2,2,2,2,2,2,2,2,2,1,,,,,0,0,,,,,2.0,1,,2.0,2.0,2.0,2.0,1.0,2.0,3.0,0.0,0.0,0.0,0.0,0.0,0.0,0.0,0.0,0.0,0.0,0.0,0.0,0.0,0.0,0.0,0.0,0.0,0.0,0.0,0.0,0.0,0.0,0.0,0.0,0.0,0.0,0.0,2.0,2.0,1.0,2500,2800,#NULL!,#NULL!,#NULL!,#NULL!,1800,2000,1.0,,6.0,6.0,3.0,3.0,3.0,3.0,1.0,6.0,7.0,7.0,2.0,2.0,2.0,2.0,2.0,2.0,2.0,2.0,2.0,1.0,3.0,2.0,1.0,6.0,
10,5,3.0,25,J,3.0,,17,,beauty care,2,2,2,2,3,3,3,3,3,3,3,3,3,2,1.0,,,,1,1,1.0,,15.0,5.0,1.0,1,,2.0,2.0,2.0,2.0,0.0,2.0,2.0,0.0,0.0,0.0,0.0,0.0,0.0,0.0,0.0,0.0,0.0,0.0,0.0,0.0,0.0,0.0,0.0,0.0,0.0,0.0,0.0,0.0,0.0,0.0,0.0,0.0,0.0,0.0,2.0,2.0,1.0,1800,2500,#NULL!,#NULL!,#NULL!,#NULL!,#NULL!,#NULL!,1.0,,6.0,6.0,3.0,3.0,3.0,3.0,1.0,6.0,7.0,7.0,2.0,2.0,2.0,2.0,2.0,2.0,2.0,2.0,2.0,7.0,3.0,2.0,1.0,7.0,
10,5,2.0,24,E,3.0,,7,,jeans/clothes,3,3,3,3,3,3,3,3,3,3,3,3,3,1,,,,,0,0,,,,,2.0,1,,2.0,2.0,2.0,2.0,2.0,1.0,3.0,0.0,0.0,0.0,0.0,0.0,0.0,0.0,0.0,0.0,0.0,0.0,0.0,0.0,0.0,0.0,0.0,0.0,0.0,0.0,0.0,0.0,0.0,0.0,0.0,0.0,0.0,0.0,2.0,2.0,3.0,2500,3200,#NULL!,#NULL!,#NULL!,#NULL!,1200,1800,1.0,,6.0,6.0,3.0,3.0,3.0,3.0,6.0,6.0,7.0,7.0,3.0,3.0,3.0,3.0,3.0,3.0,3.0,3.0,3.0,3.0,1.0,3.0,2.0,6.0,
10,5,3.0,25,J,1.0,,17,beauty,beauty (waxing specialist),3,3,3,3,3,3,3,3,3,3,3,3,3,1,,,,,0,0,,,,,2.0,1,,2.0,2.0,2.0,2.0,2.0,2.0,4.0,0.0,0.0,0.0,0.0,0.0,0.0,0.0,0.0,0.0,0.0,0.0,0.0,0.0,0.0,0.0,0.0,0.0,0.0,0.0,0.0,0.0,0.0,0.0,0.0,0.0,0.0,0.0,2.0,2.0,1.0,2000,2500,#NULL!,#NULL!,#NULL!,#NULL!,1000,2000,1.0,,6.0,6.0,3.0,3.0,3.0,3.0,1.0,1.0,7.0,7.0,2.0,2.0,2.0,2.0,2.0,2.0,2.0,2.0,2.0,1.0,3.0,2.0,1.0,6.0,
10,5,4.0,4,E,3.0,,5,,elektrik,2,2,2,2,2,2,2,2,2,2,2,2,2,1,,,,,0,0,,,,,2.0,1,,2.0,2.0,2.0,2.0,4.0,6.0,10.0,0.0,0.0,0.0,0.0,0.0,0.0,0.0,0.0,0.0,0.0,0.0,0.0,0.0,0.0,0.0,0.0,0.0,0.0,0.0,0.0,0.0,0.0,0.0,0.0,0.0,0.0,0.0,2.0,2.0,1.0,2000,2500,#NULL!,#NULL!,#NULL!,#NULL!,1200,1800,1.0,,6.0,6.0,3.0,3.0,3.0,3.0,1.0,6.0,2.0,7.0,2.0,2.0,2.0,2.0,2.0,2.0,2.0,2.0,2.0,2.0,3.0,2.0,1.0,6.0,
10,5,3.0,4,E,3.0,,7,serbaneka (barang rumah),electrical store,2,2,2,2,2,2,2,2,2,2,2,2,2,1,,,,,0,0,,,,,2.0,1,,2.0,2.0,2.0,2.0,1.0,4.0,5.0,0.0,0.0,0.0,0.0,0.0,0.0,0.0,0.0,0.0,0.0,0.0,0.0,0.0,0.0,0.0,0.0,0.0,0.0,0.0,0.0,0.0,0.0,0.0,0.0,0.0,0.0,0.0,2.0,1.0,1.0,#NULL!,#NULL!,#NULL!,#NULL!,#NULL!,#NULL!,1100,2500,1.0,,2.0,2.0,3.0,3.0,3.0,3.0,1.0,6.0,7.0,7.0,3.0,3.0,3.0,3.0,3.0,3.0,3.0,3.0,3.0,6.0,2.0,3.0,1.0,6.0,
10,5,1.0,4,E,3.0,,7,,alatan dalaman rumah,2,2,3,3,3,2,2,2,3,2,3,2,2,1,,,,,0,0,,,,,2.0,1,,2.0,2.0,2.0,2.0,3.0,3.0,6.0,0.0,0.0,0.0,0.0,0.0,0.0,0.0,0.0,0.0,0.0,0.0,0.0,0.0,0.0,0.0,0.0,0.0,0.0,0.0,0.0,0.0,0.0,0.0,0.0,0.0,0.0,0.0,2.0,2.0,1.0,1800,2500,#NULL!,#NULL!,#NULL!,#NULL!,1100,1800,1.0,,6.0,6.0,3.0,3.0,3.0,3.0,1.0,6.0,7.0,7.0,2.0,2.0,2.0,2.0,2.0,2.0,2.0,2.0,2.0,2.0,1.0,3.0,2.0,6.0,
10,5,3.0,12,J,3.0,,7,petshop,,2,2,2,2,2,2,2,2,2,2,2,2,2,1,,,,,0,0,,,,,2.0,1,,2.0,2.0,2.0,2.0,2.0,0.0,2.0,0.0,0.0,0.0,0.0,0.0,0.0,0.0,0.0,0.0,0.0,0.0,0.0,0.0,0.0,0.0,0.0,0.0,0.0,0.0,0.0,0.0,0.0,0.0,0.0,0.0,0.0,0.0,2.0,2.0,1.0,1500,1800,#NULL!,#NULL!,#NULL!,#NULL!,1000,1200,1.0,,6.0,6.0,3.0,3.0,3.0,3.0,6.0,6.0,7.0,7.0,2.0,2.0,2.0,2.0,2.0,2.0,2.0,2.0,2.0,3.0,3.0,2.0,1.0,6.0,
10,5,4.0,20,I,3.0,,16,,education,2,2,3,3,3,2,2,2,3,3,3,3,3,2,1.0,,,,0,0,,,,,2.0,1,,2.0,2.0,2.0,2.0,5.0,15.0,20.0,5.0,15.0,20.0,2.0,0.0,2.0,3.0,15.0,18.0,0.0,0.0,0.0,0.0,0.0,0.0,0.0,0.0,0.0,0.0,0.0,0.0,0.0,0.0,0.0,0.0,0.0,0.0,2.0,2.0,1.0,#NULL!,#NULL!,#NULL!,#NULL!,#NULL!,#NULL!,3000,3000,1.0,,2.0,2.0,3.0,3.0,3.0,3.0,1.0,1.0,7.0,7.0,1.0,1.0,1.0,1.0,1.0,1.0,1.0,1.0,1.0,1.0,3.0,2.0,1.0,4.0,
10,5,4.0,18,E,3.0,,7,,"importer, exporter, dealer,",2,2,2,2,2,2,2,2,2,2,2,2,2,1,,,,,0,0,,,,,2.0,1,,2.0,2.0,2.0,2.0,2.0,2.0,4.0,2.0,2.0,4.0,2.0,2.0,4.0,0.0,0.0,0.0,0.0,0.0,0.0,0.0,0.0,0.0,0.0,0.0,0.0,0.0,0.0,0.0,0.0,0.0,0.0,0.0,0.0,0.0,2.0,3.0,1.0,2500,3800,#NULL!,#NULL!,#NULL!,#NULL!,1500,2800,1.0,,6.0,6.0,3.0,3.0,3.0,3.0,1.0,1.0,7.0,7.0,1.0,1.0,1.0,1.0,1.0,1.0,1.0,1.0,1.0,1.0,3.0,2.0,1.0,4.0,
10,5,4.0,25,E,8.0,,7,baby products,baby product,4,3,3,3,3,3,3,3,3,3,3,3,3,1,,,,,0,0,,,,,1.0,1,,1.0,1.0,1.0,1.0,0.0,0.0,0.0,0.0,0.0,0.0,0.0,0.0,0.0,0.0,0.0,0.0,0.0,0.0,0.0,0.0,0.0,0.0,0.0,0.0,0.0,0.0,0.0,0.0,0.0,0.0,0.0,0.0,0.0,0.0,2.0,1.0,1.0,#NULL!,#NULL!,#NULL!,#NULL!,#NULL!,#NULL!,#NULL!,#NULL!,1.0,,3.0,3.0,3.0,3.0,3.0,3.0,1.0,1.0,1.0,1.0,3.0,3.0,3.0,3.0,3.0,3.0,3.0,3.0,3.0,2.0,3.0,1.0,2.0,4.0,
10,5,2.0,24,D,3.0,,7,,system automation,2,2,2,2,2,2,2,2,2,2,2,2,2,2,1.0,,,,0,0,,,,,1.0,1,,1.0,1.0,1.0,1.0,16.0,4.0,20.0,0.0,0.0,0.0,0.0,0.0,0.0,0.0,0.0,0.0,0.0,0.0,0.0,0.0,0.0,0.0,0.0,0.0,0.0,0.0,0.0,0.0,0.0,0.0,0.0,0.0,0.0,0.0,1.0,1.0,1.0,#NULL!,#NULL!,#NULL!,#NULL!,#NULL!,#NULL!,1000,2500,1.0,,2.0,2.0,3.0,3.0,3.0,3.0,3.0,6.0,7.0,7.0,1.0,1.0,1.0,1.0,1.0,1.0,1.0,1.0,1.0,1.0,2.0,3.0,1.0,6.0,
10,5,3.0,24,D,3.0,,5,,pereka hiasan dalaman,3,3,3,3,3,3,3,3,3,3,3,3,3,2,1.0,,,,0,0,,,,,1.0,1,,1.0,1.0,1.0,1.0,19.0,6.0,25.0,0.0,0.0,0.0,0.0,0.0,0.0,0.0,0.0,0.0,0.0,0.0,0.0,0.0,0.0,0.0,0.0,0.0,0.0,0.0,0.0,0.0,0.0,0.0,0.0,0.0,0.0,0.0,1.0,1.0,1.0,2000,2500,#NULL!,#NULL!,#NULL!,#NULL!,1000,1500,1.0,,3.0,6.0,3.0,3.0,3.0,3.0,2.0,2.0,7.0,7.0,2.0,2.0,2.0,2.0,2.0,2.0,2.0,2.0,2.0,1.0,2.0,3.0,1.0,6.0,
10,5,3.0,25,D,3.0,,4,,manufacting/production,1,1,1,1,1,1,1,2,2,2,2,2,2,2,1.0,,,,0,0,,,,,1.0,1,,2.0,2.0,2.0,2.0,2.0,2.0,4.0,0.0,0.0,0.0,0.0,0.0,0.0,0.0,0.0,0.0,0.0,0.0,0.0,0.0,0.0,0.0,0.0,0.0,0.0,0.0,0.0,0.0,0.0,0.0,0.0,0.0,0.0,0.0,2.0,2.0,1.0,1500,2500,#NULL!,#NULL!,#NULL!,#NULL!,900,1200,1.0,,6.0,6.0,3.0,3.0,3.0,3.0,6.0,6.0,7.0,7.0,2.0,2.0,2.0,2.0,2.0,2.0,2.0,2.0,2.0,6.0,3.0,2.0,1.0,6.0,
10,5,4.0,25,E,3.0,,7,pakaian,pesyen pakaian wanita,3,3,3,3,3,3,3,3,3,3,3,3,3,1,,,,,0,0,,,,,1.0,1,,2.0,2.0,2.0,2.0,0.0,2.0,2.0,0.0,0.0,0.0,0.0,0.0,0.0,0.0,0.0,0.0,0.0,0.0,0.0,0.0,0.0,0.0,0.0,0.0,0.0,0.0,0.0,0.0,0.0,0.0,0.0,0.0,0.0,0.0,1.0,2.0,1.0,#NULL!,#NULL!,#NULL!,#NULL!,#NULL!,#NULL!,1200,1800,1.0,,6.0,6.0,1.0,1.0,3.0,3.0,,,7.0,7.0,3.0,3.0,3.0,3.0,3.0,3.0,3.0,3.0,3.0,3.0,3.0,2.0,1.0,6.0,
10,5,4.0,4,E,3.0,,11,,syarikat pengehosan website,3,3,3,3,3,3,3,3,3,3,3,3,3,2,1.0,,,,0,0,,,,,2.0,1,,2.0,2.0,2.0,2.0,1.0,0.0,1.0,0.0,0.0,0.0,0.0,0.0,0.0,0.0,0.0,0.0,0.0,0.0,0.0,0.0,0.0,0.0,0.0,0.0,0.0,0.0,0.0,0.0,0.0,0.0,0.0,0.0,0.0,0.0,2.0,2.0,1.0,#NULL!,#NULL!,#NULL!,#NULL!,#NULL!,#NULL!,#NULL!,#NULL!,1.0,,6.0,6.0,3.0,3.0,3.0,3.0,,,7.0,7.0,4.0,3.0,3.0,3.0,3.0,3.0,3.0,3.0,3.0,8.0,3.0,2.0,1.0,10.0,
10,5,3.0,25,I,3.0,,17,,kesihatan,3,3,3,3,3,3,3,3,3,3,3,3,3,2,1.0,,,,0,0,,,,,1.0,1,,2.0,2.0,2.0,2.0,0.0,5.0,5.0,0.0,0.0,0.0,0.0,0.0,0.0,0.0,0.0,0.0,0.0,0.0,0.0,0.0,0.0,0.0,0.0,0.0,0.0,0.0,0.0,0.0,0.0,0.0,0.0,0.0,0.0,0.0,1.0,1.0,1.0,1800,2000,#NULL!,#NULL!,#NULL!,#NULL!,1500,1800,1.0,,6.0,6.0,3.0,3.0,3.0,3.0,1.0,1.0,7.0,7.0,3.0,3.0,3.0,3.0,3.0,3.0,3.0,3.0,3.0,7.0,3.0,2.0,1.0,6.0,
10,5,4.0,20,I,3.0,,16,,perunding pendidikan,3,3,3,3,3,3,3,3,3,3,3,3,3,1,,,,,0,0,,,,,2.0,1,,2.0,2.0,2.0,2.0,1.0,2.0,3.0,0.0,0.0,0.0,0.0,0.0,0.0,0.0,0.0,0.0,0.0,0.0,0.0,0.0,0.0,0.0,0.0,0.0,0.0,0.0,0.0,0.0,0.0,0.0,0.0,0.0,0.0,0.0,2.0,1.0,1.0,2500,3000,#NULL!,#NULL!,#NULL!,#NULL!,1800,2300,1.0,,6.0,6.0,3.0,3.0,3.0,3.0,1.0,1.0,1.0,1.0,3.0,3.0,3.0,3.0,3.0,3.0,3.0,3.0,3.0,7.0,3.0,2.0,1.0,6.0,
10,5,2.0,26,E,3.0,,11,,perisian komputer,3,3,3,3,3,3,3,3,3,3,3,3,3,1,,,,,0,0,,,,,2.0,1,,2.0,2.0,2.0,2.0,1.0,1.0,2.0,0.0,0.0,0.0,0.0,0.0,0.0,0.0,0.0,0.0,0.0,0.0,0.0,0.0,0.0,0.0,0.0,0.0,0.0,0.0,0.0,0.0,0.0,0.0,0.0,0.0,0.0,0.0,2.0,2.0,1.0,#NULL!,#NULL!,#NULL!,#NULL!,#NULL!,#NULL!,2500,3000,1.0,,6.0,6.0,3.0,3.0,3.0,3.0,,,7.0,7.0,3.0,3.0,3.0,3.0,3.0,3.0,3.0,3.0,3.0,5.0,3.0,2.0,1.0,6.0,
10,5,3.0,17,H,3.0,,18,,design & build interior design,2,3,3,2,2,3,3,3,3,3,2,2,2,1,,,,,0,0,,,,,2.0,1,,2.0,2.0,2.0,2.0,2.0,8.0,10.0,0.0,0.0,0.0,0.0,0.0,0.0,0.0,0.0,0.0,0.0,0.0,0.0,0.0,0.0,0.0,0.0,0.0,0.0,0.0,0.0,0.0,0.0,0.0,0.0,0.0,0.0,0.0,2.0,2.0,1.0,#NULL!,#NULL!,#NULL!,#NULL!,2500,3000,#NULL!,#NULL!,1.0,,6.0,6.0,3.0,3.0,3.0,3.0,,,7.0,7.0,3.0,3.0,3.0,3.0,3.0,3.0,3.0,3.0,3.0,5.0,3.0,2.0,1.0,6.0,
10,5,4.0,20,I,3.0,,16,,education,1,2,2,2,3,3,3,3,3,2,2,2,2,1,,,,,0,0,,,,,2.0,1,,1.0,1.0,1.0,1.0,3.0,7.0,10.0,4.0,9.0,13.0,4.0,6.0,10.0,0.0,0.0,0.0,0.0,0.0,0.0,0.0,0.0,0.0,0.0,0.0,0.0,0.0,3.0,3.0,0.0,0.0,0.0,0.0,0.0,0.0,2.0,2.0,1.0,#NULL!,#NULL!,#NULL!,#NULL!,#NULL!,#NULL!,1500,3000,1.0,,6.0,6.0,3.0,3.0,3.0,3.0,5.0,6.0,2.0,2.0,3.0,3.0,1.0,1.0,1.0,1.0,3.0,2.0,2.0,7.0,2.0,3.0,1.0,10.0,
10,5,4.0,20,I,3.0,,16,,education for kids,3,3,3,3,3,3,3,3,3,3,3,3,3,1,,,,,0,0,,,,,2.0,3,2.0,1.0,1.0,1.0,1.0,1.0,2.0,3.0,0.0,3.0,3.0,0.0,1.0,1.0,0.0,1.0,1.0,0.0,0.0,0.0,0.0,1.0,1.0,0.0,0.0,0.0,0.0,0.0,0.0,0.0,0.0,0.0,0.0,0.0,0.0,1.0,2.0,1.0,3000,3500,#NULL!,#NULL!,#NULL!,#NULL!,1800,2000,2.0,pengalaman kerja,3.0,6.0,3.0,3.0,3.0,3.0,1.0,1.0,1.0,1.0,2.0,2.0,2.0,2.0,2.0,2.0,2.0,2.0,2.0,1.0,3.0,2.0,1.0,6.0,
10,5,4.0,18,C,3.0,,5,,home appliances store,3,2,3,3,3,2,3,3,3,3,3,3,3,1,,,,,0,0,,,,,2.0,1,,2.0,2.0,2.0,2.0,4.0,0.0,4.0,2.0,0.0,2.0,1.0,0.0,1.0,0.0,0.0,0.0,1.0,0.0,1.0,0.0,0.0,0.0,0.0,0.0,0.0,0.0,0.0,0.0,0.0,0.0,0.0,0.0,0.0,0.0,2.0,1.0,1.0,#NULL!,#NULL!,#NULL!,#NULL!,#NULL!,#NULL!,1200,2000,1.0,,3.0,1.0,2.0,2.0,3.0,3.0,5.0,6.0,2.0,7.0,3.0,3.0,3.0,3.0,2.0,2.0,2.0,2.0,2.0,2.0,3.0,1.0,2.0,10.0,
10,5,3.0,13,C,3.0,,7,lighting,lighting,3,2,3,3,3,2,3,3,3,3,3,3,3,1,,,,,0,0,,,,,1.0,1,,2.0,2.0,2.0,2.0,2.0,4.0,6.0,1.0,4.0,5.0,1.0,4.0,5.0,0.0,0.0,0.0,0.0,0.0,0.0,0.0,0.0,0.0,0.0,0.0,0.0,0.0,0.0,0.0,0.0,0.0,0.0,0.0,0.0,0.0,2.0,2.0,1.0,2000,2500,#NULL!,#NULL!,#NULL!,#NULL!,1200,2000,1.0,,2.0,2.0,3.0,3.0,3.0,3.0,1.0,6.0,7.0,7.0,2.0,2.0,2.0,2.0,2.0,2.0,2.0,2.0,2.0,2.0,3.0,1.0,2.0,6.0,
10,5,4.0,15,E,3.0,,7,optic,cermin mata,3,3,2,3,2,3,3,2,2,3,3,4,4,2,1.0,,,,0,0,,,,,1.0,1,,1.0,1.0,1.0,1.0,0.0,2.0,2.0,0.0,2.0,2.0,0.0,1.0,1.0,0.0,1.0,1.0,0.0,0.0,0.0,0.0,0.0,0.0,0.0,0.0,0.0,0.0,0.0,0.0,0.0,0.0,0.0,0.0,0.0,0.0,2.0,2.0,10.0,1500,2000,#NULL!,#NULL!,#NULL!,#NULL!,1200,1700,1.0,,2.0,2.0,1.0,3.0,3.0,3.0,3.0,6.0,7.0,7.0,3.0,3.0,3.0,3.0,2.0,2.0,2.0,2.0,2.0,2.0,3.0,1.0,2.0,6.0,
10,5,4.0,12,F,3.0,,8,logistik,logistik,2,2,2,2,2,2,2,2,2,2,2,2,2,2,1.0,1.0,,,0,0,,,,,1.0,1,,1.0,1.0,1.0,1.0,0.0,0.0,0.0,0.0,0.0,0.0,0.0,0.0,0.0,0.0,0.0,0.0,0.0,0.0,0.0,0.0,0.0,0.0,0.0,0.0,0.0,0.0,0.0,0.0,0.0,0.0,0.0,0.0,0.0,0.0,1.0,1.0,1.0,1500,2500,#NULL!,#NULL!,#NULL!,#NULL!,900,1200,1.0,,2.0,3.0,3.0,3.0,3.0,3.0,4.0,5.0,7.0,7.0,4.0,3.0,3.0,3.0,3.0,3.0,3.0,3.0,3.0,1.0,1.0,3.0,2.0,6.0,
10,5,4.0,4,C,3.0,,7,,window accessories,4,3,4,1,3,3,3,4,3,3,4,3,4,1,,,,,0,0,,,,,2.0,1,,2.0,2.0,2.0,2.0,1.0,2.0,3.0,0.0,0.0,0.0,0.0,0.0,0.0,0.0,0.0,0.0,0.0,0.0,0.0,0.0,0.0,0.0,0.0,0.0,0.0,0.0,0.0,0.0,0.0,0.0,0.0,0.0,0.0,0.0,2.0,2.0,8.0,#NULL!,#NULL!,#NULL!,#NULL!,#NULL!,#NULL!,2000,3000,1.0,,6.0,6.0,3.0,3.0,3.0,3.0,6.0,6.0,6.0,6.0,3.0,3.0,2.0,3.0,2.0,1.0,2.0,2.0,2.0,7.0,1.0,3.0,2.0,3.0,
10,5,3.0,18,E,3.0,,10,,computer service,4,4,4,4,4,4,4,4,4,4,4,4,4,1,,,,,0,0,,,,,2.0,1,,2.0,2.0,2.0,2.0,5.0,2.0,7.0,0.0,0.0,0.0,0.0,0.0,0.0,0.0,0.0,0.0,0.0,0.0,0.0,0.0,0.0,0.0,0.0,0.0,0.0,0.0,0.0,0.0,0.0,0.0,0.0,0.0,0.0,0.0,2.0,2.0,7.0,1800,3000,#NULL!,#NULL!,#NULL!,#NULL!,1500,2000,1.0,,3.0,3.0,1.0,2.0,1.0,2.0,3.0,6.0,1.0,1.0,3.0,3.0,3.0,3.0,3.0,3.0,3.0,3.0,3.0,5.0,3.0,2.0,1.0,6.0,
10,5,4.0,18,B,2.0,,4,,poppadom,2,2,2,3,2,1,2,2,2,1,1,2,2,2,1.0,1.0,,,0,0,,,,,1.0,3,1.0,1.0,1.0,1.0,1.0,20.0,45.0,65.0,3.0,23.0,26.0,3.0,2.0,5.0,0.0,1.0,1.0,0.0,18.0,18.0,0.0,1.0,1.0,0.0,0.0,0.0,0.0,1.0,1.0,0.0,7.0,7.0,0.0,1.0,1.0,1.0,1.0,1.0,2500,2500,#NULL!,#NULL!,#NULL!,#NULL!,1000,1000,2.0,kedatangan,3.0,2.0,3.0,3.0,3.0,3.0,6.0,6.0,7.0,7.0,2.0,2.0,2.0,2.0,2.0,2.0,2.0,2.0,2.0,2.0,1.0,3.0,2.0,6.0,
10,5,4.0,25,F,3.0,,9,,,2,2,2,2,2,2,2,2,2,2,2,3,2,2,1.0,,,,0,0,,,,,2.0,3,2.0,1.0,1.0,2.0,2.0,5.0,3.0,8.0,8.0,8.0,16.0,2.0,1.0,3.0,1.0,3.0,4.0,2.0,1.0,3.0,1.0,1.0,2.0,1.0,1.0,2.0,1.0,1.0,2.0,7.0,1.0,8.0,0.0,1.0,1.0,2.0,2.0,10.0,1400,#NULL!,1200,#NULL!,1100,#NULL!,900,#NULL!,2.0,kurang minat,6.0,6.0,3.0,3.0,3.0,3.0,6.0,6.0,1.0,1.0,1.0,1.0,1.0,1.0,2.0,2.0,2.0,2.0,1.0,9.0,2.0,3.0,1.0,8.0,
10,5,2.0,24,F,2.0,,9,perniagaan makanan,lauk pauk,3,3,3,3,3,3,3,3,3,3,3,3,3,1,,,,,0,0,,,,,2.0,1,,2.0,2.0,2.0,2.0,3.0,11.0,14.0,0.0,0.0,0.0,0.0,0.0,0.0,0.0,0.0,0.0,0.0,0.0,0.0,0.0,0.0,0.0,0.0,0.0,0.0,0.0,0.0,0.0,0.0,0.0,0.0,0.0,0.0,0.0,2.0,2.0,9.0,#NULL!,#NULL!,#NULL!,#NULL!,#NULL!,#NULL!,#NULL!,#NULL!,1.0,,3.0,3.0,1.0,1.0,3.0,3.0,6.0,6.0,7.0,7.0,2.0,2.0,2.0,2.0,2.0,2.0,2.0,2.0,2.0,9.0,1.0,2.0,3.0,5.0,
10,5,4.0,20,F,3.0,,16,,,3,2,2,3,3,3,3,2,4,3,3,3,4,2,,1.0,,,0,0,,,,,2.0,1,,1.0,2.0,1.0,2.0,28.0,16.0,44.0,18.0,13.0,31.0,3.0,4.0,7.0,8.0,2.0,10.0,2.0,5.0,7.0,5.0,2.0,7.0,0.0,0.0,0.0,0.0,0.0,0.0,1.0,0.0,1.0,0.0,0.0,0.0,3.0,3.0,8.0,1500,2000,2000,3000,1100,1500,1000,1200,1.0,,3.0,3.0,3.0,3.0,3.0,3.0,5.0,6.0,2.0,2.0,2.0,3.0,2.0,2.0,2.0,2.0,2.0,2.0,2.0,6.0,2.0,3.0,1.0,5.0,
10,5,4.0,4,D,3.0,,4,,papan tanda,2,2,2,2,2,2,2,2,3,3,3,3,3,1,,,,,0,0,,,,,2.0,1,,2.0,2.0,2.0,2.0,8.0,2.0,10.0,5.0,1.0,6.0,3.0,0.0,3.0,0.0,1.0,1.0,2.0,0.0,2.0,0.0,0.0,0.0,0.0,0.0,0.0,0.0,0.0,0.0,0.0,0.0,0.0,0.0,0.0,0.0,2.0,2.0,8.0,1800,#NULL!,1500,#NULL!,1300,#NULL!,1000,#NULL!,2.0,disiplin dan penngalaman kerja,6.0,6.0,3.0,3.0,3.0,3.0,4.0,6.0,1.0,1.0,2.0,2.0,2.0,2.0,2.0,2.0,2.0,2.0,2.0,3.0,2.0,1.0,3.0,1.0,
10,5,3.0,26,E,3.0,,4,,food and beverage,3,2,3,2,3,3,3,4,4,4,3,4,4,2,,1.0,,,0,0,,,,,1.0,3,2.0,2.0,2.0,1.0,1.0,15.0,65.0,80.0,28.0,100.0,128.0,4.0,10.0,14.0,4.0,15.0,19.0,0.0,0.0,0.0,5.0,10.0,15.0,0.0,0.0,0.0,15.0,65.0,80.0,6.0,1.0,7.0,0.0,0.0,0.0,1.0,1.0,2.0,1500,2000,2000,3000,#NULL!,#NULL!,1030,2000,1.0,,3.0,6.0,3.0,3.0,3.0,3.0,1.0,6.0,1.0,7.0,1.0,2.0,1.0,2.0,1.0,2.0,1.0,1.0,2.0,2.0,1.0,2.0,3.0,6.0,
10,5,4.0,4,E,2.0,,4,,perabot,2,1,1,1,1,1,1,1,2,3,1,3,1,1,,,,,0,0,,,,,2.0,1,,2.0,2.0,2.0,2.0,10.0,0.0,10.0,0.0,0.0,0.0,0.0,0.0,0.0,0.0,0.0,0.0,0.0,0.0,0.0,0.0,0.0,0.0,0.0,0.0,0.0,0.0,0.0,0.0,0.0,0.0,0.0,0.0,0.0,0.0,3.0,2.0,6.0,#NULL!,#NULL!,#NULL!,#NULL!,#NULL!,#NULL!,1200,1500,2.0,kurang minat,2.0,3.0,1.0,2.0,3.0,3.0,6.0,6.0,3.0,3.0,3.0,1.0,2.0,2.0,3.0,1.0,1.0,2.0,2.0,2.0,1.0,2.0,3.0,3.0,
10,5,4.0,4,D,3.0,,6,,,1,1,1,1,1,1,1,2,2,2,1,2,1,1,,,,,0,0,,,,,2.0,1,,2.0,2.0,2.0,2.0,7.0,2.0,9.0,0.0,0.0,0.0,0.0,0.0,0.0,0.0,0.0,0.0,0.0,0.0,0.0,0.0,0.0,0.0,0.0,0.0,0.0,0.0,0.0,0.0,5.0,0.0,5.0,0.0,0.0,0.0,3.0,1.0,6.0,#NULL!,#NULL!,#NULL!,#NULL!,1400,1600,1200,1500,1.0,,6.0,6.0,3.0,3.0,3.0,3.0,6.0,6.0,7.0,7.0,3.0,1.0,1.0,2.0,2.0,1.0,1.0,1.0,1.0,2.0,1.0,2.0,3.0,3.0,
10,5,4.0,4,C,11.0,sendirian berhad,4,,membuat besi pagar,1,1,1,1,1,1,1,2,1,1,1,2,1,1,,,,,0,0,,,,,1.0,1,,2.0,2.0,2.0,2.0,4.0,2.0,6.0,0.0,2.0,2.0,0.0,1.0,1.0,0.0,0.0,0.0,0.0,0.0,0.0,0.0,0.0,0.0,0.0,1.0,1.0,0.0,0.0,0.0,4.0,0.0,4.0,0.0,0.0,0.0,3.0,2.0,1.0,#NULL!,#NULL!,#NULL!,#NULL!,#NULL!,#NULL!,1200,1400,1.0,,6.0,6.0,1.0,3.0,3.0,3.0,6.0,6.0,7.0,7.0,2.0,1.0,1.0,1.0,2.0,1.0,1.0,1.0,1.0,9.0,1.0,2.0,3.0,5.0,
10,5,3.0,26,C,11.0,sendirian berhad,4,,membuat bahagian mesin,2,1,1,1,1,2,1,2,3,3,1,3,1,2,1.0,,,,0,0,,,,,1.0,1,,1.0,2.0,2.0,2.0,15.0,2.0,17.0,16.0,0.0,16.0,8.0,0.0,8.0,4.0,0.0,4.0,0.0,0.0,0.0,1.0,0.0,1.0,0.0,0.0,0.0,3.0,0.0,3.0,15.0,0.0,15.0,0.0,0.0,0.0,2.0,2.0,6.0,#NULL!,#NULL!,#NULL!,#NULL!,#NULL!,#NULL!,1000,1300,1.0,,6.0,6.0,1.0,2.0,3.0,3.0,6.0,6.0,3.0,7.0,4.0,1.0,2.0,1.0,2.0,1.0,1.0,1.0,2.0,2.0,1.0,2.0,3.0,3.0,
10,5,3.0,26,I,1.0,,16,,mengajar kanak-kanak,1,1,1,1,1,4,1,2,2,1,1,2,3,1,,,,,0,0,,,,,2.0,1,,2.0,2.0,2.0,2.0,0.0,3.0,3.0,0.0,0.0,0.0,0.0,0.0,0.0,0.0,0.0,0.0,0.0,0.0,0.0,0.0,0.0,0.0,0.0,0.0,0.0,0.0,0.0,0.0,0.0,0.0,0.0,0.0,0.0,0.0,3.0,1.0,8.0,2000,3000,2000,3000,#NULL!,#NULL!,#NULL!,#NULL!,1.0,,6.0,6.0,3.0,3.0,3.0,3.0,1.0,1.0,1.0,1.0,1.0,1.0,1.0,1.0,1.0,2.0,1.0,1.0,1.0,1.0,1.0,2.0,3.0,1.0,
10,5,3.0,26,C,2.0,,4,,gantian mesin,2,1,1,1,2,3,2,2,3,2,2,3,2,1,,,,,0,0,,,,,2.0,1,,2.0,2.0,2.0,2.0,6.0,1.0,7.0,0.0,0.0,0.0,0.0,0.0,0.0,0.0,0.0,0.0,0.0,0.0,0.0,0.0,0.0,0.0,0.0,0.0,0.0,0.0,0.0,0.0,3.0,0.0,3.0,0.0,0.0,0.0,2.0,2.0,6.0,#NULL!,#NULL!,#NULL!,#NULL!,#NULL!,#NULL!,1000,1500,1.0,,6.0,6.0,2.0,2.0,3.0,3.0,6.0,6.0,3.0,2.0,4.0,1.0,2.0,3.0,3.0,1.0,1.0,1.0,1.0,2.0,1.0,2.0,3.0,3.0,
10,5,4.0,18,C,11.0,sendirian berhad,4,,barangan plastik,1,1,1,1,1,1,1,1,1,1,1,2,1,1,,,,,0,0,,,,,2.0,1,,2.0,2.0,2.0,2.0,33.0,6.0,39.0,11.0,7.0,18.0,1.0,2.0,3.0,0.0,1.0,1.0,0.0,0.0,0.0,0.0,0.0,0.0,3.0,0.0,3.0,7.0,4.0,11.0,8.0,0.0,8.0,0.0,0.0,0.0,3.0,2.0,6.0,#NULL!,#NULL!,#NULL!,#NULL!,#NULL!,#NULL!,1500,2000,1.0,,2.0,6.0,1.0,2.0,3.0,3.0,6.0,6.0,7.0,7.0,3.0,2.0,1.0,1.0,2.0,1.0,1.0,1.0,1.0,7.0,1.0,2.0,3.0,3.0,
10,5,4.0,25,I,3.0,,15,kawalan keselamatan,kawalan keselamatan,3,2,3,2,2,2,2,4,3,3,3,4,4,1,,,,,0,0,,,,,1.0,3,1.0,1.0,2.0,2.0,2.0,2.0,4.0,6.0,0.0,6.0,6.0,0.0,3.0,3.0,0.0,0.0,0.0,0.0,0.0,0.0,0.0,3.0,3.0,0.0,0.0,0.0,0.0,0.0,0.0,0.0,0.0,0.0,0.0,0.0,0.0,2.0,1.0,9.0,1500,1800,1500,1800,1200,1500,1200,1500,1.0,,6.0,6.0,3.0,3.0,3.0,3.0,6.0,6.0,6.0,6.0,2.0,2.0,2.0,2.0,2.0,2.0,2.0,2.0,2.0,7.0,2.0,3.0,1.0,6.0,
10,5,2.0,24,B,2.0,,4,,"soya,sos, kicap",1,2,3,3,4,3,3,3,3,3,3,3,3,2,,1.0,,,0,0,,,,,1.0,3,1.0,1.0,1.0,1.0,2.0,30.0,42.0,72.0,21.0,23.0,44.0,0.0,0.0,0.0,3.0,2.0,5.0,10.0,15.0,25.0,0.0,0.0,0.0,0.0,0.0,0.0,8.0,6.0,14.0,15.0,0.0,15.0,0.0,0.0,0.0,2.0,1.0,2.0,2500,3000,#NULL!,#NULL!,#NULL!,#NULL!,1000,1200,1.0,,2.0,2.0,3.0,3.0,3.0,3.0,1.0,6.0,6.0,6.0,2.0,2.0,2.0,2.0,2.0,2.0,1.0,3.0,1.0,7.0,2.0,3.0,1.0,3.0,
10,5,3.0,24,E,3.0,,7,,sparepart,2,2,2,2,2,2,2,2,2,2,2,2,2,2,1.0,,,,0,0,,,,,2.0,1,,2.0,2.0,2.0,2.0,6.0,4.0,10.0,0.0,0.0,0.0,0.0,0.0,0.0,0.0,0.0,0.0,0.0,0.0,0.0,0.0,0.0,0.0,0.0,0.0,0.0,0.0,0.0,0.0,0.0,0.0,0.0,0.0,0.0,0.0,2.0,1.0,7.0,#NULL!,#NULL!,#NULL!,#NULL!,#NULL!,#NULL!,1500,2000,1.0,,6.0,6.0,3.0,3.0,3.0,3.0,6.0,6.0,1.0,1.0,3.0,3.0,3.0,3.0,3.0,3.0,3.0,3.0,3.0,9.0,2.0,3.0,1.0,6.0,
10,5,3.0,26,B,2.0,,4,,"buku, letterhead, envelope",3,2,1,1,2,3,2,3,3,3,3,3,4,1,,,,,0,0,,,,,2.0,1,,2.0,2.0,2.0,2.0,3.0,4.0,7.0,4.0,6.0,10.0,0.0,2.0,2.0,2.0,0.0,2.0,0.0,2.0,2.0,0.0,0.0,0.0,0.0,0.0,0.0,2.0,2.0,4.0,1.0,0.0,1.0,0.0,0.0,0.0,3.0,3.0,1.0,#NULL!,#NULL!,#NULL!,#NULL!,#NULL!,#NULL!,1200,1800,1.0,,2.0,1.0,1.0,2.0,1.0,3.0,6.0,6.0,6.0,6.0,2.0,1.0,2.0,3.0,2.0,2.0,2.0,2.0,1.0,2.0,3.0,2.0,1.0,4.0,
10,5,2.0,26,E,3.0,,7,,consumer electronic,2,2,2,1,1,1,2,2,4,3,3,3,1,2,1.0,,1.0,,0,0,,,,,1.0,1,,1.0,1.0,2.0,2.0,5.0,3.0,8.0,6.0,5.0,11.0,2.0,1.0,3.0,0.0,0.0,0.0,0.0,0.0,0.0,2.0,1.0,3.0,0.0,0.0,0.0,2.0,3.0,5.0,0.0,0.0,0.0,0.0,0.0,0.0,1.0,2.0,1.0,2000,3500,#NULL!,#NULL!,2000,3500,1000,1800,2.0,cant work long hours. qualification,2.0,1.0,3.0,3.0,3.0,3.0,5.0,6.0,6.0,6.0,3.0,3.0,2.0,2.0,2.0,2.0,1.0,3.0,3.0,6.0,2.0,1.0,3.0,10.0,
10,5,3.0,17,B,1.0,,7,digital fast print,kad nama/ banner/bunting/cop,2,3,2,2,3,4,4,1,4,4,4,4,4,2,,1.0,,,0,0,,,,,2.0,1,,1.0,2.0,2.0,2.0,4.0,1.0,5.0,4.0,1.0,5.0,1.0,0.0,1.0,2.0,1.0,3.0,0.0,0.0,0.0,1.0,0.0,1.0,0.0,0.0,0.0,0.0,0.0,0.0,0.0,0.0,0.0,0.0,0.0,0.0,1.0,1.0,1.0,#NULL!,#NULL!,#NULL!,#NULL!,1500,1800,#NULL!,#NULL!,1.0,,1.0,1.0,2.0,2.0,3.0,3.0,5.0,6.0,7.0,7.0,3.0,3.0,3.0,3.0,2.0,2.0,1.0,2.0,2.0,7.0,1.0,2.0,3.0,1.0,
10,5,1.0,26,D,2.0,,7,emas,jual emas,3,2,2,3,3,4,2,2,3,3,3,3,4,1,,,,,0,0,,,,,2.0,1,,1.0,2.0,2.0,2.0,2.0,0.0,2.0,2.0,0.0,2.0,0.0,0.0,0.0,2.0,0.0,2.0,0.0,0.0,0.0,0.0,0.0,0.0,0.0,0.0,0.0,0.0,0.0,0.0,0.0,0.0,0.0,0.0,0.0,0.0,2.0,2.0,7.0,2500,3500,#NULL!,#NULL!,2500,3500,1500,2500,1.0,,2.0,2.0,3.0,3.0,1.0,1.0,1.0,6.0,6.0,6.0,1.0,1.0,2.0,2.0,2.0,3.0,2.0,2.0,1.0,7.0,3.0,2.0,1.0,6.0,
10,5,3.0,18,F,2.0,,9,,"makanan seafood, minuman, west",3,3,3,3,3,3,3,3,4,4,4,4,4,1,,,,,0,0,,,,,2.0,1,,1.0,2.0,2.0,2.0,7.0,2.0,9.0,2.0,2.0,4.0,0.0,0.0,0.0,0.0,0.0,0.0,2.0,2.0,4.0,0.0,0.0,0.0,0.0,0.0,0.0,0.0,0.0,0.0,0.0,0.0,0.0,0.0,0.0,0.0,2.0,2.0,9.0,#NULL!,#NULL!,#NULL!,#NULL!,#NULL!,#NULL!,1000,1300,1.0,,3.0,1.0,3.0,3.0,3.0,3.0,6.0,6.0,2.0,2.0,3.0,3.0,2.0,2.0,4.0,4.0,1.0,1.0,1.0,9.0,3.0,1.0,2.0,12.0,untuk menyara hidup
10,5,2.0,12,F,1.0,,8,,menyimpan dan menghantar baran,3,3,2,2,3,2,2,3,3,3,3,3,2,1,,,,,0,0,,,,,2.0,1,,2.0,2.0,2.0,2.0,4.0,1.0,5.0,3.0,0.0,3.0,0.0,0.0,0.0,0.0,0.0,0.0,0.0,0.0,0.0,0.0,0.0,0.0,3.0,0.0,3.0,0.0,0.0,0.0,0.0,0.0,0.0,0.0,0.0,0.0,1.0,3.0,9.0,2000,3500,2200,5000,2000,2500,1500,3000,2.0,tidak fokus,3.0,1.0,3.0,3.0,3.0,3.0,1.0,6.0,1.0,1.0,3.0,3.0,1.0,3.0,2.0,2.0,2.0,2.0,2.0,8.0,2.0,3.0,1.0,5.0,
10,5,4.0,18,E,11.0,llp,7,optometri,pemeriksaan optometri,4,4,1,3,2,2,3,3,3,3,3,4,1,1,,,,,0,0,,,,,1.0,1,,1.0,1.0,1.0,1.0,1.0,2.0,3.0,0.0,4.0,4.0,0.0,1.0,1.0,0.0,1.0,1.0,0.0,0.0,0.0,0.0,1.0,1.0,0.0,0.0,0.0,0.0,1.0,1.0,0.0,0.0,0.0,0.0,0.0,0.0,1.0,1.0,1.0,2800,3200,#NULL!,#NULL!,#NULL!,#NULL!,1000,1200,2.0,manja,1.0,1.0,3.0,1.0,1.0,1.0,1.0,6.0,2.0,1.0,2.0,3.0,3.0,3.0,4.0,4.0,4.0,4.0,4.0,7.0,1.0,2.0,3.0,10.0,
10,5,3.0,12,E,3.0,,17,health and beauty,kecantikan dan kesihatan,3,3,2,2,3,3,3,2,2,1,1,2,1,2,1.0,,,,0,0,,,,,1.0,1,,1.0,2.0,1.0,2.0,0.0,6.0,6.0,0.0,18.0,18.0,0.0,3.0,3.0,0.0,3.0,3.0,0.0,6.0,6.0,0.0,3.0,3.0,0.0,0.0,0.0,0.0,3.0,3.0,0.0,0.0,0.0,0.0,0.0,0.0,1.0,1.0,2.0,1500,2500,1800,2800,1300,1500,1000,1000,1.0,,6.0,6.0,3.0,3.0,3.0,3.0,1.0,6.0,6.0,2.0,2.0,2.0,3.0,2.0,3.0,2.0,3.0,3.0,2.0,7.0,2.0,3.0,1.0,10.0,
10,5,4.0,4,E,3.0,,4,,burger dan barang sejuk beku,2,1,2,3,4,3,2,3,3,3,3,3,3,2,1.0,,,,0,0,,,,,2.0,1,,2.0,2.0,2.0,2.0,3.0,4.0,7.0,3.0,2.0,5.0,1.0,1.0,2.0,0.0,0.0,0.0,0.0,0.0,0.0,1.0,0.0,1.0,0.0,0.0,0.0,1.0,1.0,2.0,0.0,0.0,0.0,0.0,0.0,0.0,1.0,1.0,1.0,1700,2200,#NULL!,#NULL!,#NULL!,#NULL!,1000,1400,1.0,,3.0,2.0,2.0,2.0,3.0,3.0,1.0,6.0,2.0,7.0,2.0,2.0,2.0,2.0,2.0,2.0,3.0,3.0,3.0,9.0,1.0,2.0,3.0,5.0,
10,5,3.0,18,F,1.0,,9,,makanan,2,2,2,2,3,3,3,1,4,4,4,3,3,1,,,,,0,0,,,,,2.0,1,,2.0,2.0,2.0,2.0,9.0,1.0,10.0,3.0,0.0,3.0,0.0,0.0,0.0,3.0,0.0,3.0,0.0,0.0,0.0,0.0,0.0,0.0,0.0,0.0,0.0,0.0,0.0,0.0,0.0,0.0,0.0,0.0,0.0,0.0,2.0,2.0,9.0,#NULL!,#NULL!,#NULL!,#NULL!,#NULL!,#NULL!,1200,1500,1.0,,3.0,1.0,1.0,2.0,1.0,1.0,1.0,6.0,1.0,2.0,3.0,2.0,2.0,3.0,4.0,2.0,2.0,4.0,2.0,9.0,2.0,1.0,3.0,10.0,
10,5,4.0,25,E,8.0,,6,,"kejuruteraan civil, mekanikal",1,3,3,1,1,1,2,1,1,1,1,2,4,2,1.0,,,,0,0,,,,,1.0,1,,1.0,2.0,2.0,2.0,9.0,2.0,11.0,7.0,2.0,9.0,1.0,1.0,2.0,1.0,1.0,2.0,0.0,0.0,0.0,0.0,0.0,0.0,4.0,0.0,4.0,1.0,0.0,1.0,0.0,0.0,0.0,0.0,0.0,0.0,1.0,1.0,1.0,1800,3500,#NULL!,#NULL!,1500,2500,1200,2000,1.0,,1.0,1.0,1.0,2.0,1.0,1.0,5.0,6.0,7.0,7.0,3.0,2.0,1.0,2.0,2.0,2.0,2.0,3.0,3.0,2.0,1.0,2.0,3.0,3.0,
10,5,4.0,18,F,6.0,,9,,cookies,2,3,2,3,4,4,4,4,4,4,2,4,4,2,1.0,,,,0,0,,,,,2.0,3,2.0,1.0,2.0,2.0,2.0,0.0,5.0,5.0,0.0,9.0,9.0,0.0,1.0,1.0,0.0,0.0,0.0,0.0,4.0,4.0,0.0,3.0,3.0,0.0,0.0,0.0,0.0,1.0,1.0,0.0,0.0,0.0,0.0,0.0,0.0,2.0,2.0,1.0,1200,1500,#NULL!,#NULL!,#NULL!,#NULL!,1000,1200,1.0,,6.0,6.0,3.0,3.0,3.0,3.0,6.0,6.0,7.0,7.0,2.0,2.0,2.0,2.0,2.0,2.0,2.0,2.0,2.0,2.0,1.0,2.0,3.0,10.0,
10,5,4.0,18,F,11.0,pemilikan perkongsian,7,,membekalkan bahan kek dan roti,2,2,2,3,2,3,3,3,3,3,3,3,4,1,,,,,0,0,,,,,1.0,1,,2.0,2.0,2.0,2.0,1.0,5.0,6.0,1.0,4.0,5.0,0.0,1.0,1.0,0.0,0.0,0.0,0.0,0.0,0.0,0.0,1.0,1.0,0.0,0.0,0.0,1.0,2.0,3.0,0.0,0.0,0.0,0.0,0.0,0.0,1.0,2.0,1.0,#NULL!,#NULL!,#NULL!,#NULL!,#NULL!,#NULL!,1000,#NULL!,1.0,,2.0,3.0,3.0,3.0,3.0,3.0,5.0,6.0,7.0,2.0,2.0,2.0,2.0,2.0,3.0,1.0,1.0,2.0,2.0,9.0,1.0,2.0,3.0,10.0,
10,5,4.0,4,I,3.0,,17,,klinik swasta,1,2,2,2,4,4,2,4,4,3,4,4,4,1,,,,,0,0,,,,,2.0,1,,2.0,2.0,2.0,2.0,1.0,7.0,8.0,0.0,0.0,0.0,0.0,0.0,0.0,0.0,0.0,0.0,0.0,0.0,0.0,0.0,0.0,0.0,0.0,0.0,0.0,0.0,0.0,0.0,0.0,0.0,0.0,0.0,0.0,0.0,2.0,2.0,8.0,#NULL!,#NULL!,#NULL!,#NULL!,#NULL!,#NULL!,1000,1200,1.0,,2.0,1.0,1.0,1.0,3.0,3.0,1.0,6.0,6.0,2.0,3.0,3.0,2.0,3.0,3.0,2.0,2.0,3.0,2.0,2.0,2.0,1.0,3.0,5.0,
10,5,4.0,4,F,2.0,,7,,kelapa,3,1,2,2,2,2,2,2,3,3,3,2,2,1,,,,,0,0,,,,,2.0,1,,2.0,1.0,2.0,2.0,2.0,0.0,2.0,2.0,0.0,2.0,0.0,0.0,0.0,0.0,0.0,0.0,0.0,0.0,0.0,1.0,0.0,1.0,0.0,0.0,0.0,1.0,0.0,1.0,2.0,0.0,2.0,0.0,0.0,0.0,2.0,2.0,9.0,#NULL!,#NULL!,#NULL!,#NULL!,#NULL!,#NULL!,800,1200,1.0,,1.0,1.0,2.0,2.0,3.0,3.0,5.0,6.0,1.0,2.0,2.0,2.0,2.0,2.0,2.0,2.0,2.0,2.0,2.0,9.0,3.0,2.0,1.0,3.0,
10,5,3.0,26,E,1.0,,13,,car insurans,2,1,1,1,1,3,2,2,2,2,3,3,2,1,,,,,0,0,,,,,2.0,1,,2.0,2.0,2.0,2.0,8.0,0.0,8.0,2.0,0.0,2.0,2.0,0.0,2.0,0.0,0.0,0.0,0.0,0.0,0.0,0.0,0.0,0.0,0.0,0.0,0.0,0.0,0.0,0.0,5.0,0.0,5.0,0.0,0.0,0.0,2.0,2.0,1.0,2500,3000,#NULL!,#NULL!,#NULL!,#NULL!,1200,2200,1.0,,1.0,1.0,2.0,1.0,3.0,3.0,1.0,6.0,6.0,6.0,2.0,2.0,2.0,2.0,2.0,2.0,1.0,2.0,3.0,9.0,2.0,3.0,1.0,3.0,
10,5,3.0,26,E,1.0,,8,car service,car service,2,2,2,2,3,2,2,2,3,2,3,3,4,1,,,,,0,0,,,,,2.0,1,,1.0,2.0,2.0,2.0,5.0,0.0,5.0,1.0,0.0,1.0,0.0,0.0,0.0,0.0,0.0,0.0,1.0,0.0,1.0,0.0,0.0,0.0,0.0,0.0,0.0,0.0,0.0,0.0,0.0,0.0,0.0,0.0,0.0,0.0,2.0,1.0,1.0,#NULL!,#NULL!,#NULL!,#NULL!,1000,2000,1000,1800,1.0,,1.0,1.0,2.0,2.0,3.0,3.0,1.0,6.0,6.0,6.0,4.0,3.0,2.0,2.0,3.0,3.0,2.0,2.0,1.0,9.0,3.0,1.0,2.0,3.0,
10,5,3.0,26,E,2.0,,4,,hardware,2,2,1,1,2,3,2,3,2,2,3,3,3,2,1.0,,,,0,0,,,,,2.0,1,,1.0,2.0,1.0,2.0,18.0,3.0,21.0,3.0,1.0,4.0,1.0,1.0,2.0,2.0,0.0,2.0,0.0,0.0,0.0,0.0,0.0,0.0,0.0,0.0,0.0,0.0,0.0,0.0,10.0,0.0,10.0,0.0,0.0,0.0,1.0,1.0,1.0,2500,5000,#NULL!,#NULL!,#NULL!,#NULL!,1200,2500,1.0,,1.0,1.0,2.0,2.0,3.0,3.0,1.0,6.0,6.0,6.0,2.0,2.0,2.0,2.0,2.0,3.0,2.0,2.0,2.0,9.0,2.0,3.0,1.0,3.0,
10,5,4.0,18,C,1.0,,4,,springs,2,2,1,2,2,3,2,3,2,2,3,3,3,1,,,,,0,0,,,,,2.0,1,,1.0,2.0,2.0,2.0,8.0,2.0,10.0,2.0,1.0,3.0,0.0,1.0,1.0,2.0,0.0,2.0,0.0,0.0,0.0,0.0,0.0,0.0,0.0,0.0,0.0,0.0,0.0,0.0,4.0,0.0,4.0,0.0,0.0,0.0,2.0,1.0,6.0,#NULL!,#NULL!,#NULL!,#NULL!,#NULL!,#NULL!,1200,3000,1.0,,2.0,1.0,2.0,2.0,3.0,3.0,1.0,6.0,6.0,6.0,3.0,2.0,3.0,4.0,3.0,3.0,2.0,3.0,2.0,2.0,3.0,1.0,2.0,3.0,
10,5,4.0,25,C,1.0,,7,,office supply,2,2,2,2,2,3,2,2,2,3,2,2,2,1,,,,,0,0,,,,,2.0,1,,1.0,2.0,2.0,2.0,5.0,2.0,7.0,2.0,1.0,3.0,1.0,1.0,2.0,1.0,0.0,1.0,0.0,0.0,0.0,0.0,0.0,0.0,0.0,0.0,0.0,0.0,0.0,0.0,0.0,0.0,0.0,0.0,0.0,0.0,2.0,1.0,1.0,2700,5000,#NULL!,#NULL!,#NULL!,#NULL!,1200,3000,1.0,,1.0,1.0,2.0,1.0,3.0,3.0,1.0,6.0,6.0,6.0,1.0,2.0,2.0,2.0,2.0,3.0,2.0,3.0,2.0,3.0,1.0,3.0,2.0,3.0,
10,5,2.0,24,B,1.0,,4,,stamping,2,2,2,2,3,3,3,3,3,4,3,3,4,2,1.0,,,,0,0,,,,,2.0,1,,1.0,2.0,2.0,2.0,30.0,4.0,34.0,2.0,0.0,2.0,0.0,0.0,0.0,0.0,0.0,0.0,0.0,0.0,0.0,1.0,0.0,1.0,0.0,0.0,0.0,1.0,0.0,1.0,19.0,0.0,19.0,0.0,0.0,0.0,1.0,1.0,1.0,1500,2000,#NULL!,#NULL!,#NULL!,#NULL!,1100,1300,1.0,,1.0,1.0,2.0,2.0,3.0,3.0,5.0,6.0,6.0,2.0,3.0,2.0,3.0,3.0,3.0,2.0,2.0,2.0,2.0,7.0,2.0,1.0,3.0,3.0,
10,5,3.0,24,I,1.0,,7,,peralatan kesihatan,3,2,2,3,3,3,4,4,4,4,2,2,3,2,1.0,,,,0,0,,,,,2.0,1,,1.0,2.0,2.0,2.0,25.0,25.0,50.0,15.0,15.0,30.0,0.0,0.0,0.0,2.0,3.0,5.0,0.0,0.0,0.0,3.0,8.0,11.0,0.0,0.0,0.0,10.0,4.0,14.0,0.0,0.0,0.0,0.0,0.0,0.0,2.0,2.0,2.0,1800,5000,#NULL!,#NULL!,#NULL!,#NULL!,1500,5000,1.0,,1.0,1.0,3.0,3.0,3.0,3.0,1.0,6.0,6.0,6.0,2.0,3.0,1.0,3.0,3.0,1.0,2.0,4.0,2.0,7.0,1.0,3.0,2.0,3.0,
10,5,3.0,26,E,1.0,,7,,stationery,3,3,2,2,3,4,4,3,3,3,3,2,3,1,,,,,0,0,,,,,2.0,1,,1.0,2.0,2.0,2.0,1.0,2.0,3.0,0.0,1.0,1.0,0.0,1.0,1.0,0.0,0.0,0.0,0.0,0.0,0.0,0.0,0.0,0.0,0.0,0.0,0.0,0.0,0.0,0.0,0.0,0.0,0.0,0.0,0.0,0.0,2.0,1.0,9.0,2000,3000,#NULL!,#NULL!,#NULL!,#NULL!,1500,2300,1.0,,1.0,1.0,3.0,3.0,3.0,3.0,1.0,6.0,6.0,6.0,3.0,3.0,3.0,3.0,3.0,3.0,3.0,3.0,3.0,7.0,2.0,1.0,3.0,3.0,
10,5,2.0,26,J,3.0,,7,,paint,2,1,2,3,2,2,2,3,3,3,2,3,2,2,1.0,1.0,,,0,0,,,,,1.0,1,,1.0,2.0,1.0,2.0,78.0,25.0,103.0,20.0,8.0,28.0,5.0,4.0,9.0,9.0,0.0,9.0,2.0,1.0,3.0,3.0,3.0,6.0,0.0,0.0,0.0,1.0,0.0,1.0,28.0,0.0,28.0,0.0,0.0,0.0,1.0,2.0,1.0,2500,3500,#NULL!,#NULL!,#NULL!,#NULL!,1800,2500,1.0,,2.0,2.0,2.0,2.0,3.0,3.0,1.0,6.0,6.0,6.0,2.0,2.0,3.0,3.0,2.0,2.0,2.0,3.0,2.0,2.0,2.0,1.0,3.0,5.0,
10,5,3.0,17,G,3.0,,13,,insurans,2,2,2,3,2,3,3,3,3,3,3,3,3,2,1.0,1.0,,,0,0,,,,,1.0,1,,1.0,2.0,2.0,2.0,5.0,8.0,13.0,2.0,4.0,6.0,1.0,2.0,3.0,0.0,0.0,0.0,0.0,0.0,0.0,1.0,2.0,3.0,0.0,0.0,0.0,0.0,0.0,0.0,0.0,0.0,0.0,0.0,0.0,0.0,2.0,2.0,1.0,2500,5000,#NULL!,#NULL!,#NULL!,#NULL!,#NULL!,#NULL!,1.0,,1.0,2.0,3.0,3.0,3.0,3.0,1.0,1.0,6.0,6.0,1.0,2.0,2.0,2.0,2.0,3.0,2.0,3.0,2.0,9.0,2.0,3.0,1.0,1.0,
10,5,2.0,24,F,1.0,,11,,computer form dan printing,3,3,2,2,3,3,3,3,3,2,3,3,3,1,,,,,0,0,,,,,2.0,1,,1.0,2.0,2.0,2.0,2.0,2.0,4.0,0.0,1.0,1.0,0.0,1.0,1.0,0.0,0.0,0.0,0.0,0.0,0.0,0.0,0.0,0.0,0.0,0.0,0.0,0.0,0.0,0.0,0.0,0.0,0.0,0.0,0.0,0.0,2.0,1.0,1.0,2000,3000,#NULL!,#NULL!,#NULL!,#NULL!,1000,1800,1.0,,1.0,1.0,3.0,3.0,3.0,3.0,1.0,1.0,6.0,3.0,3.0,3.0,2.0,3.0,2.0,2.0,2.0,2.0,2.0,9.0,1.0,2.0,3.0,5.0,
10,5,3.0,24,D,1.0,,7,,ices,1,1,2,2,2,3,3,3,2,3,2,2,3,1,,,,,0,0,,,,,2.0,1,,1.0,2.0,2.0,2.0,27.0,8.0,35.0,5.0,3.0,8.0,2.0,2.0,4.0,3.0,0.0,3.0,0.0,0.0,0.0,0.0,1.0,1.0,0.0,0.0,0.0,0.0,0.0,0.0,15.0,0.0,15.0,0.0,0.0,0.0,1.0,1.0,1.0,2500,3500,#NULL!,#NULL!,#NULL!,#NULL!,1500,3000,1.0,,1.0,1.0,2.0,3.0,3.0,3.0,1.0,6.0,6.0,6.0,2.0,2.0,2.0,3.0,2.0,2.0,2.0,2.0,2.0,7.0,1.0,2.0,3.0,3.0,
10,5,4.0,18,E,1.0,,8,car polish,car polish,2,2,2,2,3,3,3,3,2,2,2,3,3,2,1.0,,,,0,0,,,,,1.0,1,,1.0,2.0,2.0,2.0,8.0,1.0,9.0,3.0,0.0,3.0,0.0,0.0,0.0,3.0,0.0,3.0,0.0,0.0,0.0,0.0,0.0,0.0,0.0,0.0,0.0,0.0,0.0,0.0,0.0,0.0,0.0,0.0,0.0,0.0,2.0,2.0,9.0,2000,3000,#NULL!,#NULL!,#NULL!,#NULL!,1000,1500,1.0,,1.0,1.0,2.0,2.0,3.0,3.0,1.0,6.0,6.0,6.0,3.0,2.0,2.0,3.0,3.0,2.0,2.0,3.0,2.0,2.0,2.0,1.0,3.0,6.0,
10,5,3.0,18,F,2.0,,9,,seafood,3,2,2,2,3,3,3,3,2,3,3,2,3,1,,,,,0,0,,,,,2.0,1,,1.0,2.0,2.0,2.0,7.0,5.0,12.0,1.0,2.0,3.0,0.0,2.0,2.0,0.0,0.0,0.0,1.0,0.0,1.0,0.0,0.0,0.0,0.0,0.0,0.0,0.0,0.0,0.0,0.0,0.0,0.0,0.0,0.0,0.0,2.0,2.0,9.0,#NULL!,#NULL!,#NULL!,#NULL!,#NULL!,#NULL!,1000,1500,1.0,,1.0,1.0,3.0,3.0,3.0,3.0,6.0,6.0,3.0,3.0,3.0,3.0,2.0,3.0,3.0,2.0,2.0,3.0,2.0,7.0,1.0,3.0,2.0,5.0,
10,5,3.0,18,F,2.0,,9,,makanan laut,3,2,1,1,3,3,3,3,1,3,3,2,3,1,,,,,0,0,,,,,2.0,1,,1.0,2.0,2.0,2.0,5.0,4.0,9.0,0.0,3.0,3.0,0.0,0.0,0.0,0.0,0.0,0.0,0.0,3.0,3.0,0.0,0.0,0.0,0.0,0.0,0.0,0.0,0.0,0.0,1.0,0.0,1.0,0.0,0.0,0.0,2.0,1.0,9.0,#NULL!,#NULL!,#NULL!,#NULL!,#NULL!,#NULL!,1000,2000,1.0,,1.0,1.0,2.0,1.0,3.0,3.0,6.0,6.0,6.0,6.0,3.0,3.0,2.0,3.0,2.0,2.0,3.0,2.0,2.0,9.0,1.0,2.0,3.0,3.0,
10,5,3.0,17,I,1.0,,17,,klinik,2,2,2,3,3,3,3,3,2,3,3,3,3,1,,,,,0,0,,,,,2.0,1,,2.0,2.0,2.0,2.0,2.0,1.0,3.0,0.0,0.0,0.0,0.0,0.0,0.0,0.0,0.0,0.0,0.0,0.0,0.0,0.0,0.0,0.0,0.0,0.0,0.0,0.0,0.0,0.0,0.0,0.0,0.0,0.0,0.0,0.0,2.0,1.0,9.0,2000,3000,5000,8000,#NULL!,#NULL!,#NULL!,#NULL!,1.0,,2.0,1.0,3.0,3.0,3.0,3.0,3.0,6.0,6.0,6.0,2.0,2.0,2.0,2.0,3.0,2.0,2.0,2.0,2.0,3.0,3.0,2.0,1.0,3.0,
10,5,3.0,17,E,1.0,,5,penyelenggaraan elektrik,pemasangan elektrik,3,2,2,2,2,3,3,3,3,3,3,3,3,1,,,,,0,0,,,,,2.0,1,,1.0,2.0,2.0,2.0,3.0,0.0,3.0,0.0,0.0,0.0,0.0,0.0,0.0,0.0,0.0,0.0,0.0,0.0,0.0,0.0,0.0,0.0,0.0,0.0,0.0,0.0,0.0,0.0,0.0,0.0,0.0,0.0,0.0,0.0,2.0,2.0,9.0,2500,3000,#NULL!,#NULL!,#NULL!,#NULL!,1200,2000,1.0,,1.0,1.0,2.0,2.0,3.0,3.0,1.0,1.0,2.0,2.0,2.0,1.0,2.0,3.0,3.0,2.0,2.0,3.0,2.0,9.0,3.0,1.0,2.0,3.0,
10,5,3.0,22,E,1.0,,11,,handphone accessories,2,2,2,2,2,2,3,2,2,3,3,2,4,1,,,,,0,0,,,,,2.0,1,,2.0,2.0,2.0,2.0,1.0,3.0,4.0,0.0,2.0,2.0,0.0,2.0,2.0,0.0,0.0,0.0,0.0,0.0,0.0,0.0,0.0,0.0,0.0,0.0,0.0,0.0,0.0,0.0,0.0,0.0,0.0,0.0,0.0,0.0,2.0,2.0,1.0,2000,2500,#NULL!,#NULL!,#NULL!,#NULL!,1000,1500,1.0,,1.0,1.0,3.0,3.0,3.0,3.0,1.0,1.0,6.0,6.0,2.0,2.0,2.0,2.0,2.0,2.0,2.0,3.0,3.0,9.0,1.0,3.0,2.0,9.0,
11,5,4.0,12,B,1.0,,4,,MENJAHIT PAKAIAN,3,4,3,3,4,3,3,3,3,3,3,4,4,1,,,,,0,0,,,,,2.0,1,,2.0,1.0,2.0,2.0,0.0,2.0,2.0,0.0,2.0,2.0,0.0,1.0,1.0,0.0,0.0,0.0,0.0,1.0,1.0,0.0,0.0,0.0,0.0,0.0,0.0,0.0,0.0,0.0,0.0,0.0,0.0,0.0,0.0,0.0,2.0,2.0,9.0,#NULL!,#NULL!,#NULL!,#NULL!,#NULL!,#NULL!,#NULL!,#NULL!,1.0,,6.0,6.0,1.0,1.0,3.0,3.0,6.0,6.0,2.0,2.0,2.0,1.0,2.0,2.0,2.0,2.0,3.0,2.0,2.0,1.0,3.0,2.0,1.0,1.0,
11,5,4.0,12,F,1.0,,4,,MENERIMA TAMPAHAN KAD JEMPUTAN PERKAHWINAN,3,2,2,3,4,4,4,3,3,3,3,4,4,1,,,,,0,0,,,,,2.0,1,,2.0,2.0,2.0,2.0,1.0,0.0,1.0,0.0,0.0,0.0,0.0,0.0,0.0,0.0,0.0,0.0,0.0,0.0,0.0,0.0,0.0,0.0,0.0,0.0,0.0,0.0,0.0,0.0,0.0,0.0,0.0,0.0,0.0,0.0,2.0,3.0,8.0,#NULL!,#NULL!,#NULL!,#NULL!,1500,3300,#NULL!,#NULL!,1.0,,6.0,6.0,3.0,3.0,3.0,3.0,6.0,6.0,7.0,7.0,3.0,3.0,3.0,3.0,3.0,3.0,3.0,3.0,3.0,9.0,2.0,1.0,3.0,5.0,
11,5,4.0,25,F,1.0,,2,,MEMBEKAL DAN MENJUAL IKAN PATIN,3,2,2,3,4,3,3,3,3,2,3,3,4,1,,,,,0,0,,,,,2.0,1,,2.0,2.0,2.0,2.0,6.0,0.0,6.0,10.0,0.0,10.0,0.0,0.0,0.0,0.0,0.0,0.0,5.0,0.0,5.0,0.0,0.0,0.0,0.0,0.0,0.0,5.0,0.0,5.0,0.0,0.0,0.0,0.0,0.0,0.0,1.0,1.0,9.0,#NULL!,#NULL!,#NULL!,#NULL!,#NULL!,#NULL!,1000,2000,1.0,,1.0,1.0,1.0,1.0,1.0,1.0,6.0,6.0,2.0,2.0,3.0,2.0,2.0,2.0,3.0,2.0,4.0,3.0,3.0,2.0,2.0,1.0,3.0,3.0,
11,5,4.0,18,F,2.0,,9,,KEDAI MAKANAN DAN MINUMAN,4,2,2,3,4,3,3,3,3,4,4,3,4,1,,,,,0,0,,,,,2.0,1,,1.0,2.0,2.0,2.0,2.0,2.0,4.0,4.0,4.0,8.0,0.0,0.0,0.0,0.0,0.0,0.0,2.0,2.0,4.0,0.0,0.0,0.0,0.0,0.0,0.0,2.0,2.0,4.0,0.0,0.0,0.0,0.0,0.0,0.0,1.0,2.0,1.0,#NULL!,#NULL!,#NULL!,#NULL!,#NULL!,#NULL!,1000,1000,1.0,,2.0,2.0,3.0,3.0,3.0,3.0,6.0,6.0,7.0,7.0,2.0,2.0,2.0,2.0,2.0,2.0,4.0,1.0,1.0,3.0,1.0,3.0,2.0,5.0,
11,5,4.0,25,E,1.0,,7,,MEMBEKAL DAN MENJUAL BARANG PERKAHWINAN,3,3,3,3,3,3,3,3,2,3,4,4,4,2,1.0,,,,0,0,,,,,2.0,1,,2.0,2.0,2.0,2.0,0.0,3.0,3.0,0.0,5.0,5.0,0.0,3.0,3.0,0.0,0.0,0.0,0.0,0.0,0.0,0.0,0.0,0.0,0.0,1.0,1.0,0.0,1.0,1.0,0.0,0.0,0.0,0.0,0.0,0.0,3.0,2.0,2.0,#NULL!,#NULL!,#NULL!,#NULL!,1000,1300,1000,1300,1.0,,6.0,6.0,1.0,1.0,1.0,1.0,6.0,6.0,2.0,2.0,2.0,2.0,1.0,2.0,2.0,2.0,1.0,1.0,1.0,9.0,2.0,3.0,1.0,3.0,
11,5,4.0,9,A,1.0,,6,,MEMBEKALKAN PASIR,3,2,2,2,3,3,2,3,3,4,2,2,4,1,,,,,0,0,,,,,2.0,1,,1.0,2.0,2.0,2.0,30.0,20.0,50.0,20.0,10.0,30.0,0.0,5.0,5.0,0.0,0.0,0.0,10.0,0.0,10.0,0.0,0.0,0.0,0.0,0.0,0.0,10.0,5.0,15.0,2.0,0.0,2.0,0.0,0.0,0.0,2.0,2.0,8.0,#NULL!,#NULL!,#NULL!,#NULL!,#NULL!,#NULL!,1000,3000,1.0,,6.0,6.0,3.0,3.0,3.0,3.0,6.0,6.0,7.0,7.0,2.0,1.0,3.0,2.0,2.0,1.0,1.0,1.0,1.0,7.0,3.0,1.0,2.0,5.0,
11,5,4.0,17,I,1.0,,17,,PERKHIDMATAN KESIHATAN,4,4,3,3,2,2,3,3,3,3,3,4,4,2,1.0,1.0,,,0,0,,,,,1.0,1,,2.0,1.0,2.0,2.0,2.0,8.0,10.0,0.0,15.0,15.0,0.0,1.0,1.0,0.0,0.0,0.0,0.0,7.0,7.0,0.0,0.0,0.0,0.0,7.0,7.0,0.0,0.0,0.0,0.0,0.0,0.0,0.0,0.0,0.0,1.0,1.0,1.0,#NULL!,#NULL!,#NULL!,#NULL!,#NULL!,#NULL!,1000,1600,1.0,,6.0,6.0,1.0,1.0,1.0,1.0,5.0,5.0,2.0,2.0,2.0,2.0,1.0,1.0,2.0,2.0,2.0,3.0,1.0,3.0,1.0,2.0,3.0,12.0,DEKAT DENGAN KELUARGA
11,5,3.0,18,F,1.0,,9,,KEDAI MAKANAN DAN MINUMAN,3,4,2,3,4,4,4,2,2,3,4,4,4,1,,,,,0,0,,,,,2.0,1,,2.0,2.0,2.0,2.0,0.0,1.0,1.0,0.0,0.0,0.0,0.0,0.0,0.0,0.0,0.0,0.0,0.0,0.0,0.0,0.0,0.0,0.0,0.0,0.0,0.0,0.0,0.0,0.0,0.0,0.0,0.0,0.0,0.0,0.0,2.0,2.0,8.0,#NULL!,#NULL!,#NULL!,#NULL!,#NULL!,#NULL!,600,900,2.0,TIADA MODAL,6.0,6.0,3.0,3.0,3.0,3.0,6.0,6.0,7.0,7.0,3.0,3.0,3.0,3.0,3.0,3.0,3.0,3.0,3.0,9.0,3.0,1.0,2.0,3.0,
11,5,4.0,25,J,1.0,,17,,"SPA (FACIAL,URUT SATU BADAN)",3,3,3,3,3,4,3,4,4,3,4,4,4,2,,,,,0,0,,,,,2.0,1,,1.0,2.0,2.0,2.0,0.0,3.0,3.0,0.0,3.0,3.0,0.0,0.0,0.0,0.0,2.0,2.0,0.0,0.0,0.0,0.0,0.0,0.0,0.0,1.0,1.0,0.0,0.0,0.0,0.0,0.0,0.0,0.0,0.0,0.0,1.0,1.0,1.0,#NULL!,#NULL!,#NULL!,#NULL!,800,1500,#NULL!,#NULL!,2.0,BELIA TIDAK,2.0,1.0,1.0,1.0,1.0,1.0,6.0,6.0,2.0,2.0,2.0,2.0,3.0,3.0,2.0,1.0,1.0,2.0,1.0,2.0,1.0,3.0,1.0,3.0,
11,5,,23,I,7.0,,1,,PEMBANGUNAN DAN PENGEMBANGAN PERTANIAN,4,3,3,3,3,3,3,3,3,3,3,4,4,2,1.0,1.0,,,0,0,,,,,1.0,2,2.0,1.0,1.0,2.0,1.0,22.0,11.0,33.0,4.0,0.0,4.0,0.0,0.0,0.0,0.0,0.0,0.0,2.0,0.0,2.0,0.0,0.0,0.0,1.0,0.0,1.0,1.0,0.0,1.0,0.0,0.0,0.0,0.0,0.0,0.0,2.0,2.0,4.0,1000,3500,#NULL!,#NULL!,1000,1800,1000,1200,1.0,,6.0,6.0,3.0,3.0,3.0,3.0,1.0,6.0,7.0,7.0,2.0,2.0,2.0,2.0,1.0,2.0,2.0,2.0,2.0,1.0,3.0,1.0,2.0,5.0,
11,5,3.0,12,A,1.0,,6,,MEMBEKALKAN BATU BATA,4,2,2,2,3,3,2,2,2,4,3,3,4,1,,,,,0,0,,,,,2.0,1,,2.0,2.0,2.0,2.0,8.0,1.0,9.0,0.0,2.0,2.0,0.0,1.0,1.0,0.0,0.0,0.0,0.0,0.0,0.0,0.0,0.0,0.0,0.0,0.0,0.0,0.0,1.0,1.0,0.0,0.0,0.0,0.0,0.0,0.0,3.0,3.0,8.0,#NULL!,#NULL!,#NULL!,#NULL!,#NULL!,#NULL!,1500,2400,2.0,TIDAK BERMI,6.0,6.0,3.0,3.0,3.0,3.0,6.0,6.0,7.0,7.0,2.0,1.0,2.0,2.0,3.0,2.0,2.0,2.0,2.0,2.0,2.0,1.0,3.0,3.0,
11,5,4.0,15,E,1.0,,14,,PEMBINAAN DAN HARTANAH,2,3,3,2,2,2,2,3,3,4,4,3,4,2,1.0,,,,0,0,,,,,2.0,1,,1.0,2.0,2.0,1.0,3.0,0.0,3.0,3.0,0.0,3.0,1.0,0.0,1.0,0.0,0.0,0.0,1.0,0.0,1.0,0.0,0.0,0.0,0.0,0.0,0.0,1.0,0.0,1.0,0.0,0.0,0.0,0.0,0.0,0.0,2.0,1.0,8.0,#NULL!,#NULL!,#NULL!,#NULL!,#NULL!,#NULL!,2000,2100,2.0,MALAS DAN D,6.0,6.0,2.0,2.0,3.0,3.0,6.0,6.0,6.0,7.0,2.0,2.0,2.0,2.0,2.0,2.0,3.0,1.0,1.0,9.0,2.0,1.0,3.0,3.0,
11,5,4.0,11,A,1.0,,4,,PEMBORONG KAYU KAYAN,2,2,2,2,3,3,3,3,3,3,3,3,3,1,,,,,0,0,,,,,2.0,1,,2.0,2.0,2.0,2.0,2.0,1.0,3.0,0.0,2.0,2.0,0.0,1.0,1.0,0.0,0.0,0.0,0.0,0.0,0.0,0.0,0.0,0.0,0.0,0.0,0.0,0.0,1.0,1.0,0.0,0.0,0.0,0.0,0.0,0.0,2.0,2.0,8.0,#NULL!,#NULL!,#NULL!,#NULL!,#NULL!,#NULL!,1000,1400,2.0,DEMAND GAJI,6.0,6.0,2.0,2.0,3.0,3.0,6.0,6.0,7.0,7.0,2.0,2.0,2.0,2.0,2.0,2.0,2.0,2.0,2.0,2.0,3.0,1.0,2.0,3.0,
11,5,3.0,12,A,1.0,,4,,MEMBEKALKAN KAYU KAYAN DAN PERABOT,3,3,3,3,3,3,3,3,3,4,3,4,4,1,,,,,0,0,,,,,2.0,1,,2.0,2.0,2.0,2.0,4.0,0.0,4.0,1.0,0.0,1.0,0.0,0.0,0.0,0.0,0.0,0.0,1.0,0.0,1.0,0.0,0.0,0.0,0.0,0.0,0.0,0.0,0.0,0.0,0.0,0.0,0.0,0.0,0.0,0.0,2.0,2.0,2.0,#NULL!,#NULL!,#NULL!,#NULL!,#NULL!,#NULL!,900,1800,1.0,,6.0,6.0,2.0,2.0,3.0,3.0,6.0,6.0,7.0,7.0,2.0,2.0,2.0,2.0,3.0,2.0,3.0,3.0,2.0,9.0,3.0,2.0,1.0,1.0,
11,5,2.0,17,E,3.0,,17,,FARMASI,3,2,3,3,4,4,3,3,4,4,4,4,4,2,1.0,,,,0,0,,,,,1.0,3,2.0,1.0,1.0,1.0,1.0,0.0,10.0,10.0,0.0,10.0,10.0,0.0,10.0,10.0,0.0,0.0,0.0,0.0,0.0,0.0,0.0,0.0,0.0,0.0,0.0,0.0,0.0,0.0,0.0,0.0,0.0,0.0,0.0,0.0,0.0,2.0,2.0,1.0,#NULL!,#NULL!,#NULL!,#NULL!,#NULL!,#NULL!,1000,1200,1.0,,1.0,1.0,3.0,3.0,3.0,3.0,1.0,1.0,7.0,7.0,2.0,2.0,2.0,1.0,1.0,1.0,1.0,2.0,1.0,7.0,1.0,2.0,3.0,5.0,
11,5,4.0,25,F,1.0,,18,,MENJUAL VCD,3,3,2,3,3,3,3,3,3,3,4,3,3,2,1.0,,,,0,0,,,,,2.0,1,,2.0,2.0,2.0,2.0,0.0,2.0,2.0,0.0,2.0,2.0,0.0,2.0,2.0,0.0,0.0,0.0,0.0,0.0,0.0,0.0,0.0,0.0,0.0,0.0,0.0,0.0,0.0,0.0,0.0,0.0,0.0,0.0,0.0,0.0,3.0,2.0,8.0,#NULL!,#NULL!,#NULL!,#NULL!,#NULL!,#NULL!,1000,1000,1.0,,6.0,6.0,3.0,3.0,3.0,3.0,6.0,6.0,7.0,7.0,2.0,2.0,2.0,2.0,2.0,4.0,2.0,2.0,2.0,9.0,1.0,2.0,3.0,5.0,
11,5,3.0,28,D,1.0,,5,,WATER & MACHINE SUPPLY,3,2,2,3,3,3,3,2,3,3,3,4,4,2,1.0,,,,0,0,,,,,1.0,1,,2.0,1.0,2.0,2.0,2.0,2.0,4.0,0.0,3.0,3.0,0.0,2.0,2.0,0.0,0.0,0.0,0.0,1.0,1.0,0.0,0.0,0.0,0.0,0.0,0.0,0.0,0.0,0.0,0.0,0.0,0.0,0.0,0.0,0.0,2.0,1.0,1.0,#NULL!,#NULL!,#NULL!,#NULL!,#NULL!,#NULL!,1000,1500,1.0,,6.0,6.0,1.0,2.0,3.0,3.0,6.0,6.0,2.0,2.0,2.0,3.0,2.0,2.0,2.0,2.0,4.0,3.0,3.0,2.0,3.0,2.0,1.0,3.0,
11,5,4.0,12,C,1.0,,4,,WELDING,3,2,2,3,3,3,3,3,3,4,3,2,4,1,,,,,0,0,,,,,2.0,1,,2.0,1.0,2.0,2.0,7.0,0.0,7.0,8.0,0.0,8.0,4.0,0.0,4.0,0.0,0.0,0.0,4.0,0.0,4.0,0.0,0.0,0.0,0.0,0.0,0.0,0.0,0.0,0.0,0.0,0.0,0.0,0.0,0.0,0.0,3.0,1.0,2.0,#NULL!,#NULL!,#NULL!,#NULL!,#NULL!,#NULL!,900,3000,1.0,,6.0,6.0,2.0,2.0,3.0,3.0,6.0,6.0,7.0,7.0,2.0,1.0,2.0,2.0,2.0,2.0,2.0,1.0,1.0,2.0,3.0,1.0,2.0,1.0,
11,5,4.0,12,C,2.0,,7,,HARDWARE,2,2,2,3,3,3,1,2,2,4,2,2,4,2,1.0,,,,0,0,,,,,2.0,1,,2.0,2.0,2.0,2.0,8.0,1.0,9.0,10.0,0.0,10.0,0.0,0.0,0.0,0.0,0.0,0.0,5.0,0.0,5.0,0.0,0.0,0.0,0.0,0.0,0.0,5.0,0.0,5.0,0.0,0.0,0.0,0.0,0.0,0.0,2.0,1.0,2.0,1500,2000,1500,2000,1200,1600,1000,1300,1.0,,2.0,2.0,2.0,2.0,3.0,3.0,6.0,6.0,7.0,7.0,2.0,2.0,2.0,3.0,3.0,2.0,2.0,2.0,2.0,3.0,1.0,2.0,3.0,11.0,
11,5,3.0,12,E,2.0,,6,,MEMBEKAL BAHAN BINAAN RUMAH,3,2,2,2,2,2,2,3,3,3,2,3,3,2,1.0,,,,0,0,,,,,1.0,2,1.0,1.0,1.0,2.0,2.0,13.0,0.0,13.0,1.0,0.0,1.0,0.0,0.0,0.0,1.0,0.0,1.0,0.0,0.0,0.0,0.0,0.0,0.0,0.0,0.0,0.0,0.0,0.0,0.0,0.0,0.0,0.0,0.0,0.0,0.0,2.0,1.0,9.0,#NULL!,#NULL!,#NULL!,#NULL!,#NULL!,#NULL!,1000,1500,2.0,TIDAK BEKEM,2.0,2.0,2.0,2.0,3.0,3.0,6.0,6.0,7.0,7.0,2.0,2.0,2.0,2.0,2.0,2.0,2.0,2.0,2.0,2.0,3.0,1.0,2.0,3.0,
11,5,4.0,12,E,1.0,,9,,KEROPOK,3,2,3,3,2,3,3,3,3,4,3,2,4,1,,,,,0,0,,,,,2.0,1,,2.0,2.0,2.0,2.0,1.0,0.0,1.0,0.0,0.0,0.0,0.0,0.0,0.0,0.0,0.0,0.0,0.0,0.0,0.0,0.0,0.0,0.0,0.0,0.0,0.0,0.0,0.0,0.0,0.0,0.0,0.0,0.0,0.0,0.0,2.0,2.0,9.0,#NULL!,#NULL!,#NULL!,#NULL!,#NULL!,#NULL!,#NULL!,#NULL!,2.0,TIDAK BERMI,6.0,6.0,3.0,3.0,3.0,3.0,6.0,6.0,2.0,2.0,2.0,2.0,2.0,2.0,2.0,2.0,2.0,2.0,2.0,9.0,2.0,1.0,3.0,3.0,
11,5,4.0,12,D,1.0,,4,,JAHITAN,4,4,3,3,4,3,3,3,3,4,3,4,4,2,1.0,,,,0,0,,,,,2.0,1,,1.0,1.0,1.0,1.0,0.0,1.0,1.0,0.0,0.0,0.0,0.0,0.0,0.0,0.0,0.0,0.0,0.0,0.0,0.0,0.0,0.0,0.0,0.0,0.0,0.0,0.0,0.0,0.0,0.0,0.0,0.0,0.0,0.0,0.0,1.0,1.0,8.0,#NULL!,#NULL!,#NULL!,#NULL!,#NULL!,#NULL!,900,1500,1.0,,6.0,6.0,1.0,1.0,3.0,3.0,6.0,6.0,7.0,7.0,2.0,2.0,2.0,2.0,2.0,2.0,2.0,3.0,2.0,7.0,2.0,1.0,3.0,3.0,
11,5,4.0,12,D,1.0,,7,JAHITAN,JAHITAN T-SHIRT,2,2,2,2,2,2,3,2,3,3,3,3,4,1,,,,,0,0,,,,,2.0,1,,2.0,2.0,2.0,1.0,2.0,1.0,3.0,4.0,3.0,7.0,0.0,0.0,0.0,2.0,1.0,3.0,2.0,1.0,3.0,0.0,1.0,1.0,0.0,0.0,0.0,0.0,0.0,0.0,0.0,0.0,0.0,0.0,0.0,0.0,3.0,1.0,8.0,900,900,#NULL!,#NULL!,#NULL!,#NULL!,#NULL!,#NULL!,1.0,,6.0,6.0,1.0,1.0,3.0,3.0,6.0,6.0,7.0,7.0,2.0,2.0,2.0,2.0,3.0,2.0,2.0,2.0,2.0,3.0,2.0,2.0,2.0,2.0,
11,5,4.0,13,F,3.0,,6,,MEMBEKALKAN BAHAN BINAAN,1,1,1,1,3,4,4,2,3,4,4,3,3,1,,,,,0,0,,,,,2.0,3,2.0,2.0,2.0,2.0,2.0,3.0,3.0,6.0,3.0,3.0,6.0,0.0,0.0,0.0,0.0,0.0,0.0,0.0,0.0,0.0,0.0,0.0,0.0,0.0,2.0,2.0,3.0,1.0,4.0,0.0,0.0,0.0,0.0,0.0,0.0,2.0,1.0,1.0,#NULL!,#NULL!,#NULL!,#NULL!,#NULL!,#NULL!,900,1600,2.0,TIDAK RAJIN,6.0,6.0,2.0,2.0,2.0,2.0,6.0,6.0,7.0,7.0,3.0,2.0,3.0,3.0,3.0,3.0,2.0,3.0,3.0,7.0,1.0,2.0,2.0,6.0,
11,5,4.0,19,E,1.0,,11,,"LAPTOP/KOMPUTER,PRINTER, HANDPHONE SALES AND SERVICES",2,2,2,1,2,3,2,1,3,2,2,2,2,2,1.0,,,,0,0,,,,,2.0,1,,1.0,1.0,2.0,2.0,2.0,3.0,5.0,4.0,0.0,4.0,0.0,0.0,0.0,0.0,0.0,0.0,1.0,0.0,1.0,3.0,0.0,3.0,0.0,0.0,0.0,0.0,0.0,0.0,0.0,0.0,0.0,0.0,0.0,0.0,1.0,1.0,1.0,#NULL!,#NULL!,900,1200,900,1000,#NULL!,#NULL!,2.0,TIDAK MAHIR,2.0,2.0,2.0,3.0,3.0,3.0,1.0,1.0,2.0,2.0,2.0,3.0,2.0,2.0,2.0,3.0,2.0,3.0,2.0,5.0,2.0,1.0,3.0,3.0,
11,5,3.0,12,C,1.0,,4,,MEMBAIKI PERALATAN JENTERA DAN KENDERAAN,3,3,3,3,3,3,3,3,3,3,3,3,4,1,,,,,0,0,,,,,2.0,1,,2.0,1.0,2.0,2.0,0.0,1.0,1.0,2.0,0.0,2.0,0.0,0.0,0.0,0.0,0.0,0.0,2.0,0.0,2.0,0.0,0.0,0.0,0.0,0.0,0.0,0.0,0.0,0.0,0.0,0.0,0.0,0.0,0.0,0.0,2.0,3.0,8.0,#NULL!,#NULL!,#NULL!,#NULL!,#NULL!,#NULL!,1000,1980,2.0,KURANG MINA,6.0,6.0,2.0,2.0,3.0,3.0,6.0,6.0,2.0,2.0,2.0,2.0,2.0,2.0,3.0,1.0,2.0,2.0,2.0,9.0,2.0,1.0,3.0,5.0,
11,5,4.0,13,E,1.0,,7,,MENJUAL DAN MEMBEKALKAN BARANG-BARANG RUNCIT,3,2,3,3,4,3,3,3,3,4,4,4,4,1,,,,,0,0,,,,,2.0,1,,2.0,2.0,2.0,2.0,0.0,1.0,1.0,0.0,0.0,0.0,0.0,0.0,0.0,0.0,0.0,0.0,0.0,0.0,0.0,0.0,0.0,0.0,0.0,0.0,0.0,0.0,0.0,0.0,0.0,0.0,0.0,0.0,0.0,0.0,2.0,2.0,9.0,#NULL!,#NULL!,#NULL!,#NULL!,#NULL!,#NULL!,500,800,1.0,,6.0,6.0,3.0,3.0,3.0,3.0,6.0,6.0,7.0,7.0,2.0,2.0,2.0,2.0,2.0,2.0,2.0,2.0,2.0,9.0,1.0,3.0,3.0,3.0,
11,5,3.0,17,I,1.0,,17,,KESIHATAN DAN MERAWAT PESAKIT,3,1,2,2,3,3,2,2,3,3,3,2,4,1,,,,,0,0,,,,,2.0,1,,2.0,2.0,2.0,2.0,0.0,5.0,5.0,0.0,10.0,10.0,0.0,5.0,5.0,0.0,0.0,0.0,0.0,0.0,0.0,0.0,0.0,0.0,0.0,3.0,3.0,0.0,2.0,2.0,0.0,0.0,0.0,0.0,0.0,0.0,1.0,2.0,9.0,#NULL!,#NULL!,#NULL!,#NULL!,1000,1500,900,1300,1.0,,6.0,6.0,1.0,1.0,1.0,1.0,6.0,6.0,7.0,7.0,2.0,2.0,2.0,2.0,2.0,3.0,3.0,2.0,2.0,9.0,1.0,3.0,1.0,3.0,
11,5,4.0,23,I,9.0,,17,,PEMULIHAN DALAM KOMUNITI,3,4,3,3,3,3,3,3,3,3,4,4,4,1,,,,,0,0,,,,,2.0,3,2.0,2.0,2.0,2.0,2.0,1.0,3.0,4.0,2.0,2.0,4.0,1.0,1.0,2.0,0.0,0.0,0.0,0.0,0.0,0.0,0.0,0.0,0.0,0.0,0.0,0.0,1.0,1.0,2.0,0.0,0.0,0.0,0.0,0.0,0.0,1.0,2.0,4.0,#NULL!,#NULL!,#NULL!,#NULL!,#NULL!,#NULL!,800,1200,1.0,,6.0,6.0,3.0,3.0,1.0,1.0,6.0,6.0,7.0,7.0,2.0,2.0,2.0,2.0,3.0,2.0,2.0,2.0,2.0,5.0,1.0,1.0,1.0,3.0,
11,5,4.0,12,E,1.0,,4,,MEMBEKAL DAN MENJUAL ALAT-ALAT GANTI KERETA,3,3,3,3,3,3,3,3,3,3,3,3,4,1,,,,,0,0,,,,,1.0,1,,2.0,2.0,2.0,2.0,5.0,1.0,6.0,6.0,0.0,6.0,0.0,0.0,0.0,0.0,0.0,0.0,3.0,0.0,3.0,0.0,0.0,0.0,0.0,0.0,0.0,3.0,0.0,3.0,0.0,0.0,0.0,0.0,0.0,0.0,2.0,2.0,8.0,#NULL!,#NULL!,#NULL!,#NULL!,#NULL!,#NULL!,1000,1000,1.0,,6.0,6.0,1.0,2.0,3.0,3.0,6.0,6.0,2.0,2.0,2.0,2.0,2.0,2.0,5.0,5.0,2.0,3.0,2.0,9.0,3.0,1.0,2.0,3.0,
11,5,4.0,12,E,1.0,,4,,BENGKEL MEMBAIK PULIH KENDERAAN,3,4,2,3,3,3,2,2,2,2,2,3,4,2,1.0,,,,0,0,,,,,1.0,1,,2.0,1.0,2.0,2.0,2.0,1.0,3.0,1.0,1.0,2.0,0.0,1.0,1.0,0.0,0.0,0.0,1.0,0.0,1.0,0.0,0.0,0.0,0.0,0.0,0.0,0.0,0.0,0.0,0.0,0.0,0.0,0.0,0.0,0.0,1.0,1.0,9.0,1200,1200,#NULL!,#NULL!,#NULL!,#NULL!,1200,1200,1.0,,6.0,6.0,3.0,3.0,3.0,3.0,6.0,6.0,2.0,2.0,2.0,1.0,2.0,2.0,2.0,1.0,1.0,1.0,1.0,7.0,1.0,2.0,3.0,1.0,
11,5,3.0,11,H,1.0,,7,KESELAMATAN,PEMASANGAN CCTV,3,3,3,3,3,3,3,3,3,2,2,4,4,2,1.0,,,,0,0,,,,,1.0,1,,1.0,2.0,2.0,2.0,2.0,0.0,2.0,0.0,2.0,2.0,0.0,0.0,0.0,0.0,0.0,0.0,0.0,0.0,0.0,0.0,0.0,0.0,0.0,2.0,2.0,0.0,0.0,0.0,0.0,0.0,0.0,0.0,0.0,0.0,2.0,2.0,1.0,#NULL!,#NULL!,#NULL!,#NULL!,700,1000,#NULL!,#NULL!,1.0,,6.0,6.0,3.0,3.0,3.0,3.0,5.0,5.0,2.0,2.0,2.0,2.0,2.0,2.0,2.0,2.0,2.0,2.0,2.0,2.0,1.0,1.0,1.0,3.0,
11,5,3.0,12,B,1.0,,7,JAHITAN,PAKAIAN,3,4,4,3,4,4,4,3,3,3,2,4,4,1,,,,,0,0,,,,,2.0,1,,2.0,2.0,2.0,2.0,0.0,1.0,1.0,0.0,0.0,0.0,0.0,0.0,0.0,0.0,0.0,0.0,0.0,0.0,0.0,0.0,0.0,0.0,0.0,0.0,0.0,0.0,0.0,0.0,0.0,0.0,0.0,0.0,0.0,0.0,2.0,1.0,8.0,#NULL!,#NULL!,#NULL!,#NULL!,#NULL!,#NULL!,500,1000,2.0,TIDAK BERMI,1.0,1.0,1.0,1.0,3.0,3.0,6.0,6.0,7.0,7.0,2.0,2.0,2.0,2.0,2.0,2.0,2.0,2.0,2.0,2.0,1.0,1.0,1.0,3.0,
11,5,4.0,16,J,9.0,,18,,TINJU,3,4,3,3,3,4,3,3,3,3,3,4,4,2,,1.0,,,0,0,,,,,2.0,2,1.0,1.0,2.0,1.0,1.0,10.0,0.0,10.0,14.0,0.0,14.0,7.0,0.0,7.0,0.0,0.0,0.0,0.0,0.0,0.0,0.0,0.0,0.0,0.0,0.0,0.0,7.0,0.0,7.0,0.0,0.0,0.0,0.0,0.0,0.0,2.0,2.0,8.0,#NULL!,#NULL!,#NULL!,#NULL!,#NULL!,#NULL!,300,500,2.0,TIDAK TAHAN,6.0,6.0,3.0,3.0,3.0,3.0,6.0,6.0,7.0,7.0,2.0,2.0,2.0,2.0,2.0,2.0,2.0,2.0,2.0,7.0,1.0,1.0,1.0,1.0,
11,5,4.0,12,E,1.0,,9,,KEROPOK KEPING,3,4,3,3,3,3,3,3,3,3,3,2,4,1,,,,,0,0,,,,,2.0,1,,2.0,2.0,2.0,2.0,6.0,6.0,12.0,0.0,0.0,0.0,0.0,0.0,0.0,0.0,0.0,0.0,0.0,0.0,0.0,0.0,0.0,0.0,0.0,0.0,0.0,0.0,0.0,0.0,2.0,0.0,2.0,0.0,0.0,0.0,2.0,3.0,9.0,#NULL!,#NULL!,#NULL!,#NULL!,#NULL!,#NULL!,900,1500,1.0,,6.0,6.0,3.0,3.0,3.0,3.0,6.0,6.0,2.0,2.0,2.0,2.0,1.0,2.0,3.0,2.0,2.0,2.0,2.0,9.0,1.0,1.0,1.0,1.0,
11,5,4.0,18,F,1.0,,9,,KEDAI MAKAN DAN MINUMAN,3,3,3,2,4,3,3,3,3,4,4,3,4,2,1.0,,,,0,0,,,,,1.0,1,,2.0,2.0,2.0,2.0,2.0,7.0,9.0,2.0,5.0,7.0,0.0,0.0,0.0,0.0,0.0,0.0,2.0,5.0,7.0,0.0,0.0,0.0,0.0,0.0,0.0,0.0,0.0,0.0,0.0,0.0,0.0,0.0,0.0,0.0,1.0,1.0,8.0,#NULL!,#NULL!,#NULL!,#NULL!,#NULL!,#NULL!,600,900,1.0,,1.0,1.0,1.0,1.0,3.0,3.0,6.0,6.0,2.0,2.0,3.0,3.0,1.0,1.0,2.0,1.0,1.0,1.0,1.0,9.0,1.0,2.0,3.0,1.0,
11,5,4.0,18,F,1.0,,9,,KEDAI MAKAN,3,3,3,3,4,3,3,3,3,4,4,3,4,1,,,,,0,0,,,,,2.0,3,1.0,2.0,2.0,2.0,2.0,2.0,2.0,4.0,1.0,1.0,2.0,0.0,0.0,0.0,0.0,0.0,0.0,1.0,1.0,2.0,0.0,0.0,0.0,0.0,0.0,0.0,0.0,0.0,0.0,0.0,0.0,0.0,0.0,0.0,0.0,2.0,1.0,8.0,#NULL!,#NULL!,#NULL!,#NULL!,#NULL!,#NULL!,750,750,1.0,,6.0,6.0,3.0,3.0,3.0,3.0,6.0,6.0,2.0,2.0,2.0,2.0,2.0,2.0,3.0,2.0,2.0,2.0,2.0,9.0,1.0,2.0,3.0,3.0,
11,5,3.0,12,C,1.0,,4,PERKAPALAN,PERKHIDMATAN BARANG PERKAPALAN,2,2,2,2,3,3,3,2,3,3,3,3,4,2,1.0,1.0,,,0,0,,,,,1.0,1,,2.0,1.0,2.0,2.0,21.0,8.0,29.0,13.0,6.0,19.0,0.0,6.0,6.0,0.0,0.0,0.0,13.0,0.0,13.0,0.0,0.0,0.0,0.0,0.0,0.0,0.0,0.0,0.0,0.0,0.0,0.0,0.0,0.0,0.0,2.0,2.0,8.0,1600,2300,#NULL!,#NULL!,#NULL!,#NULL!,900,1976,1.0,,6.0,6.0,1.0,2.0,1.0,3.0,6.0,6.0,2.0,2.0,3.0,2.0,2.0,2.0,3.0,2.0,3.0,2.0,2.0,9.0,3.0,2.0,1.0,3.0,
11,5,,23,J,7.0,,16,,PUSAT LATIHAN PEJAWAT AWAM,3,3,3,3,3,3,3,4,3,3,3,4,3,2,1.0,1.0,,,0,0,,,,,1.0,2,1.0,2.0,2.0,2.0,2.0,36.0,38.0,74.0,0.0,4.0,4.0,0.0,0.0,0.0,0.0,0.0,0.0,0.0,1.0,1.0,0.0,0.0,0.0,0.0,0.0,0.0,0.0,3.0,3.0,0.0,0.0,0.0,0.0,0.0,0.0,3.0,1.0,4.0,2422,9631,#NULL!,#NULL!,1377,4052,1200,2983,1.0,,6.0,6.0,3.0,3.0,3.0,3.0,1.0,6.0,1.0,2.0,2.0,2.0,2.0,2.0,2.0,2.0,2.0,2.0,2.0,1.0,1.0,2.0,3.0,4.0,
11,5,4.0,26,H,1.0,,5,,PENYAMAN UDARA,3,3,3,3,3,3,3,3,3,2,3,3,4,2,1.0,,,,0,0,,,,,1.0,1,,1.0,1.0,2.0,1.0,5.0,2.0,7.0,0.0,6.0,6.0,0.0,2.0,2.0,0.0,0.0,0.0,0.0,2.0,2.0,0.0,0.0,0.0,0.0,2.0,2.0,0.0,0.0,0.0,0.0,0.0,0.0,0.0,0.0,0.0,1.0,1.0,1.0,#NULL!,#NULL!,#NULL!,#NULL!,1000,1500,1000,1000,1.0,,6.0,6.0,3.0,3.0,3.0,3.0,1.0,5.0,1.0,2.0,2.0,2.0,2.0,2.0,2.0,2.0,3.0,2.0,2.0,2.0,1.0,1.0,1.0,3.0,
11,5,4.0,17,I,1.0,,17,,KLINIK PERUBATAN,3,3,3,3,3,3,3,3,3,3,4,4,4,2,1.0,,,,0,0,,,,,2.0,1,,2.0,2.0,2.0,2.0,0.0,3.0,3.0,0.0,3.0,3.0,0.0,3.0,3.0,0.0,0.0,0.0,0.0,0.0,0.0,0.0,0.0,0.0,0.0,0.0,0.0,0.0,0.0,0.0,0.0,0.0,0.0,0.0,0.0,0.0,2.0,2.0,8.0,#NULL!,#NULL!,#NULL!,#NULL!,#NULL!,#NULL!,1000,1200,1.0,,2.0,2.0,1.0,1.0,1.0,1.0,6.0,6.0,2.0,2.0,2.0,2.0,2.0,2.0,2.0,2.0,2.0,2.0,2.0,9.0,3.0,1.0,2.0,12.0,SEIRING DENGAN KELAYAKAN
11,5,4.0,18,E,1.0,,9,,KEROPOK LEKOR,3,3,2,3,3,3,3,3,3,4,3,3,4,2,1.0,,,,0,0,,,,,2.0,1,,2.0,2.0,2.0,2.0,0.0,1.0,1.0,0.0,1.0,1.0,0.0,0.0,0.0,0.0,0.0,0.0,0.0,1.0,1.0,0.0,0.0,0.0,0.0,0.0,0.0,0.0,0.0,0.0,0.0,0.0,0.0,0.0,0.0,0.0,2.0,1.0,8.0,#NULL!,#NULL!,#NULL!,#NULL!,#NULL!,#NULL!,900,900,1.0,,6.0,6.0,1.0,1.0,1.0,1.0,6.0,6.0,7.0,7.0,4.0,2.0,2.0,2.0,3.0,2.0,4.0,3.0,3.0,9.0,2.0,1.0,3.0,3.0,
11,5,4.0,17,G,1.0,,13,,PERUNDING KEWANGAN DAN INSURANS,3,3,3,3,3,3,3,3,3,3,4,4,4,1,,,,,0,0,,,,,2.0,1,,2.0,1.0,2.0,2.0,0.0,6.0,6.0,0.0,5.0,5.0,0.0,5.0,5.0,0.0,0.0,0.0,0.0,0.0,0.0,0.0,0.0,0.0,0.0,0.0,0.0,0.0,0.0,0.0,0.0,0.0,0.0,0.0,0.0,0.0,2.0,2.0,8.0,700,1000,#NULL!,#NULL!,#NULL!,#NULL!,700,900,1.0,,6.0,6.0,1.0,1.0,3.0,3.0,6.0,6.0,2.0,2.0,3.0,2.0,2.0,2.0,1.0,2.0,2.0,3.0,2.0,9.0,3.0,2.0,1.0,3.0,
11,5,3.0,12,D,3.0,,4,PEMBAIKAN KAPAL,PEMBAIKAN DAN PEMBUATAN KAPAL,2,3,2,3,2,3,2,3,3,2,3,3,2,2,1.0,,,,0,0,,,,,1.0,1,,1.0,1.0,2.0,1.0,25.0,10.0,35.0,3.0,1.0,4.0,0.0,1.0,1.0,3.0,0.0,3.0,0.0,0.0,0.0,0.0,0.0,0.0,0.0,0.0,0.0,0.0,0.0,0.0,0.0,0.0,0.0,0.0,0.0,0.0,2.0,2.0,1.0,1500,1700,1500,3000,#NULL!,#NULL!,1000,1200,2.0,TIDAK TAHAN,2.0,1.0,3.0,2.0,3.0,3.0,1.0,6.0,1.0,2.0,2.0,2.0,2.0,2.0,2.0,2.0,2.0,2.0,2.0,2.0,3.0,1.0,2.0,3.0,
11,5,4.0,25,J,1.0,,9,,KOPERASI SEKOLAH,2,3,3,3,4,3,3,3,3,2,4,3,4,1,,,,,0,0,,,,,1.0,1,,2.0,2.0,2.0,2.0,0.0,4.0,4.0,0.0,4.0,4.0,0.0,4.0,4.0,0.0,0.0,0.0,0.0,0.0,0.0,0.0,0.0,0.0,0.0,0.0,0.0,0.0,0.0,0.0,0.0,0.0,0.0,0.0,0.0,0.0,2.0,2.0,8.0,#NULL!,#NULL!,#NULL!,#NULL!,#NULL!,#NULL!,900,900,1.0,,1.0,1.0,1.0,1.0,1.0,1.0,6.0,6.0,2.0,2.0,2.0,3.0,3.0,3.0,2.0,2.0,2.0,2.0,2.0,9.0,1.0,2.0,3.0,3.0,
11,5,4.0,20,I,1.0,,16,,PUSAT TUISYEN,3,4,3,3,3,3,3,3,3,3,4,4,4,2,1.0,,,,0,0,,,,,2.0,1,,1.0,1.0,2.0,1.0,0.0,2.0,2.0,0.0,2.0,2.0,0.0,0.0,0.0,0.0,2.0,2.0,0.0,0.0,0.0,0.0,0.0,0.0,0.0,0.0,0.0,0.0,0.0,0.0,0.0,0.0,0.0,0.0,0.0,0.0,2.0,1.0,1.0,1000,2000,#NULL!,#NULL!,#NULL!,#NULL!,1000,1300,1.0,,6.0,6.0,1.0,1.0,3.0,3.0,6.0,6.0,7.0,7.0,1.0,1.0,1.0,1.0,2.0,1.0,2.0,2.0,1.0,1.0,1.0,2.0,3.0,5.0,
11,5,3.0,5,A,1.0,,1,,PERKHIDMATAN MEMBEKAL SAYUR-SAYURAN DAN AYAM,3,3,3,3,3,3,3,3,3,3,3,3,4,2,1.0,,,,0,0,,,,,2.0,1,,2.0,1.0,2.0,2.0,3.0,2.0,5.0,4.0,4.0,8.0,0.0,2.0,2.0,0.0,0.0,0.0,2.0,0.0,2.0,0.0,0.0,0.0,0.0,0.0,0.0,2.0,2.0,4.0,0.0,0.0,0.0,0.0,0.0,0.0,1.0,2.0,1.0,#NULL!,#NULL!,#NULL!,#NULL!,#NULL!,#NULL!,1000,2000,1.0,,1.0,1.0,1.0,2.0,1.0,1.0,6.0,6.0,7.0,7.0,2.0,2.0,2.0,2.0,2.0,2.0,2.0,2.0,2.0,9.0,3.0,1.0,2.0,3.0,
11,5,4.0,16,J,9.0,,18,,SUKAN TAEKWONDO,4,4,2,2,2,2,2,2,3,3,4,4,4,2,1.0,,,,0,0,,,,,1.0,1,,1.0,2.0,2.0,1.0,4.0,1.0,5.0,3.0,0.0,3.0,0.0,0.0,0.0,0.0,0.0,0.0,0.0,0.0,0.0,3.0,0.0,3.0,0.0,0.0,0.0,0.0,0.0,0.0,0.0,0.0,0.0,0.0,0.0,0.0,2.0,1.0,8.0,#NULL!,#NULL!,#NULL!,#NULL!,#NULL!,#NULL!,#NULL!,#NULL!,2.0,TIDAK BERMI,6.0,6.0,3.0,3.0,3.0,3.0,6.0,6.0,7.0,7.0,2.0,2.0,2.0,2.0,2.0,1.0,1.0,2.0,1.0,2.0,3.0,2.0,1.0,5.0,
11,5,3.0,1,A,1.0,,4,,MEMBEKALKAN KAYU KAYAN,3,3,3,2,3,3,3,2,3,3,3,3,4,2,1.0,,,,0,0,,,,,2.0,1,,2.0,2.0,2.0,2.0,7.0,2.0,9.0,3.0,1.0,4.0,1.0,1.0,2.0,0.0,0.0,0.0,2.0,0.0,2.0,0.0,0.0,0.0,0.0,0.0,0.0,0.0,0.0,0.0,0.0,0.0,0.0,0.0,0.0,0.0,1.0,3.0,8.0,#NULL!,#NULL!,#NULL!,#NULL!,#NULL!,#NULL!,1000,1600,2.0,MAHU CUTI S,6.0,6.0,1.0,2.0,3.0,3.0,6.0,6.0,7.0,7.0,2.0,1.0,1.0,1.0,2.0,2.0,2.0,2.0,2.0,9.0,3.0,1.0,2.0,1.0,
11,5,4.0,25,E,1.0,,18,PELANCONGAN,TRAVELS & TOURS,3,3,3,3,3,3,3,3,3,3,4,3,1,1,,,,,0,0,,,,,2.0,1,,1.0,2.0,2.0,2.0,1.0,3.0,4.0,2.0,7.0,9.0,1.0,3.0,4.0,0.0,0.0,0.0,0.0,0.0,0.0,0.0,1.0,1.0,0.0,0.0,0.0,1.0,3.0,4.0,0.0,0.0,0.0,0.0,0.0,0.0,2.0,2.0,8.0,1000,2500,#NULL!,#NULL!,1000,1500,1000,1500,2.0,TIDAK BERMI,1.0,1.0,1.0,2.0,3.0,3.0,2.0,6.0,7.0,7.0,2.0,3.0,1.0,1.0,1.0,1.0,1.0,1.0,1.0,9.0,1.0,1.0,2.0,1.0,
11,5,4.0,12,E,1.0,,8,,MEMBEKAL DAN MENJUAL TAYAR BARU DAN TERPAKAI,2,2,2,2,3,3,3,3,3,3,3,3,4,2,1.0,,,,0,0,,,,,2.0,1,,2.0,2.0,2.0,2.0,3.0,0.0,3.0,6.0,0.0,6.0,0.0,0.0,0.0,0.0,0.0,0.0,3.0,0.0,3.0,0.0,0.0,0.0,0.0,0.0,0.0,3.0,0.0,3.0,0.0,0.0,0.0,0.0,0.0,0.0,2.0,2.0,8.0,#NULL!,#NULL!,#NULL!,#NULL!,#NULL!,#NULL!,900,1500,1.0,,6.0,6.0,2.0,2.0,3.0,3.0,6.0,6.0,7.0,7.0,2.0,2.0,2.0,2.0,2.0,3.0,3.0,2.0,2.0,2.0,3.0,1.0,2.0,3.0,
11,5,4.0,25,E,1.0,,8,,BENGKEL MEMBAIKI KENDERAAN DAN CAR WASH,2,2,2,2,3,3,3,3,3,3,4,2,2,2,1.0,,,,0,0,,,,,2.0,1,,1.0,1.0,2.0,2.0,5.0,1.0,6.0,3.0,0.0,3.0,0.0,0.0,0.0,0.0,0.0,0.0,3.0,0.0,3.0,0.0,0.0,0.0,0.0,0.0,0.0,0.0,0.0,0.0,0.0,0.0,0.0,0.0,0.0,0.0,1.0,1.0,1.0,#NULL!,#NULL!,#NULL!,#NULL!,#NULL!,#NULL!,1000,3000,1.0,,6.0,6.0,1.0,2.0,3.0,3.0,6.0,6.0,7.0,7.0,2.0,1.0,1.0,2.0,2.0,1.0,2.0,2.0,1.0,2.0,3.0,1.0,2.0,5.0,
11,5,4.0,13,E,1.0,,7,,PERNIAGAAN BUNDLE,2,2,2,2,3,3,2,2,3,3,4,3,4,1,,,,,0,0,,,,,2.0,1,,2.0,2.0,2.0,2.0,3.0,0.0,3.0,2.0,0.0,2.0,1.0,0.0,1.0,0.0,0.0,0.0,0.0,0.0,0.0,0.0,0.0,0.0,0.0,0.0,0.0,1.0,0.0,1.0,0.0,0.0,0.0,0.0,0.0,0.0,1.0,2.0,1.0,#NULL!,#NULL!,#NULL!,#NULL!,#NULL!,#NULL!,900,1300,1.0,,6.0,6.0,1.0,2.0,3.0,3.0,6.0,6.0,7.0,7.0,2.0,2.0,1.0,2.0,2.0,2.0,3.0,3.0,2.0,3.0,1.0,2.0,3.0,1.0,
11,5,3.0,25,E,1.0,,18,PELANCONGAN,PELANCONGAN/CAFE/HOTEL,2,2,2,3,2,3,2,2,3,3,3,3,2,2,1.0,,,,0,0,,,,,2.0,1,,1.0,1.0,2.0,1.0,5.0,10.0,15.0,0.0,5.0,5.0,0.0,0.0,0.0,0.0,0.0,0.0,0.0,0.0,0.0,0.0,5.0,5.0,0.0,0.0,0.0,0.0,0.0,0.0,0.0,0.0,0.0,0.0,0.0,0.0,3.0,1.0,1.0,1000,3000,1000,3000,1000,3000,1000,3000,2.0,DEMAND TING,2.0,2.0,3.0,3.0,3.0,3.0,6.0,6.0,2.0,2.0,2.0,1.0,1.0,1.0,1.0,1.0,1.0,1.0,1.0,9.0,1.0,3.0,2.0,3.0,
11,5,4.0,25,A,1.0,,2,,TERNAKAN,3,3,3,3,3,3,3,3,3,4,4,4,4,2,1.0,,,,0,0,,,,,2.0,1,,2.0,2.0,2.0,2.0,1.0,0.0,1.0,0.0,0.0,0.0,0.0,0.0,0.0,0.0,0.0,0.0,0.0,0.0,0.0,0.0,0.0,0.0,0.0,0.0,0.0,0.0,0.0,0.0,0.0,0.0,0.0,0.0,0.0,0.0,3.0,2.0,8.0,#NULL!,#NULL!,#NULL!,#NULL!,#NULL!,#NULL!,900,900,1.0,,6.0,6.0,3.0,3.0,3.0,3.0,6.0,6.0,7.0,7.0,2.0,2.0,1.0,2.0,3.0,2.0,2.0,3.0,2.0,9.0,1.0,2.0,3.0,2.0,
11,5,3.0,28,D,1.0,,5,,MESIN AIR KENGEN,3,4,3,3,3,3,3,3,3,3,3,4,4,2,1.0,1.0,,,0,0,,,,,1.0,1,,2.0,2.0,2.0,2.0,0.0,2.0,2.0,0.0,4.0,4.0,0.0,2.0,2.0,0.0,0.0,0.0,0.0,0.0,0.0,0.0,1.0,1.0,0.0,0.0,0.0,0.0,1.0,1.0,0.0,0.0,0.0,0.0,0.0,0.0,2.0,1.0,1.0,#NULL!,#NULL!,700,1100,#NULL!,#NULL!,750,1100,2.0,TIDAK BERMI,2.0,2.0,3.0,3.0,1.0,1.0,6.0,6.0,7.0,7.0,2.0,2.0,2.0,2.0,2.0,2.0,3.0,2.0,2.0,9.0,1.0,2.0,3.0,5.0,
11,5,4.0,26,G,3.0,,13,,ACCOUNTANCY FIRM,3,3,3,2,3,3,3,3,3,3,4,4,4,2,1.0,1.0,,,0,0,,,,,1.0,3,2.0,1.0,1.0,2.0,1.0,2.0,3.0,5.0,4.0,4.0,8.0,0.0,2.0,2.0,2.0,0.0,2.0,0.0,0.0,0.0,2.0,2.0,4.0,0.0,0.0,0.0,0.0,0.0,0.0,0.0,0.0,0.0,0.0,0.0,0.0,1.0,1.0,1.0,1000,3500,#NULL!,#NULL!,#NULL!,#NULL!,1000,2000,1.0,,2.0,2.0,3.0,3.0,3.0,3.0,1.0,6.0,1.0,2.0,2.0,2.0,2.0,2.0,2.0,1.0,1.0,1.0,1.0,1.0,1.0,3.0,2.0,3.0,
11,5,4.0,12,E,2.0,,4,,KEROPOK KEPING,4,4,2,1,2,2,2,4,4,4,4,4,4,1,,,,,0,0,,,,,2.0,1,,1.0,1.0,1.0,1.0,3.0,9.0,12.0,0.0,3.0,3.0,0.0,1.0,1.0,0.0,0.0,0.0,0.0,0.0,0.0,0.0,1.0,1.0,0.0,1.0,1.0,0.0,0.0,0.0,0.0,1.0,1.0,0.0,0.0,0.0,1.0,1.0,1.0,#NULL!,#NULL!,#NULL!,#NULL!,#NULL!,#NULL!,800,2500,1.0,,2.0,2.0,1.0,1.0,3.0,3.0,6.0,6.0,2.0,2.0,3.0,2.0,2.0,2.0,3.0,1.0,1.0,2.0,1.0,7.0,1.0,1.0,2.0,10.0,
11,5,4.0,12,E,2.0,,4,,KEROPOK KEPING,3,3,2,1,2,2,2,3,3,4,4,4,4,2,,,,KEMAHIRAN BUAT KEROPOK,0,0,,,,,2.0,1,,2.0,2.0,2.0,2.0,1.0,5.0,6.0,0.0,0.0,0.0,0.0,0.0,0.0,0.0,0.0,0.0,0.0,0.0,0.0,0.0,0.0,0.0,0.0,0.0,0.0,0.0,0.0,0.0,0.0,0.0,0.0,0.0,0.0,0.0,2.0,2.0,9.0,#NULL!,#NULL!,#NULL!,#NULL!,#NULL!,#NULL!,#NULL!,#NULL!,1.0,,6.0,6.0,3.0,3.0,3.0,3.0,6.0,6.0,7.0,7.0,2.0,2.0,2.0,2.0,2.0,2.0,2.0,2.0,2.0,2.0,1.0,1.0,1.0,1.0,
11,5,4.0,12,E,1.0,,4,,KEROPOK KEPING,3,3,2,1,3,4,4,3,4,4,3,4,3,2,1.0,,,,0,0,,,,,1.0,2,1.0,1.0,1.0,1.0,1.0,2.0,5.0,7.0,2.0,5.0,7.0,0.0,0.0,0.0,0.0,0.0,0.0,0.0,0.0,0.0,0.0,1.0,1.0,0.0,0.0,0.0,2.0,4.0,6.0,0.0,0.0,0.0,0.0,0.0,0.0,1.0,1.0,9.0,#NULL!,#NULL!,#NULL!,#NULL!,#NULL!,#NULL!,700,1000,1.0,,6.0,6.0,3.0,3.0,3.0,3.0,6.0,6.0,7.0,7.0,2.0,1.0,1.0,2.0,2.0,1.0,1.0,2.0,2.0,9.0,1.0,1.0,2.0,6.0,
11,5,4.0,12,F,2.0,,9,,KEDAI MAKAN,4,4,2,1,4,4,4,2,3,3,3,3,4,1,,,,,0,0,,,,,2.0,1,,2.0,2.0,2.0,2.0,2.0,0.0,2.0,2.0,0.0,2.0,0.0,0.0,0.0,0.0,0.0,0.0,0.0,0.0,0.0,0.0,0.0,0.0,0.0,0.0,0.0,2.0,0.0,2.0,0.0,0.0,0.0,0.0,0.0,0.0,2.0,1.0,9.0,#NULL!,#NULL!,#NULL!,#NULL!,#NULL!,#NULL!,1000,1200,1.0,,6.0,6.0,3.0,3.0,3.0,3.0,6.0,6.0,7.0,7.0,3.0,3.0,2.0,2.0,3.0,3.0,2.0,3.0,2.0,9.0,2.0,2.0,2.0,5.0,
11,5,4.0,12,B,1.0,,7,,KEDAI JAHITAN,3,3,2,3,4,3,3,3,3,3,4,3,4,1,,,,,0,0,,,,,1.0,1,,2.0,2.0,2.0,2.0,0.0,2.0,2.0,0.0,1.0,1.0,0.0,1.0,1.0,0.0,0.0,0.0,0.0,0.0,0.0,0.0,0.0,0.0,0.0,0.0,0.0,0.0,0.0,0.0,0.0,0.0,0.0,0.0,0.0,0.0,2.0,1.0,9.0,#NULL!,#NULL!,#NULL!,#NULL!,#NULL!,#NULL!,1000,1000,1.0,,1.0,1.0,1.0,1.0,3.0,3.0,6.0,6.0,7.0,7.0,2.0,2.0,2.0,2.0,2.0,2.0,2.0,2.0,2.0,9.0,1.0,2.0,3.0,3.0,
11,5,3.0,12,B,1.0,,4,,"PAPAN TANDA, NO PLATE DAN BANTING",2,2,2,3,3,3,3,3,3,3,3,3,4,2,1.0,,,,0,0,,,,,2.0,1,,2.0,1.0,2.0,2.0,1.0,8.0,9.0,0.0,7.0,7.0,0.0,0.0,0.0,0.0,0.0,0.0,0.0,7.0,7.0,0.0,0.0,0.0,0.0,0.0,0.0,0.0,0.0,0.0,0.0,0.0,0.0,0.0,0.0,0.0,1.0,3.0,2.0,1200,1500,#NULL!,#NULL!,#NULL!,#NULL!,900,1200,1.0,,6.0,6.0,1.0,1.0,3.0,3.0,6.0,6.0,2.0,2.0,2.0,1.0,1.0,1.0,3.0,1.0,2.0,1.0,1.0,1.0,2.0,3.0,1.0,3.0,
11,5,4.0,13,E,1.0,,7,,BARANGAN RUNCIT,3,2,3,3,3,3,2,3,3,4,2,2,4,1,,,,,0,0,,,,,2.0,1,,2.0,2.0,2.0,2.0,2.0,0.0,2.0,1.0,0.0,1.0,1.0,0.0,1.0,0.0,0.0,0.0,0.0,0.0,0.0,0.0,0.0,0.0,0.0,0.0,0.0,0.0,0.0,0.0,0.0,0.0,0.0,0.0,0.0,0.0,2.0,1.0,1.0,#NULL!,#NULL!,#NULL!,#NULL!,#NULL!,#NULL!,#NULL!,#NULL!,1.0,,2.0,2.0,3.0,3.0,1.0,1.0,6.0,6.0,2.0,2.0,3.0,2.0,2.0,2.0,3.0,2.0,3.0,2.0,2.0,9.0,1.0,2.0,1.0,3.0,
11,5,4.0,12,B,1.0,,4,,JAHIT PAKAIAN,4,4,3,2,4,4,4,3,3,4,4,4,4,1,,,,,0,0,,,,,2.0,1,,2.0,2.0,2.0,2.0,0.0,1.0,1.0,0.0,0.0,0.0,0.0,0.0,0.0,0.0,0.0,0.0,0.0,0.0,0.0,0.0,0.0,0.0,0.0,0.0,0.0,0.0,0.0,0.0,0.0,0.0,0.0,0.0,0.0,0.0,2.0,2.0,9.0,#NULL!,#NULL!,#NULL!,#NULL!,#NULL!,#NULL!,#NULL!,#NULL!,2.0,TIDAK SAMA,6.0,6.0,1.0,1.0,3.0,3.0,6.0,6.0,2.0,2.0,3.0,3.0,3.0,3.0,3.0,3.0,3.0,3.0,3.0,9.0,1.0,1.0,1.0,3.0,
11,5,4.0,18,F,1.0,,9,,MAKANAN DAN MINUMAN,3,4,3,3,3,3,3,3,3,4,4,3,4,2,1.0,,,,0,0,,,,,2.0,1,,2.0,1.0,1.0,1.0,2.0,2.0,4.0,0.0,0.0,0.0,0.0,0.0,0.0,0.0,0.0,0.0,0.0,0.0,0.0,0.0,0.0,0.0,0.0,0.0,0.0,0.0,0.0,0.0,0.0,0.0,0.0,0.0,0.0,0.0,2.0,2.0,8.0,#NULL!,#NULL!,#NULL!,#NULL!,#NULL!,#NULL!,900,1200,1.0,,6.0,6.0,3.0,3.0,3.0,3.0,6.0,6.0,2.0,2.0,2.0,2.0,2.0,2.0,3.0,2.0,2.0,3.0,2.0,9.0,1.0,1.0,1.0,4.0,
11,5,4.0,12,E,1.0,,7,,BARANGAN RUNCIT,3,2,3,3,4,3,3,3,3,3,4,2,4,2,1.0,,,,0,0,,,,,2.0,1,,2.0,2.0,2.0,2.0,3.0,1.0,4.0,0.0,0.0,0.0,0.0,0.0,0.0,0.0,0.0,0.0,0.0,0.0,0.0,0.0,0.0,0.0,0.0,0.0,0.0,0.0,0.0,0.0,0.0,0.0,0.0,0.0,0.0,0.0,2.0,2.0,9.0,#NULL!,#NULL!,#NULL!,#NULL!,#NULL!,#NULL!,900,900,2.0,MEMILIH,6.0,6.0,3.0,3.0,3.0,3.0,6.0,6.0,2.0,2.0,2.0,2.0,2.0,2.0,3.0,2.0,2.0,3.0,2.0,9.0,1.0,1.0,3.0,3.0,
11,5,4.0,12,B,1.0,,4,,KUSYEN,3,3,2,3,4,3,3,3,3,3,3,2,4,2,1.0,,,,0,0,,,,,2.0,1,,2.0,1.0,2.0,2.0,2.0,0.0,2.0,1.0,0.0,1.0,0.0,0.0,0.0,0.0,0.0,0.0,1.0,0.0,1.0,0.0,0.0,0.0,0.0,0.0,0.0,0.0,0.0,0.0,0.0,0.0,0.0,0.0,0.0,0.0,2.0,2.0,8.0,#NULL!,#NULL!,#NULL!,#NULL!,#NULL!,#NULL!,400,400,2.0,TIDAK MAHU,6.0,6.0,2.0,2.0,1.0,1.0,6.0,6.0,2.0,2.0,4.0,3.0,3.0,3.0,2.0,3.0,3.0,3.0,3.0,2.0,1.0,1.0,1.0,8.0,
11,5,4.0,11,B,1.0,,4,,MOZEK,3,4,3,3,3,3,3,3,3,3,3,3,4,2,1.0,,,,0,0,,,,,2.0,1,,2.0,2.0,2.0,2.0,3.0,0.0,3.0,4.0,0.0,4.0,1.0,0.0,1.0,0.0,0.0,0.0,3.0,0.0,3.0,0.0,0.0,0.0,0.0,0.0,0.0,0.0,0.0,0.0,0.0,0.0,0.0,0.0,0.0,0.0,1.0,1.0,8.0,#NULL!,#NULL!,#NULL!,#NULL!,#NULL!,#NULL!,800,1200,1.0,,1.0,1.0,3.0,3.0,3.0,3.0,6.0,6.0,7.0,7.0,2.0,2.0,2.0,2.0,3.0,2.0,2.0,2.0,2.0,2.0,1.0,1.0,3.0,5.0,
11,5,4.0,25,J,1.0,,17,SPA,SPA & BRIDAL,3,3,3,2,4,4,4,3,3,3,3,3,4,2,1.0,,,,0,0,,,,,2.0,1,,1.0,2.0,2.0,2.0,0.0,1.0,1.0,0.0,0.0,0.0,0.0,0.0,0.0,0.0,0.0,0.0,0.0,0.0,0.0,0.0,0.0,0.0,0.0,0.0,0.0,0.0,0.0,0.0,0.0,0.0,0.0,0.0,0.0,0.0,1.0,2.0,9.0,#NULL!,#NULL!,#NULL!,#NULL!,#NULL!,#NULL!,500,500,1.0,,6.0,6.0,1.0,1.0,3.0,3.0,5.0,5.0,2.0,2.0,3.0,3.0,3.0,2.0,2.0,2.0,3.0,2.0,2.0,9.0,1.0,1.0,3.0,3.0,
11,5,4.0,12,E,1.0,,4,,PERNIAGAAN KEROPOK LEKOR,3,1,2,2,3,3,2,2,3,3,2,3,1,1,,,,,0,0,,,,,2.0,1,,2.0,2.0,2.0,2.0,1.0,3.0,4.0,0.0,1.0,1.0,0.0,0.0,0.0,0.0,0.0,0.0,0.0,0.0,0.0,0.0,0.0,0.0,0.0,0.0,0.0,0.0,1.0,1.0,0.0,0.0,0.0,0.0,0.0,0.0,2.0,1.0,8.0,#NULL!,#NULL!,#NULL!,#NULL!,#NULL!,#NULL!,600,1200,2.0,PERLUKAN KE,6.0,6.0,1.0,1.0,1.0,3.0,6.0,6.0,7.0,7.0,2.0,1.0,3.0,2.0,3.0,3.0,2.0,2.0,2.0,2.0,2.0,1.0,2.0,1.0,
12,5,4.0,13,E,2.0,,7,,"BARANG MENTAH SEPERTI BAWANG, UBI KENTANG DLL",3,3,2,2,4,4,4,2,2,2,4,3,3,1,,,,,0,0,,,,,2.0,1,,2.0,2.0,2.0,2.0,0.0,1.0,1.0,0.0,0.0,0.0,0.0,0.0,0.0,0.0,0.0,0.0,0.0,0.0,0.0,0.0,0.0,0.0,0.0,0.0,0.0,0.0,0.0,0.0,0.0,0.0,0.0,0.0,0.0,0.0,2.0,2.0,8.0,#NULL!,#NULL!,#NULL!,#NULL!,#NULL!,#NULL!,#NULL!,#NULL!,2.0,KEKURANGAN DANA,6.0,6.0,3.0,3.0,3.0,3.0,6.0,6.0,7.0,7.0,3.0,3.0,3.0,3.0,3.0,2.0,2.0,2.0,2.0,9.0,3.0,2.0,1.0,8.0,
12,5,4.0,16,J,9.0,,19,WILDLIFE CONSERVATION,"NATURAL RESOURCE MANAGEMENT, ECO-TOURISM AND EDUCATION",2,3,2,3,2,4,4,1,1,1,1,2,2,2,1.0,1.0,1.0,SPONSORSHIP FOR TERTIARY EDUCA,0,0,,,,,2.0,1,,1.0,2.0,2.0,1.0,15.0,11.0,26.0,10.0,7.0,17.0,0.0,0.0,0.0,0.0,0.0,0.0,0.0,0.0,0.0,1.0,5.0,6.0,5.0,1.0,6.0,4.0,1.0,5.0,0.0,0.0,0.0,0.0,0.0,0.0,1.0,1.0,1.0,2200,3500,2200,3700,1300,1700,950,1800,2.0,DIFFICULTY TO GET YOUTH WITH GOOD ATTITUDE AND PASSION,2.0,6.0,3.0,3.0,3.0,3.0,1.0,6.0,6.0,6.0,3.0,3.0,4.0,4.0,3.0,3.0,3.0,4.0,4.0,2.0,3.0,2.0,1.0,4.0,
12,5,1.0,5,A,3.0,,7,,"MAKANAN SEGAR, RUNCIT DAN SEMBELIHAN AYAM",2,1,1,1,3,3,2,2,2,3,3,3,2,1,,,,,0,0,,,,,2.0,1,,2.0,2.0,2.0,2.0,40.0,35.0,75.0,53.0,32.0,85.0,7.0,8.0,15.0,2.0,0.0,2.0,20.0,15.0,35.0,2.0,1.0,3.0,0.0,0.0,0.0,22.0,8.0,30.0,24.0,23.0,47.0,0.0,0.0,0.0,1.0,1.0,1.0,#NULL!,#NULL!,#NULL!,#NULL!,1500,1800,920,1500,1.0,,2.0,1.0,3.0,3.0,3.0,3.0,6.0,6.0,7.0,7.0,3.0,3.0,2.0,2.0,1.0,1.0,1.0,3.0,2.0,9.0,1.0,3.0,2.0,5.0,
12,5,4.0,13,E,1.0,,8,BENGKEL BAIKI KERETA,CAT DAN KETUK KERETA,3,3,2,2,4,4,4,3,3,4,4,4,2,1,,,,,0,0,,,,,1.0,1,,2.0,2.0,2.0,2.0,2.0,0.0,2.0,0.0,0.0,0.0,0.0,0.0,0.0,0.0,0.0,0.0,0.0,0.0,0.0,0.0,0.0,0.0,0.0,0.0,0.0,0.0,0.0,0.0,0.0,0.0,0.0,0.0,0.0,0.0,2.0,2.0,7.0,#NULL!,#NULL!,#NULL!,#NULL!,#NULL!,#NULL!,#NULL!,#NULL!,2.0,BELIA TIDAK MAHU BERKERJA DI TEMPAT INI,6.0,6.0,3.0,2.0,3.0,3.0,6.0,6.0,7.0,3.0,,,,,,,,,,9.0,3.0,1.0,2.0,4.0,
12,5,2.0,4,A,3.0,,1,,PERLADANGAN KELAPA SAWIT,3,3,3,3,1,1,3,3,2,3,3,3,3,2,1.0,,,IN-HOUSE TRAINING,0,0,,,,,1.0,2,2.0,1.0,2.0,1.0,2.0,6.0,24.0,30.0,0.0,16.0,16.0,0.0,2.0,2.0,0.0,1.0,1.0,0.0,0.0,0.0,0.0,1.0,1.0,0.0,0.0,0.0,0.0,12.0,12.0,0.0,0.0,0.0,0.0,0.0,0.0,2.0,2.0,2.0,920,2200,920,2200,920,2200,920,2200,1.0,,3.0,,1.0,,1.0,,1.0,,1.0,,3.0,2.0,4.0,5.0,1.0,2.0,2.0,3.0,3.0,2.0,3.0,2.0,1.0,2.0,
12,5,3.0,15,G,3.0,,14,,LETTING LANDED PROPERTY,3,3,4,3,4,4,4,3,3,4,4,3,4,1,,,,,0,0,,,,,2.0,1,,2.0,2.0,2.0,2.0,0.0,0.0,0.0,0.0,0.0,0.0,0.0,0.0,0.0,0.0,0.0,0.0,0.0,0.0,0.0,0.0,0.0,0.0,0.0,0.0,0.0,0.0,0.0,0.0,0.0,0.0,0.0,0.0,0.0,0.0,2.0,2.0,6.0,1100,1300,1400,1600,1000,1200,920,1000,1.0,,3.0,1.0,3.0,3.0,3.0,3.0,3.0,6.0,1.0,2.0,4.0,4.0,3.0,4.0,3.0,3.0,3.0,4.0,3.0,7.0,1.0,2.0,3.0,3.0,
12,5,2.0,12,A,1.0,,1,PERLADANGAN,KELAPA SAWIT,3,2,2,2,3,3,3,3,3,3,3,3,3,2,1.0,1.0,,,1,0,3.0,,2.0,0.0,1.0,3,1.0,1.0,1.0,1.0,2.0,1660.0,1225.0,2885.0,0.0,0.0,0.0,0.0,0.0,0.0,0.0,0.0,0.0,0.0,0.0,0.0,0.0,0.0,0.0,0.0,0.0,0.0,0.0,0.0,0.0,0.0,0.0,0.0,0.0,0.0,0.0,1.0,2.0,7.0,2000,3000,4000,5000,1500,2000,1000,1500,1.0,,2.0,3.0,2.0,2.0,1.0,1.0,1.0,6.0,1.0,7.0,1.0,2.0,2.0,2.0,2.0,2.0,2.0,2.0,2.0,2.0,2.0,1.0,3.0,5.0,
12,5,4.0,18,F,1.0,,7,,MAKANAN DAN MINUMAN SERTA BARANGAN RUNCIT,3,4,4,3,4,4,4,4,4,4,4,4,4,1,,,,,0,0,,,,,2.0,1,,2.0,2.0,2.0,2.0,1.0,1.0,2.0,1.0,0.0,1.0,0.0,0.0,0.0,0.0,0.0,0.0,0.0,0.0,0.0,0.0,0.0,0.0,0.0,0.0,0.0,1.0,0.0,1.0,0.0,0.0,0.0,0.0,0.0,0.0,2.0,1.0,8.0,#NULL!,#NULL!,#NULL!,#NULL!,#NULL!,#NULL!,300,500,2.0,SYARIKAT KECIL DAN TIDAK PERLU PEKERJA YANG RAMAI,,2.0,,1.0,,3.0,,6.0,,7.0,2.0,2.0,2.0,2.0,2.0,2.0,2.0,2.0,2.0,9.0,1.0,3.0,2.0,2.0,
12,5,4.0,4,J,11.0,PERKONGSIAN,18,,PUSAT TUISYEN MUZIK,2,3,2,2,3,2,3,4,3,2,3,3,4,1,,,,,0,0,,,,,2.0,1,,1.0,1.0,2.0,2.0,0.0,2.0,2.0,0.0,4.0,4.0,0.0,2.0,2.0,0.0,0.0,0.0,0.0,0.0,0.0,0.0,0.0,0.0,0.0,0.0,0.0,0.0,2.0,2.0,0.0,0.0,0.0,0.0,0.0,0.0,2.0,2.0,2.0,#NULL!,#NULL!,#NULL!,#NULL!,#NULL!,#NULL!,920,920,1.0,,,2.0,,1.0,,1.0,,6.0,,6.0,1.0,2.0,2.0,2.0,2.0,2.0,2.0,2.0,2.0,2.0,1.0,2.0,3.0,3.0,
12,5,4.0,18,A,2.0,,2,,IKAN/PERIKANAN,2,3,2,3,4,4,3,3,3,4,3,3,4,2,1.0,,,,0,0,,,,,2.0,1,,2.0,2.0,2.0,2.0,1.0,0.0,1.0,1.0,0.0,1.0,0.0,0.0,0.0,0.0,0.0,0.0,0.0,0.0,0.0,0.0,0.0,0.0,0.0,0.0,0.0,1.0,0.0,1.0,0.0,0.0,0.0,0.0,0.0,0.0,2.0,2.0,8.0,#NULL!,#NULL!,#NULL!,#NULL!,#NULL!,#NULL!,950,1500,1.0,,,6.0,,2.0,,3.0,,6.0,,2.0,2.0,2.0,2.0,3.0,5.0,1.0,2.0,1.0,1.0,7.0,2.0,3.0,1.0,1.0,
12,5,4.0,18,F,2.0,,9,,CATERING,3,3,2,1,2,3,2,2,2,4,4,4,4,1,,,,,0,0,,,,,2.0,1,,2.0,2.0,2.0,2.0,3.0,6.0,9.0,0.0,0.0,0.0,0.0,0.0,0.0,0.0,0.0,0.0,0.0,0.0,0.0,0.0,0.0,0.0,0.0,0.0,0.0,0.0,0.0,0.0,0.0,0.0,0.0,0.0,0.0,0.0,1.0,1.0,9.0,#NULL!,#NULL!,#NULL!,#NULL!,#NULL!,#NULL!,900,1000,1.0,,,6.0,,3.0,,3.0,,6.0,,7.0,3.0,3.0,3.0,3.0,3.0,3.0,3.0,3.0,3.0,9.0,1.0,2.0,3.0,3.0,
12,5,4.0,25,D,1.0,,5,,BAIKPULIH PERALATAN ELEKTRIK,2,2,2,2,3,3,2,2,4,4,4,3,4,1,,,,,0,0,,,,,2.0,1,,2.0,2.0,2.0,2.0,2.0,0.0,2.0,3.0,0.0,3.0,1.0,0.0,1.0,1.0,0.0,1.0,0.0,0.0,0.0,0.0,0.0,0.0,0.0,0.0,0.0,1.0,0.0,1.0,0.0,0.0,0.0,0.0,0.0,0.0,3.0,2.0,1.0,#NULL!,#NULL!,#NULL!,#NULL!,#NULL!,#NULL!,800,1500,2.0,SEBAB TIDAK BOLEH BERTAHAN LAMA UNTUK BEKERJA,2.0,1.0,3.0,3.0,3.0,3.0,5.0,3.0,7.0,7.0,3.0,2.0,2.0,2.0,2.0,2.0,2.0,2.0,2.0,9.0,1.0,3.0,2.0,3.0,
12,5,4.0,12,B,2.0,,9,BAKERY,BAKERY,1,4,1,1,2,2,3,1,2,4,2,2,4,1,,,,,0,0,,,,,2.0,1,,2.0,2.0,2.0,2.0,2.0,2.0,4.0,2.0,0.0,2.0,1.0,0.0,1.0,0.0,0.0,0.0,0.0,0.0,0.0,0.0,0.0,0.0,0.0,0.0,0.0,1.0,0.0,1.0,0.0,0.0,0.0,0.0,0.0,0.0,2.0,1.0,9.0,#NULL!,#NULL!,#NULL!,#NULL!,#NULL!,#NULL!,500,900,1.0,,2.0,1.0,1.0,1.0,3.0,3.0,6.0,6.0,1.0,1.0,3.0,2.0,2.0,2.0,3.0,3.0,3.0,3.0,3.0,2.0,3.0,2.0,1.0,3.0,
12,5,4.0,13,E,2.0,,7,,BARANG MAKANAN,3,3,2,3,1,1,2,1,3,1,1,4,4,1,,,,,0,0,,,,,2.0,1,,2.0,2.0,2.0,2.0,2.0,8.0,10.0,0.0,2.0,2.0,0.0,2.0,2.0,0.0,0.0,0.0,0.0,0.0,0.0,0.0,0.0,0.0,0.0,0.0,0.0,0.0,0.0,0.0,0.0,0.0,0.0,0.0,0.0,0.0,2.0,2.0,9.0,#NULL!,#NULL!,#NULL!,#NULL!,#NULL!,#NULL!,300,500,1.0,,6.0,6.0,3.0,3.0,3.0,3.0,6.0,6.0,2.0,2.0,2.0,2.0,2.0,2.0,2.0,2.0,2.0,2.0,2.0,9.0,1.0,2.0,3.0,9.0,
12,5,4.0,17,I,1.0,,17,,PERUBATAN,1,1,1,3,1,2,1,3,1,1,1,1,1,2,1.0,1.0,,WORK-RELATED PROGRAMME,0,1,,SELF-MOTIVATION PROG,1.0,3.0,2.0,1,,1.0,1.0,2.0,2.0,0.0,3.0,3.0,0.0,2.0,2.0,0.0,0.0,0.0,0.0,1.0,1.0,0.0,0.0,0.0,0.0,1.0,1.0,0.0,0.0,0.0,0.0,0.0,0.0,0.0,0.0,0.0,0.0,0.0,0.0,2.0,2.0,9.0,920,1500,#NULL!,#NULL!,920,1500,#NULL!,#NULL!,1.0,,1.0,1.0,1.0,1.0,1.0,1.0,1.0,6.0,6.0,2.0,1.0,1.0,2.0,2.0,1.0,2.0,2.0,2.0,2.0,9.0,1.0,3.0,2.0,2.0,
12,5,4.0,17,G,4.0,,13,,"FINANCIAL SERVICES, DEPOSIT AND LOANS",2,3,3,2,3,3,3,3,3,3,3,3,3,2,1.0,1.0,,ATTACHMENT IN VARIOUS INTERNAL,0,0,,,,,1.0,1,,2.0,2.0,1.0,2.0,7.0,15.0,22.0,4.0,10.0,14.0,0.0,0.0,0.0,2.0,5.0,7.0,0.0,0.0,0.0,2.0,5.0,7.0,0.0,0.0,0.0,0.0,0.0,0.0,0.0,0.0,0.0,0.0,0.0,0.0,2.0,1.0,1.0,2400,2800,2600,2800,2000,2400,1800,2000,1.0,,2.0,1.0,3.0,3.0,3.0,3.0,1.0,5.0,1.0,1.0,2.0,2.0,2.0,3.0,2.0,3.0,3.0,4.0,3.0,3.0,1.0,2.0,3.0,3.0,
12,5,4.0,1,A,1.0,,7,,CHEMICAL & AGRICULTURAL TOOLS,1,2,1,1,1,1,1,2,3,3,2,3,2,1,,,,,0,0,,,,,2.0,1,,2.0,2.0,2.0,2.0,3.0,1.0,4.0,0.0,0.0,0.0,0.0,0.0,0.0,0.0,0.0,0.0,0.0,0.0,0.0,0.0,0.0,0.0,0.0,0.0,0.0,0.0,0.0,0.0,0.0,0.0,0.0,0.0,0.0,0.0,2.0,2.0,8.0,#NULL!,#NULL!,#NULL!,#NULL!,#NULL!,#NULL!,1000,1000,1.0,,3.0,1.0,2.0,3.0,2.0,3.0,6.0,6.0,2.0,2.0,3.0,2.0,2.0,2.0,4.0,2.0,2.0,3.0,2.0,9.0,3.0,1.0,2.0,5.0,
12,5,4.0,16,J,3.0,,18,PERNIAGAAN PERJUDIAN,LOTERI,3,3,1,1,3,3,3,2,3,2,2,3,3,2,1.0,1.0,,,1,0,3.0,,3.0,3.0,2.0,3,2.0,2.0,2.0,2.0,2.0,0.0,3.0,3.0,0.0,0.0,0.0,0.0,0.0,0.0,0.0,0.0,0.0,0.0,0.0,0.0,0.0,0.0,0.0,0.0,0.0,0.0,0.0,0.0,0.0,0.0,0.0,0.0,0.0,0.0,0.0,2.0,2.0,9.0,#NULL!,#NULL!,#NULL!,#NULL!,#NULL!,#NULL!,920,1500,1.0,,1.0,1.0,1.0,1.0,3.0,3.0,6.0,6.0,7.0,7.0,2.0,2.0,2.0,2.0,2.0,2.0,2.0,2.0,2.0,7.0,1.0,2.0,3.0,7.0,
12,5,3.0,11,E,3.0,,6,,MEMBUAT JALAN RAYA,4,2,2,2,3,3,3,3,3,3,3,4,4,1,,,,,0,0,,,,,1.0,1,,2.0,2.0,2.0,2.0,3.0,13.0,16.0,0.0,0.0,0.0,0.0,0.0,0.0,0.0,0.0,0.0,0.0,0.0,0.0,0.0,0.0,0.0,0.0,0.0,0.0,0.0,0.0,0.0,0.0,0.0,0.0,0.0,0.0,0.0,2.0,1.0,2.0,#NULL!,#NULL!,#NULL!,#NULL!,#NULL!,#NULL!,910,1500,1.0,,1.0,1.0,1.0,1.0,3.0,3.0,6.0,6.0,6.0,6.0,2.0,2.0,2.0,2.0,2.0,2.0,2.0,2.0,2.0,9.0,2.0,3.0,1.0,10.0,
12,5,4.0,25,J,1.0,,17,PERKHIDMATAN DANDANAN RAMBUT,GUNTING DAN DANDANAN RAMBUT,2,2,2,2,2,4,2,2,4,4,4,4,4,2,,1.0,,,0,0,,,,,1.0,1,,1.0,2.0,2.0,2.0,0.0,3.0,3.0,0.0,6.0,6.0,0.0,1.0,1.0,0.0,1.0,1.0,0.0,1.0,1.0,0.0,1.0,1.0,0.0,1.0,1.0,0.0,1.0,1.0,0.0,0.0,0.0,0.0,0.0,0.0,2.0,1.0,1.0,900,2000,#NULL!,#NULL!,900,2000,600,700,2.0,SEBAB KEBANYAKAN BELIA BERHIJRAH KE BANDAR,2.0,1.0,3.0,3.0,3.0,3.0,6.0,6.0,7.0,7.0,2.0,1.0,1.0,2.0,1.0,1.0,2.0,1.0,1.0,2.0,3.0,1.0,2.0,6.0,
12,5,4.0,13,E,2.0,,7,,MEMBEKALKAN BARANGAN ELEKTRIK DAN AKSESORI,2,1,2,2,3,3,2,2,3,1,1,2,4,2,1.0,,,,0,0,,,,,2.0,1,,2.0,2.0,2.0,2.0,2.0,2.0,4.0,0.0,1.0,1.0,0.0,1.0,1.0,0.0,0.0,0.0,0.0,0.0,0.0,0.0,0.0,0.0,0.0,0.0,0.0,0.0,0.0,0.0,0.0,0.0,0.0,1.0,0.0,1.0,2.0,2.0,2.0,1000,1800,#NULL!,#NULL!,1200,1400,900,1200,2.0,BELIA TIDAK KOMITED DENGAN KERJA DAN TIDAK FLEKSIBEL,2.0,1.0,3.0,3.0,2.0,2.0,1.0,5.0,7.0,7.0,2.0,2.0,1.0,2.0,2.0,1.0,1.0,2.0,1.0,9.0,1.0,2.0,3.0,3.0,
12,5,4.0,25,J,1.0,,17,PERKHIDMATAN KESIHATAN DAN KEC,"REFLEXOLOGY, FACIAL & MANDI WAP",1,3,1,2,1,2,4,3,3,1,2,3,2,2,1.0,,,,0,0,,,,,2.0,1,,2.0,2.0,2.0,2.0,2.0,2.0,4.0,0.0,0.0,0.0,0.0,0.0,0.0,0.0,0.0,0.0,0.0,0.0,0.0,0.0,0.0,0.0,0.0,0.0,0.0,0.0,0.0,0.0,0.0,0.0,0.0,0.0,0.0,0.0,1.0,2.0,7.0,#NULL!,#NULL!,#NULL!,#NULL!,#NULL!,#NULL!,800,1500,2.0,BELIA YANG KURANG KEMAHIRAN DALAM REFLEXOLOGY,,1.0,,3.0,,3.0,,6.0,,7.0,3.0,1.0,1.0,1.0,3.0,1.0,1.0,1.0,1.0,2.0,1.0,3.0,2.0,4.0,
12,5,4.0,18,F,1.0,,9,MENJUAL MAKANAN DAN MINUMAN,MENJUAL MAKANAN DAN MINUMAN,3,2,2,2,2,3,3,3,3,2,3,3,3,1,,,,,0,0,,,,,2.0,1,,2.0,2.0,2.0,2.0,4.0,4.0,8.0,4.0,1.0,5.0,0.0,0.0,0.0,0.0,0.0,0.0,4.0,1.0,5.0,0.0,0.0,0.0,0.0,0.0,0.0,0.0,0.0,0.0,0.0,0.0,0.0,0.0,0.0,0.0,3.0,2.0,8.0,#NULL!,#NULL!,#NULL!,#NULL!,1200,1500,900,1000,1.0,,,2.0,,3.0,,3.0,,6.0,,7.0,3.0,2.0,3.0,3.0,4.0,3.0,2.0,2.0,2.0,7.0,2.0,3.0,1.0,3.0,
12,5,4.0,24,H,3.0,,8,,"TICKETING, INBOUND & OUTBOUND",3,1,2,2,3,4,2,2,4,3,3,3,4,1,,,,,0,0,,,,,1.0,1,,2.0,2.0,2.0,2.0,5.0,5.0,10.0,0.0,2.0,2.0,0.0,1.0,1.0,0.0,1.0,1.0,0.0,0.0,0.0,0.0,0.0,0.0,0.0,0.0,0.0,0.0,0.0,0.0,0.0,0.0,0.0,0.0,0.0,0.0,1.0,1.0,1.0,1500,4000,#NULL!,#NULL!,#NULL!,#NULL!,1200,3500,1.0,,3.0,1.0,3.0,3.0,3.0,3.0,6.0,6.0,7.0,7.0,2.0,2.0,2.0,2.0,2.0,2.0,2.0,2.0,2.0,9.0,1.0,3.0,2.0,5.0,
12,5,4.0,17,G,1.0,,7,"PRINTING, MENAIP SURAT, DLL","PRINTING, MENAIP SURAT, DOKUMEN DLL",3,3,3,2,4,3,4,2,3,3,3,3,3,1,,,,,0,0,,,,,1.0,1,,2.0,2.0,2.0,2.0,0.0,2.0,2.0,0.0,1.0,1.0,0.0,0.0,0.0,0.0,0.0,0.0,0.0,0.0,0.0,0.0,0.0,0.0,0.0,0.0,0.0,0.0,1.0,1.0,0.0,0.0,0.0,0.0,0.0,0.0,2.0,2.0,2.0,#NULL!,#NULL!,#NULL!,#NULL!,#NULL!,#NULL!,400,920,1.0,,2.0,2.0,1.0,1.0,3.0,3.0,6.0,6.0,2.0,2.0,3.0,3.0,1.0,1.0,1.0,2.0,2.0,3.0,2.0,5.0,3.0,2.0,1.0,3.0,
12,5,3.0,4,B,1.0,,4,,"PENAPIS MINYAK, PRODUCT RBDPO, RBDPL, PBDPS, PFAD",1,1,3,1,3,3,3,3,3,3,3,3,3,2,1.0,1.0,1.0,,0,1,1.0,,2.0,4.0,1.0,3,1.0,1.0,1.0,1.0,1.0,48.0,1.0,49.0,6.0,1.0,7.0,0.0,1.0,1.0,0.0,0.0,0.0,0.0,0.0,0.0,0.0,0.0,0.0,6.0,0.0,6.0,0.0,0.0,0.0,0.0,0.0,0.0,0.0,0.0,0.0,2.0,1.0,1.0,2800,3000,#NULL!,#NULL!,950,2700,950,2700,1.0,,2.0,1.0,2.0,2.0,2.0,2.0,1.0,6.0,2.0,2.0,1.0,1.0,1.0,2.0,2.0,1.0,1.0,1.0,1.0,2.0,3.0,2.0,1.0,6.0,
12,5,1.0,4,A,3.0,,1,,PENGELUARAN HASIL SAWIT,1,2,1,3,2,1,2,2,3,3,3,3,2,2,1.0,,,,0,0,,,,,2.0,3,1.0,1.0,2.0,2.0,1.0,20.0,3.0,23.0,7.0,1.0,8.0,1.0,0.0,1.0,1.0,0.0,1.0,3.0,0.0,3.0,1.0,1.0,2.0,0.0,0.0,0.0,1.0,0.0,1.0,1.0,3.0,4.0,0.0,0.0,0.0,2.0,2.0,1.0,2800,5500,2400,4500,1000,3500,920,2000,1.0,,2.0,1.0,3.0,3.0,3.0,3.0,1.0,6.0,2.0,2.0,3.0,3.0,3.0,2.0,2.0,2.0,1.0,3.0,2.0,1.0,1.0,2.0,3.0,5.0,
12,5,2.0,4,A,4.0,,1,,MINYAK KELAPA SAWIT,1,3,3,3,2,1,2,4,3,3,3,4,2,2,1.0,,,,0,1,1.0,,,,1.0,3,2.0,1.0,1.0,1.0,2.0,80.0,54.0,134.0,71.0,16.0,87.0,34.0,7.0,41.0,0.0,0.0,0.0,2.0,1.0,3.0,1.0,0.0,1.0,0.0,1.0,1.0,34.0,7.0,41.0,80.0,54.0,134.0,34.0,7.0,41.0,1.0,1.0,2.0,2800,5500,2400,4500,1000,3500,920,2000,2.0,KURANG BERMINAT KERJA-KERJA LADANG,2.0,1.0,3.0,2.0,1.0,1.0,5.0,6.0,7.0,7.0,2.0,1.0,2.0,3.0,4.0,3.0,3.0,4.0,3.0,6.0,2.0,3.0,1.0,2.0,
12,5,2.0,4,A,1.0,,1,,MINYAK KELAPA SAWIT,2,2,3,2,3,3,2,3,3,3,3,3,4,2,1.0,,,,0,0,,,,,1.0,3,1.0,1.0,1.0,1.0,2.0,840.0,547.0,1387.0,0.0,0.0,0.0,0.0,0.0,0.0,0.0,0.0,0.0,0.0,0.0,0.0,0.0,0.0,0.0,0.0,0.0,0.0,0.0,0.0,0.0,0.0,0.0,0.0,0.0,0.0,0.0,1.0,1.0,9.0,#NULL!,#NULL!,#NULL!,#NULL!,#NULL!,#NULL!,920,920,1.0,,3.0,6.0,3.0,3.0,3.0,3.0,1.0,6.0,1.0,2.0,2.0,2.0,2.0,3.0,2.0,3.0,2.0,2.0,2.0,7.0,3.0,2.0,1.0,5.0,
12,5,4.0,12,C,11.0,PARTNERSHIP,5,SERVICE AIRCOND & ACCESSORIES,AIRCOND,3,3,3,2,2,2,3,3,3,4,3,4,4,1,,,,,0,0,,,,,2.0,1,,2.0,2.0,2.0,2.0,2.0,1.0,3.0,2.0,2.0,4.0,0.0,1.0,1.0,1.0,0.0,1.0,0.0,0.0,0.0,0.0,0.0,0.0,0.0,0.0,0.0,1.0,1.0,2.0,0.0,0.0,0.0,0.0,0.0,0.0,2.0,2.0,1.0,#NULL!,#NULL!,#NULL!,#NULL!,#NULL!,#NULL!,920,1800,1.0,,6.0,6.0,3.0,3.0,3.0,3.0,5.0,5.0,7.0,7.0,1.0,1.0,1.0,1.0,1.0,1.0,1.0,1.0,1.0,1.0,3.0,2.0,1.0,6.0,
12,5,4.0,12,F,3.0,,8,COURIER SERVICE,DOCUMENT & PARCEL COURIER TO ALL OVER MALAYSIA AND SELECTED OTHER COUNTRY,1,4,4,3,3,3,4,4,4,1,1,4,4,1,,,,,0,0,,,,,1.0,3,1.0,2.0,2.0,2.0,2.0,10.0,3.0,13.0,12.0,4.0,16.0,0.0,2.0,2.0,5.0,2.0,7.0,0.0,0.0,0.0,0.0,0.0,0.0,2.0,0.0,2.0,5.0,0.0,5.0,0.0,0.0,0.0,0.0,0.0,0.0,2.0,2.0,8.0,#NULL!,#NULL!,#NULL!,#NULL!,#NULL!,#NULL!,#NULL!,#NULL!,1.0,,2.0,,3.0,,3.0,,6.0,,7.0,,2.0,2.0,2.0,2.0,2.0,1.0,1.0,2.0,1.0,1.0,1.0,2.0,3.0,5.0,
12,5,4.0,18,F,2.0,,9,,MENJUAL MAKANAN (SATE),1,4,4,2,2,4,1,3,3,3,2,1,3,1,,,,,0,0,,,,,2.0,1,,2.0,2.0,2.0,2.0,5.0,2.0,7.0,2.0,1.0,3.0,0.0,0.0,0.0,2.0,1.0,3.0,0.0,0.0,0.0,0.0,0.0,0.0,0.0,0.0,0.0,0.0,0.0,0.0,0.0,0.0,0.0,0.0,0.0,0.0,2.0,1.0,1.0,#NULL!,#NULL!,#NULL!,#NULL!,#NULL!,#NULL!,920,1400,1.0,,2.0,1.0,1.0,1.0,2.0,2.0,6.0,6.0,2.0,2.0,,,,,,1.0,3.0,,,6.0,2.0,3.0,1.0,6.0,
12,5,4.0,4,A,3.0,,8,,PENGANGKUTAN KAYU BALAK,2,2,3,3,3,3,3,2,2,2,2,2,2,2,1.0,1.0,1.0,,0,0,,,,,1.0,1,,1.0,2.0,1.0,2.0,101.0,3.0,104.0,61.0,0.0,61.0,3.0,0.0,3.0,1.0,0.0,1.0,25.0,0.0,25.0,3.0,0.0,3.0,0.0,0.0,0.0,29.0,0.0,29.0,9.0,0.0,9.0,0.0,0.0,0.0,1.0,1.0,1.0,#NULL!,#NULL!,#NULL!,#NULL!,#NULL!,#NULL!,1500,4500,1.0,,3.0,2.0,2.0,2.0,3.0,3.0,1.0,6.0,1.0,2.0,2.0,2.0,2.0,2.0,2.0,2.0,2.0,2.0,2.0,1.0,2.0,3.0,1.0,6.0,
12,5,4.0,12,J,2.0,,8,,SERVICE FUEL PUMP,3,3,1,3,1,2,2,1,1,1,1,3,1,2,1.0,,,,0,0,,,,,1.0,1,,2.0,2.0,2.0,2.0,2.0,1.0,3.0,1.0,0.0,1.0,0.0,0.0,0.0,0.0,0.0,0.0,0.0,0.0,0.0,0.0,0.0,0.0,0.0,0.0,0.0,1.0,0.0,1.0,0.0,0.0,0.0,0.0,0.0,0.0,2.0,2.0,9.0,#NULL!,#NULL!,#NULL!,#NULL!,#NULL!,#NULL!,920,1000,1.0,,1.0,1.0,2.0,2.0,1.0,1.0,6.0,6.0,6.0,6.0,2.0,2.0,2.0,2.0,3.0,2.0,2.0,2.0,2.0,2.0,2.0,1.0,3.0,4.0,
12,5,4.0,24,C,1.0,,6,,HARDWARE CONSTRUCTION,2,2,1,2,2,2,2,3,2,3,3,3,4,1,,,,,0,0,,,,,2.0,1,,2.0,2.0,2.0,2.0,10.0,8.0,18.0,3.0,2.0,5.0,0.0,0.0,0.0,0.0,0.0,0.0,3.0,2.0,5.0,0.0,0.0,0.0,0.0,0.0,0.0,0.0,0.0,0.0,0.0,0.0,0.0,0.0,0.0,0.0,2.0,3.0,2.0,#NULL!,#NULL!,#NULL!,#NULL!,#NULL!,#NULL!,920,3500,1.0,,3.0,1.0,2.0,2.0,2.0,2.0,5.0,6.0,3.0,2.0,3.0,4.0,4.0,3.0,3.0,4.0,4.0,5.0,4.0,2.0,2.0,3.0,1.0,3.0,
12,5,3.0,2,A,2.0,,2,,PERALATAN MEMANCING,2,2,1,2,4,4,2,2,2,1,1,1,1,1,,,,,0,0,,,,,2.0,1,,1.0,2.0,2.0,2.0,1.0,1.0,2.0,0.0,1.0,1.0,0.0,0.0,0.0,0.0,0.0,0.0,0.0,1.0,1.0,0.0,0.0,0.0,0.0,0.0,0.0,0.0,0.0,0.0,0.0,0.0,0.0,0.0,0.0,0.0,3.0,2.0,8.0,#NULL!,#NULL!,#NULL!,#NULL!,#NULL!,#NULL!,920,1200,1.0,,,2.0,,1.0,,3.0,,6.0,,7.0,2.0,2.0,2.0,2.0,2.0,2.0,2.0,2.0,2.0,3.0,1.0,2.0,3.0,12.0,UNTUK MENCARI REZEKI
12,5,4.0,12,B,2.0,,7,,CUSTOM MADE DRESS,2,1,1,2,2,3,1,2,3,4,4,3,2,2,1.0,,,,0,0,,,,,2.0,1,,2.0,2.0,2.0,2.0,0.0,1.0,1.0,0.0,1.0,1.0,0.0,0.0,0.0,0.0,0.0,0.0,0.0,1.0,1.0,0.0,0.0,0.0,0.0,0.0,0.0,0.0,0.0,0.0,0.0,0.0,0.0,0.0,0.0,0.0,2.0,2.0,8.0,#NULL!,#NULL!,#NULL!,#NULL!,#NULL!,#NULL!,920,920,1.0,,2.0,2.0,1.0,1.0,1.0,1.0,6.0,6.0,2.0,2.0,3.0,4.0,3.0,4.0,5.0,2.0,2.0,3.0,3.0,9.0,3.0,1.0,2.0,1.0,
12,5,3.0,15,G,3.0,,14,,PROPERTY DEVELOPMENT,2,2,1,2,2,3,2,2,2,2,2,2,2,1,,,,,0,0,,,,,2.0,1,,1.0,2.0,2.0,2.0,3.0,4.0,7.0,0.0,1.0,1.0,0.0,1.0,1.0,0.0,0.0,0.0,0.0,0.0,0.0,0.0,0.0,0.0,0.0,0.0,0.0,0.0,0.0,0.0,0.0,0.0,0.0,0.0,0.0,0.0,2.0,2.0,1.0,920,3000,920,3000,920,3000,920,3000,1.0,,6.0,6.0,3.0,3.0,3.0,3.0,4.0,6.0,6.0,6.0,3.0,3.0,2.0,2.0,2.0,3.0,3.0,3.0,3.0,7.0,1.0,3.0,2.0,4.0,
12,5,4.0,16,F,1.0,,11,,SERVING INTERNET,3,3,3,3,3,3,3,3,3,3,3,3,3,2,1.0,,,,0,0,,,,,2.0,1,,2.0,2.0,2.0,1.0,2.0,3.0,5.0,2.0,3.0,5.0,0.0,0.0,0.0,0.0,0.0,0.0,0.0,0.0,0.0,0.0,0.0,0.0,0.0,0.0,0.0,2.0,3.0,5.0,0.0,0.0,0.0,0.0,0.0,0.0,2.0,2.0,9.0,#NULL!,#NULL!,#NULL!,#NULL!,#NULL!,#NULL!,600,1100,1.0,,2.0,,3.0,,3.0,,6.0,,6.0,,3.0,3.0,3.0,3.0,3.0,3.0,3.0,3.0,3.0,9.0,2.0,1.0,3.0,10.0,
12,5,4.0,25,J,1.0,,1,,KELAPA SAWIT,4,3,2,2,2,2,2,2,4,4,4,4,2,1,,,,,0,0,,,,,2.0,3,,2.0,2.0,2.0,2.0,2.0,1.0,3.0,0.0,0.0,0.0,0.0,0.0,0.0,0.0,0.0,0.0,0.0,0.0,0.0,0.0,0.0,0.0,0.0,0.0,0.0,0.0,0.0,0.0,2.0,1.0,3.0,0.0,0.0,0.0,2.0,2.0,5.0,#NULL!,#NULL!,#NULL!,#NULL!,#NULL!,#NULL!,#NULL!,#NULL!,1.0,,,6.0,,3.0,,3.0,,,,7.0,3.0,1.0,2.0,2.0,4.0,2.0,1.0,4.0,3.0,7.0,3.0,2.0,1.0,5.0,
12,5,4.0,12,D,1.0,,5,,"REWINDING, WIRING, SUPPLY ACDC PART",3,3,3,3,3,3,3,3,4,4,4,2,3,2,1.0,,,,0,0,,,,,2.0,1,,2.0,2.0,2.0,2.0,7.0,1.0,8.0,7.0,1.0,8.0,0.0,1.0,1.0,3.0,0.0,3.0,4.0,0.0,4.0,0.0,0.0,0.0,0.0,0.0,0.0,0.0,0.0,0.0,0.0,0.0,0.0,0.0,0.0,0.0,1.0,1.0,8.0,#NULL!,#NULL!,1500,1500,1100,1100,950,950,1.0,,1.0,1.0,2.0,2.0,3.0,3.0,6.0,6.0,7.0,7.0,3.0,3.0,3.0,3.0,3.0,3.0,3.0,3.0,3.0,6.0,3.0,1.0,2.0,2.0,
12,5,4.0,13,E,6.0,,6,for excavator & spare parts pu,REPAIR AND SERVICING EXCAVATOR,4,4,2,3,3,3,3,4,3,3,3,4,4,2,1.0,,,,0,0,,,,,2.0,1,,1.0,2.0,2.0,2.0,7.0,2.0,9.0,1.0,1.0,2.0,0.0,1.0,1.0,1.0,0.0,1.0,0.0,0.0,0.0,0.0,0.0,0.0,0.0,0.0,0.0,0.0,0.0,0.0,0.0,0.0,0.0,0.0,0.0,0.0,2.0,2.0,1.0,#NULL!,#NULL!,#NULL!,#NULL!,1000,1200,900,1100,1.0,,6.0,6.0,3.0,3.0,3.0,3.0,3.0,3.0,6.0,6.0,3.0,3.0,3.0,3.0,3.0,3.0,3.0,3.0,3.0,9.0,1.0,2.0,3.0,3.0,
12,5,3.0,13,E,11.0,PEMILIK ATAU PERKONGSIAN,11,,PENJUALAN DAN SERVIS BERKAITAN KOMPUTER,3,3,1,1,1,1,3,2,3,3,3,3,4,2,1.0,,,,0,0,,,,,2.0,1,,2.0,2.0,2.0,2.0,5.0,3.0,8.0,2.0,0.0,2.0,0.0,0.0,0.0,0.0,0.0,0.0,0.0,0.0,0.0,0.0,0.0,0.0,0.0,0.0,0.0,2.0,0.0,2.0,0.0,0.0,0.0,0.0,0.0,0.0,2.0,2.0,2.0,#NULL!,#NULL!,#NULL!,#NULL!,#NULL!,#NULL!,920,1500,1.0,,3.0,2.0,2.0,2.0,1.0,1.0,1.0,6.0,3.0,2.0,3.0,2.0,3.0,3.0,2.0,2.0,2.0,2.0,3.0,5.0,2.0,1.0,3.0,3.0,
12,5,4.0,13,E,1.0,,7,,MENJUAL UBAT-UBATAN,2,1,3,2,2,3,3,1,1,3,3,3,1,2,1.0,,,,0,0,,,,,2.0,1,,2.0,2.0,2.0,2.0,0.0,1.0,1.0,0.0,1.0,1.0,0.0,0.0,0.0,0.0,0.0,0.0,0.0,0.0,0.0,0.0,0.0,0.0,0.0,0.0,0.0,0.0,1.0,1.0,0.0,0.0,0.0,0.0,0.0,0.0,2.0,1.0,9.0,#NULL!,#NULL!,#NULL!,#NULL!,#NULL!,#NULL!,920,1200,1.0,,2.0,2.0,3.0,3.0,1.0,1.0,6.0,6.0,7.0,7.0,2.0,2.0,2.0,2.0,4.0,2.0,2.0,2.0,2.0,9.0,2.0,3.0,1.0,1.0,
12,5,1.0,12,B,3.0,,4,,PLYWOOD,2,1,1,3,1,2,1,3,2,1,3,3,1,1,,,,,0,0,,,,,1.0,3,2.0,1.0,1.0,1.0,2.0,0.0,0.0,0.0,0.0,0.0,0.0,0.0,0.0,0.0,0.0,0.0,0.0,0.0,0.0,0.0,0.0,0.0,0.0,0.0,0.0,0.0,0.0,0.0,0.0,0.0,0.0,0.0,0.0,0.0,0.0,3.0,3.0,1.0,1200,#NULL!,1500,#NULL!,1000,#NULL!,920,#NULL!,2.0,NO SUITABLE CANDIDATE,6.0,,3.0,,3.0,,,,6.0,,2.0,2.0,2.0,2.0,2.0,1.0,2.0,1.0,1.0,2.0,2.0,3.0,1.0,1.0,
12,5,,23,I,7.0,,14,,VALNATION & PROPERTY SERVICES,2,4,2,3,3,4,4,4,3,2,1,4,3,1,,,,,0,0,,,,,1.0,1,,1.0,1.0,1.0,2.0,9.0,9.0,18.0,2.0,1.0,3.0,0.0,0.0,0.0,0.0,0.0,0.0,0.0,0.0,0.0,1.0,0.0,1.0,1.0,1.0,2.0,0.0,0.0,0.0,0.0,0.0,0.0,0.0,0.0,0.0,2.0,2.0,4.0,2051.54,5156.29,2052.54,5156.29,1684.16,3596.43,937,2557,1.0,,1.0,1.0,3.0,3.0,3.0,3.0,3.0,5.0,6.0,2.0,2.0,2.0,3.0,2.0,2.0,3.0,3.0,4.0,2.0,9.0,1.0,2.0,3.0,3.0,
12,5,2.0,13,D,11.0,CAWANGAN,7,,MENJUAL AIS BATU,1,1,1,1,3,3,1,1,2,4,4,2,4,2,1.0,1.0,,,0,0,,,,,1.0,1,,2.0,2.0,2.0,2.0,30.0,1.0,31.0,22.0,1.0,23.0,0.0,1.0,1.0,0.0,0.0,0.0,22.0,0.0,22.0,0.0,0.0,0.0,0.0,0.0,0.0,0.0,0.0,0.0,0.0,0.0,0.0,0.0,0.0,0.0,2.0,2.0,8.0,#NULL!,#NULL!,#NULL!,#NULL!,#NULL!,#NULL!,910,1500,1.0,,3.0,3.0,1.0,2.0,3.0,3.0,6.0,6.0,7.0,7.0,2.0,2.0,1.0,2.0,2.0,1.0,1.0,1.0,1.0,7.0,1.0,2.0,3.0,3.0,
12,5,3.0,18,F,1.0,,9,,MENYEDIAKAN MAKANAN DAN MINUMAN,1,2,1,1,2,2,1,1,1,2,4,1,1,2,1.0,,,,0,0,,,,,2.0,1,,2.0,2.0,2.0,2.0,5.0,0.0,5.0,,0.0,,,0.0,,0.0,0.0,0.0,0.0,0.0,0.0,0.0,0.0,0.0,0.0,0.0,0.0,5.0,0.0,5.0,0.0,0.0,0.0,0.0,0.0,0.0,3.0,1.0,8.0,#NULL!,#NULL!,#NULL!,#NULL!,#NULL!,#NULL!,1200,#NULL!,1.0,,2.0,2.0,3.0,3.0,3.0,3.0,6.0,6.0,7.0,7.0,3.0,2.0,1.0,1.0,3.0,1.0,1.0,1.0,1.0,7.0,1.0,3.0,2.0,5.0,
12,5,4.0,18,F,1.0,,9,,MENYEDIAKAN MAKANAN DAN MINUMAN,2,3,1,1,1,3,3,3,2,3,3,2,1,1,,,,,0,0,,,,,2.0,1,,2.0,2.0,2.0,2.0,0.0,2.0,2.0,0.0,0.0,0.0,0.0,0.0,0.0,0.0,0.0,0.0,0.0,0.0,0.0,0.0,0.0,0.0,0.0,0.0,0.0,0.0,0.0,0.0,0.0,2.0,2.0,0.0,0.0,0.0,2.0,2.0,2.0,#NULL!,#NULL!,#NULL!,#NULL!,#NULL!,#NULL!,920,920,1.0,,6.0,6.0,3.0,3.0,3.0,3.0,6.0,6.0,7.0,7.0,3.0,3.0,2.0,3.0,3.0,2.0,2.0,3.0,2.0,9.0,2.0,3.0,1.0,6.0,
12,5,4.0,18,F,2.0,,9,,PERNIAGAAN RESTAURAN AIS KRIM,1,1,3,2,3,3,2,2,2,2,3,3,2,2,1.0,,,,0,0,,,,,1.0,1,,2.0,2.0,2.0,2.0,3.0,5.0,8.0,3.0,5.0,8.0,0.0,0.0,0.0,0.0,0.0,0.0,0.0,0.0,0.0,0.0,0.0,0.0,0.0,0.0,0.0,3.0,5.0,8.0,0.0,0.0,0.0,0.0,0.0,0.0,2.0,2.0,8.0,#NULL!,#NULL!,#NULL!,#NULL!,#NULL!,#NULL!,920,#NULL!,1.0,,6.0,6.0,3.0,3.0,3.0,3.0,6.0,6.0,7.0,7.0,3.0,2.0,3.0,2.0,3.0,2.0,2.0,2.0,2.0,9.0,2.0,3.0,1.0,5.0,
12,5,2.0,28,I,4.0,,5,,OPERATION & MAINTENANCE SERVICE,2,2,3,2,2,3,3,4,4,3,3,4,3,2,1.0,,,,0,0,,,,,1.0,3,2.0,1.0,2.0,2.0,2.0,39.0,4.0,43.0,8.0,2.0,10.0,0.0,0.0,0.0,0.0,0.0,0.0,0.0,0.0,0.0,0.0,0.0,0.0,8.0,1.0,9.0,0.0,1.0,1.0,0.0,0.0,0.0,0.0,0.0,0.0,2.0,2.0,2.0,#NULL!,#NULL!,#NULL!,#NULL!,920,#NULL!,#NULL!,#NULL!,2.0,DEMAND HIGH SALARY,3.0,2.0,3.0,3.0,3.0,3.0,5.0,6.0,2.0,2.0,3.0,3.0,3.0,3.0,4.0,3.0,2.0,3.0,3.0,6.0,1.0,3.0,2.0,3.0,
12,5,3.0,4,A,3.0,,2,,PLANTING OF OIL PALM,4,4,2,4,3,3,3,3,3,4,3,2,3,1,,,,,0,0,,,,,2.0,1,,2.0,2.0,2.0,2.0,25.0,5.0,30.0,0.0,0.0,0.0,0.0,0.0,0.0,0.0,0.0,0.0,0.0,0.0,0.0,0.0,0.0,0.0,0.0,0.0,0.0,0.0,0.0,0.0,22.0,4.0,26.0,0.0,0.0,0.0,2.0,2.0,2.0,#NULL!,#NULL!,#NULL!,#NULL!,950,2500,920,2000,1.0,,2.0,2.0,3.0,3.0,3.0,3.0,1.0,6.0,6.0,2.0,3.0,3.0,3.0,3.0,3.0,3.0,2.0,2.0,2.0,7.0,3.0,1.0,2.0,1.0,
12,5,1.0,6,A,3.0,,4,,QUARY OPERATION SUPPLY OF STONE AGGREGATE,2,1,1,2,3,3,1,2,2,1,3,1,4,1,,,,,0,0,,,,,2.0,1,,1.0,1.0,1.0,1.0,41.0,0.0,41.0,41.0,0.0,41.0,0.0,0.0,0.0,6.0,0.0,6.0,35.0,0.0,35.0,0.0,0.0,0.0,0.0,0.0,0.0,0.0,0.0,0.0,0.0,0.0,0.0,0.0,0.0,0.0,2.0,2.0,8.0,#NULL!,#NULL!,#NULL!,#NULL!,#NULL!,#NULL!,#NULL!,#NULL!,1.0,,3.0,3.0,1.0,3.0,3.0,3.0,6.0,6.0,7.0,7.0,3.0,3.0,3.0,4.0,4.0,3.0,3.0,3.0,3.0,9.0,1.0,2.0,3.0,1.0,
12,5,3.0,12,F,1.0,,4,,KILANG AIS,2,2,3,3,3,3,3,3,3,2,3,3,3,2,1.0,,,,0,0,,,,,2.0,1,,1.0,1.0,2.0,2.0,12.0,2.0,14.0,4.0,0.0,4.0,0.0,0.0,0.0,1.0,0.0,1.0,1.0,0.0,1.0,0.0,0.0,0.0,0.0,0.0,0.0,2.0,0.0,2.0,1.0,0.0,1.0,1.0,0.0,1.0,3.0,1.0,8.0,#NULL!,#NULL!,#NULL!,#NULL!,920,1200,920,920,2.0,KESUKARAN MENCARI PEKERJA MAHIR (TECHNICIAN),6.0,6.0,2.0,2.0,3.0,3.0,5.0,6.0,2.0,2.0,3.0,2.0,2.0,2.0,1.0,2.0,2.0,2.0,2.0,9.0,1.0,3.0,2.0,5.0,
12,5,4.0,26,H,2.0,,18,,PHOTOGRAPHY & PRINTING,2,2,4,4,4,4,3,4,4,3,4,4,4,2,1.0,,,,0,0,,,,,1.0,1,,2.0,2.0,2.0,2.0,1.0,4.0,5.0,0.0,5.0,5.0,0.0,1.0,1.0,0.0,2.0,2.0,0.0,0.0,0.0,0.0,1.0,1.0,0.0,1.0,1.0,0.0,0.0,0.0,0.0,0.0,0.0,0.0,0.0,0.0,1.0,1.0,8.0,920,1300,#NULL!,#NULL!,800,1200,#NULL!,#NULL!,1.0,,6.0,,3.0,,3.0,,6.0,,7.0,,2.0,2.0,2.0,2.0,2.0,2.0,2.0,2.0,2.0,9.0,1.0,2.0,3.0,3.0,
12,5,3.0,17,I,1.0,,17,,KLINIK DAN SURGERI,2,1,2,2,3,4,3,3,3,2,2,4,4,2,1.0,,,,0,0,,,,,2.0,1,,2.0,2.0,2.0,2.0,0.0,4.0,4.0,0.0,1.0,1.0,0.0,0.0,0.0,0.0,0.0,0.0,0.0,0.0,0.0,0.0,0.0,0.0,0.0,0.0,0.0,0.0,1.0,1.0,0.0,0.0,0.0,0.0,0.0,0.0,2.0,2.0,9.0,#NULL!,#NULL!,#NULL!,#NULL!,#NULL!,#NULL!,920,#NULL!,1.0,,6.0,6.0,1.0,1.0,3.0,3.0,5.0,6.0,7.0,7.0,2.0,2.0,2.0,1.0,2.0,1.0,1.0,3.0,2.0,7.0,1.0,2.0,3.0,3.0,
12,5,1.0,1,A,3.0,,1,,FOREST MANAGEMENT,3,3,2,3,1,1,3,3,4,3,3,3,2,2,1.0,1.0,,,0,0,,,,,1.0,2,2.0,1.0,1.0,1.0,1.0,10.0,16.0,26.0,3.0,10.0,13.0,1.0,5.0,6.0,0.0,0.0,0.0,0.0,0.0,0.0,2.0,5.0,7.0,0.0,0.0,0.0,0.0,0.0,0.0,0.0,0.0,0.0,0.0,0.0,0.0,1.0,1.0,2.0,1800,2500,#NULL!,#NULL!,1500,2000,#NULL!,#NULL!,2.0,"LACK OF KNOWLEDGE & HANDS-ON EXPERIENCE, POOR IN ENGLISH CONVERSATION AND LACK OF CONFIDENCE",1.0,,3.0,,3.0,,5.0,,1.0,,2.0,2.0,1.0,2.0,3.0,1.0,1.0,1.0,1.0,7.0,1.0,3.0,2.0,3.0,
12,5,3.0,12,B,3.0,,4,,PEMBUATAN PAPAN,1,2,2,3,3,3,3,3,1,3,4,2,2,2,1.0,,,,0,0,,,,,1.0,1,,2.0,2.0,2.0,2.0,50.0,10.0,60.0,20.0,0.0,20.0,0.0,0.0,0.0,0.0,0.0,0.0,0.0,0.0,0.0,0.0,0.0,0.0,0.0,0.0,0.0,20.0,0.0,20.0,1.0,0.0,1.0,0.0,0.0,0.0,2.0,2.0,9.0,#NULL!,#NULL!,#NULL!,#NULL!,#NULL!,#NULL!,920,#NULL!,1.0,,,1.0,,3.0,,3.0,,6.0,,7.0,2.0,1.0,2.0,4.0,2.0,1.0,1.0,2.0,5.0,9.0,2.0,1.0,3.0,3.0,
12,5,4.0,18,F,1.0,,9,,"MENJUAL MAKANAN DAN MINUMAN (KELAPA PUDDING, KELAPA BAKAR, LOKAN BAKAR)",4,4,2,1,4,3,3,2,3,2,2,4,4,1,,,,,0,0,,,,,2.0,1,,2.0,2.0,2.0,2.0,2.0,2.0,4.0,2.0,2.0,4.0,0.0,0.0,0.0,0.0,0.0,0.0,0.0,0.0,0.0,0.0,0.0,0.0,0.0,0.0,0.0,2.0,2.0,4.0,0.0,0.0,0.0,0.0,0.0,0.0,2.0,2.0,8.0,#NULL!,#NULL!,#NULL!,#NULL!,#NULL!,#NULL!,450,900,1.0,,,1.0,,3.0,,2.0,,6.0,,6.0,3.0,2.0,2.0,2.0,3.0,3.0,2.0,3.0,2.0,9.0,2.0,3.0,1.0,12.0,KERJA YANG FLEKSIBEL
12,5,4.0,13,E,1.0,,2,,MENJUAL IKAN,3,3,1,1,3,3,3,2,1,4,4,4,4,1,,,,,0,0,,,,,2.0,1,,2.0,2.0,2.0,2.0,10.0,1.0,11.0,5.0,1.0,6.0,0.0,0.0,0.0,0.0,0.0,0.0,5.0,0.0,5.0,0.0,0.0,0.0,0.0,0.0,0.0,0.0,1.0,1.0,0.0,0.0,0.0,0.0,0.0,0.0,3.0,3.0,9.0,#NULL!,#NULL!,#NULL!,#NULL!,#NULL!,#NULL!,600,600,1.0,,,1.0,,2.0,,2.0,,6.0,,5.0,1.0,3.0,1.0,5.0,4.0,5.0,1.0,4.0,4.0,9.0,3.0,1.0,2.0,3.0,
12,5,4.0,13,E,1.0,,10,,HANDPHONE DAN ACCESSORIES,4,4,1,4,4,4,4,4,4,4,4,4,4,2,1.0,,,,0,0,,,,,2.0,1,,2.0,2.0,2.0,2.0,0.0,1.0,1.0,0.0,1.0,1.0,0.0,0.0,0.0,0.0,0.0,0.0,0.0,0.0,0.0,0.0,0.0,0.0,0.0,0.0,0.0,0.0,1.0,1.0,0.0,0.0,0.0,0.0,0.0,0.0,2.0,1.0,2.0,#NULL!,#NULL!,#NULL!,#NULL!,#NULL!,#NULL!,920,920,1.0,,,1.0,,3.0,,1.0,,6.0,,2.0,3.0,3.0,2.0,2.0,2.0,2.0,2.0,2.0,2.0,3.0,1.0,2.0,3.0,1.0,
12,5,4.0,18,F,2.0,,9,,MAKANAN DAN MINUMAN,1,2,1,2,3,4,4,4,4,3,4,4,4,1,,,,,0,0,,,,,2.0,1,,2.0,2.0,2.0,2.0,2.0,4.0,6.0,1.0,3.0,4.0,0.0,0.0,0.0,1.0,0.0,1.0,0.0,0.0,0.0,0.0,1.0,1.0,0.0,0.0,0.0,0.0,2.0,2.0,0.0,0.0,0.0,0.0,0.0,0.0,2.0,1.0,8.0,1500,2000,#NULL!,#NULL!,#NULL!,#NULL!,900,1500,2.0,TIDAK MEMBERIKAN KOMITMEN,2.0,1.0,2.0,1.0,2.0,1.0,1.0,6.0,6.0,7.0,2.0,2.0,2.0,2.0,2.0,2.0,2.0,2.0,2.0,9.0,1.0,3.0,2.0,12.0,MENCARI PENDAPATAN SAMPINGAN
12,5,4.0,12,B,3.0,,7,PENCETAKAN,PENCETAKAN,4,3,1,3,1,3,2,2,2,3,4,4,4,2,1.0,,,,0,0,,,,,1.0,1,,2.0,2.0,2.0,2.0,3.0,3.0,6.0,1.0,2.0,3.0,0.0,0.0,0.0,0.0,0.0,0.0,0.0,0.0,0.0,0.0,0.0,0.0,0.0,1.0,1.0,1.0,1.0,2.0,0.0,0.0,0.0,0.0,0.0,0.0,2.0,2.0,2.0,#NULL!,#NULL!,#NULL!,#NULL!,920,2400,920,2400,1.0,,1.0,1.0,2.0,1.0,3.0,3.0,6.0,6.0,2.0,2.0,3.0,2.0,1.0,2.0,3.0,4.0,3.0,4.0,3.0,7.0,3.0,2.0,1.0,3.0,
12,5,2.0,25,C,1.0,,15,,GENERATOR,3,4,1,4,3,3,3,3,4,4,4,4,3,1,,,,,0,0,,,,,2.0,1,,2.0,2.0,2.0,2.0,3.0,0.0,3.0,1.0,0.0,1.0,0.0,0.0,0.0,0.0,0.0,0.0,0.0,0.0,0.0,0.0,0.0,0.0,0.0,0.0,0.0,1.0,0.0,1.0,0.0,0.0,0.0,0.0,0.0,0.0,2.0,1.0,9.0,#NULL!,#NULL!,#NULL!,#NULL!,#NULL!,#NULL!,1200,1500,1.0,,,3.0,,2.0,,2.0,,6.0,,2.0,2.0,4.0,3.0,3.0,1.0,2.0,5.0,4.0,3.0,7.0,3.0,1.0,2.0,3.0,
12,5,4.0,25,J,1.0,,17,PERKHIDMATAN SALON,GUNTING RAMBUT,3,4,2,3,1,4,4,3,3,4,3,4,4,1,,,,,0,0,,,,,2.0,1,,2.0,2.0,2.0,2.0,0.0,2.0,2.0,0.0,2.0,2.0,0.0,0.0,0.0,0.0,0.0,0.0,0.0,0.0,0.0,0.0,0.0,0.0,0.0,0.0,0.0,0.0,2.0,2.0,0.0,0.0,0.0,0.0,0.0,0.0,2.0,1.0,1.0,#NULL!,#NULL!,#NULL!,#NULL!,#NULL!,#NULL!,350,800,1.0,,,1.0,,3.0,,3.0,,6.0,,2.0,1.0,3.0,1.0,5.0,5.0,1.0,4.0,4.0,1.0,9.0,2.0,3.0,1.0,5.0,
12,5,4.0,18,F,1.0,,9,,RESTORAN,3,1,1,1,3,4,3,2,3,4,4,2,4,1,,,,,0,0,,,,,2.0,1,,2.0,2.0,2.0,2.0,1.0,4.0,5.0,1.0,2.0,3.0,0.0,0.0,0.0,0.0,0.0,0.0,0.0,0.0,0.0,0.0,0.0,0.0,0.0,0.0,0.0,1.0,2.0,3.0,0.0,0.0,0.0,0.0,0.0,0.0,3.0,2.0,9.0,#NULL!,#NULL!,#NULL!,#NULL!,#NULL!,#NULL!,800,850,1.0,,,2.0,,3.0,,1.0,,6.0,,2.0,5.0,4.0,3.0,2.0,3.0,2.0,1.0,2.0,1.0,9.0,2.0,1.0,3.0,2.0,
12,5,4.0,12,B,1.0,,7,PERKHIDMATAN,"JAHIT KAIN, JUAL BAJU",2,4,4,4,2,3,2,3,2,3,4,4,4,1,,,,,0,0,,,,,2.0,1,,2.0,2.0,2.0,2.0,0.0,2.0,2.0,0.0,0.0,0.0,0.0,0.0,0.0,0.0,0.0,0.0,0.0,0.0,0.0,0.0,0.0,0.0,0.0,0.0,0.0,0.0,0.0,0.0,0.0,0.0,0.0,0.0,0.0,0.0,2.0,2.0,9.0,#NULL!,#NULL!,#NULL!,#NULL!,#NULL!,#NULL!,600,800,1.0,,,3.0,,1.0,,3.0,,6.0,,2.0,5.0,4.0,5.0,5.0,5.0,5.0,4.0,3.0,2.0,9.0,3.0,1.0,2.0,1.0,
12,5,4.0,12,B,3.0,,4,,MENYEDIA DAN MENJUAL PRODUK SERTA MENGAMBIL TEMPAHAN,2,2,2,1,1,4,2,2,2,3,3,4,3,2,1.0,,,,0,0,,,,,2.0,1,,1.0,2.0,2.0,2.0,8.0,15.0,23.0,0.0,0.0,0.0,0.0,0.0,0.0,0.0,0.0,0.0,0.0,0.0,0.0,0.0,0.0,0.0,0.0,0.0,0.0,0.0,0.0,0.0,0.0,0.0,0.0,0.0,0.0,0.0,1.0,1.0,1.0,#NULL!,#NULL!,#NULL!,#NULL!,#NULL!,#NULL!,600,1200,1.0,,6.0,6.0,1.0,1.0,1.0,1.0,6.0,6.0,1.0,1.0,1.0,1.0,1.0,2.0,2.0,2.0,1.0,1.0,1.0,3.0,1.0,2.0,3.0,1.0,
12,5,3.0,12,C,3.0,,4,,SIMEN,4,4,1,1,1,3,3,1,3,2,4,4,4,2,1.0,1.0,,,0,0,,,,,1.0,2,3.0,1.0,2.0,2.0,2.0,0.0,1.0,1.0,0.0,0.0,0.0,0.0,0.0,0.0,0.0,0.0,0.0,0.0,0.0,0.0,0.0,0.0,0.0,0.0,0.0,0.0,0.0,0.0,0.0,0.0,0.0,0.0,0.0,0.0,0.0,2.0,2.0,2.0,#NULL!,#NULL!,#NULL!,#NULL!,#NULL!,#NULL!,1200,1200,2.0,TIADA KOMITMEN,,2.0,,1.0,,3.0,,6.0,,3.0,5.0,5.0,3.0,2.0,2.0,4.0,4.0,4.0,5.0,7.0,1.0,3.0,2.0,2.0,
12,5,3.0,26,H,1.0,,6,,PEMBINAAN,2,1,1,1,2,2,2,2,1,2,1,3,1,2,1.0,,,,1,0,1.0,,4.0,2.0,2.0,1,,1.0,2.0,2.0,1.0,8.0,5.0,13.0,2.0,2.0,4.0,0.0,0.0,0.0,0.0,0.0,0.0,0.0,0.0,0.0,1.0,0.0,1.0,1.0,2.0,3.0,0.0,0.0,0.0,0.0,0.0,0.0,0.0,0.0,0.0,1.0,2.0,9.0,#NULL!,#NULL!,#NULL!,#NULL!,1000,1300,900,1000,1.0,,2.0,1.0,3.0,3.0,3.0,3.0,5.0,6.0,7.0,7.0,2.0,1.0,1.0,1.0,2.0,1.0,1.0,1.0,1.0,8.0,1.0,3.0,2.0,10.0,
12,5,4.0,24,H,3.0,,19,AGENSI PEKERJAAN S/B,MENYEDIAKAN PEKERJAAN PADA YANG MEMERLUKAN,4,4,2,2,2,2,2,4,4,2,4,4,4,1,,,,,0,0,,,,,2.0,1,,2.0,2.0,2.0,2.0,1.0,3.0,4.0,1.0,1.0,2.0,0.0,0.0,0.0,0.0,0.0,0.0,0.0,0.0,0.0,0.0,0.0,0.0,1.0,1.0,2.0,0.0,0.0,0.0,0.0,0.0,0.0,0.0,0.0,0.0,2.0,2.0,9.0,#NULL!,#NULL!,#NULL!,#NULL!,920,920,920,920,1.0,,6.0,6.0,3.0,3.0,3.0,3.0,5.0,5.0,7.0,7.0,2.0,2.0,2.0,2.0,2.0,2.0,2.0,2.0,2.0,9.0,1.0,3.0,2.0,3.0,
12,5,4.0,13,F,1.0,,7,,MENJUAL MAKANAN DAN MINUMAN,3,2,1,1,2,2,1,2,2,3,3,1,2,1,,,,,0,0,,,,,2.0,1,,2.0,2.0,2.0,2.0,0.0,0.0,0.0,0.0,0.0,0.0,0.0,0.0,0.0,0.0,0.0,0.0,0.0,0.0,0.0,0.0,0.0,0.0,0.0,0.0,0.0,0.0,0.0,0.0,0.0,0.0,0.0,0.0,0.0,0.0,2.0,2.0,,#NULL!,#NULL!,#NULL!,#NULL!,#NULL!,#NULL!,#NULL!,#NULL!,1.0,,,,,,,,,,,,3.0,3.0,3.0,3.0,5.0,3.0,2.0,2.0,2.0,9.0,2.0,3.0,1.0,3.0,
12,5,4.0,25,J,1.0,,17,KESIHATAN DAN KECANTIKAN,"FACIAL, SLIMMING",3,1,1,2,3,4,4,3,3,3,2,3,4,2,1.0,,,,0,0,,,,,1.0,1,,1.0,2.0,2.0,2.0,0.0,2.0,2.0,0.0,0.0,0.0,0.0,0.0,0.0,0.0,0.0,0.0,0.0,0.0,0.0,0.0,0.0,0.0,0.0,0.0,0.0,0.0,0.0,0.0,0.0,0.0,0.0,0.0,0.0,0.0,3.0,1.0,2.0,#NULL!,#NULL!,#NULL!,#NULL!,#NULL!,#NULL!,920,2000,2.0,KURANG KEMAHIRAN,2.0,,1.0,,1.0,,6.0,,2.0,,1.0,3.0,1.0,1.0,1.0,1.0,1.0,1.0,1.0,9.0,1.0,3.0,2.0,3.0,
12,5,3.0,26,G,1.0,,19,LEGAL FIRM,LEGAL ADVICE,2,2,2,1,1,1,3,3,3,3,3,3,4,1,,,,,0,0,,,,,2.0,1,,1.0,1.0,2.0,2.0,4.0,8.0,12.0,7.0,10.0,17.0,0.0,0.0,0.0,3.0,8.0,11.0,1.0,0.0,1.0,3.0,2.0,5.0,0.0,0.0,0.0,0.0,0.0,0.0,0.0,0.0,0.0,0.0,0.0,0.0,1.0,1.0,1.0,2000,8000,#NULL!,#NULL!,#NULL!,#NULL!,1000,3000,2.0,CHALLENGING JOB SCOPE,6.0,2.0,2.0,1.0,1.0,3.0,4.0,6.0,1.0,1.0,2.0,3.0,4.0,4.0,2.0,3.0,3.0,3.0,3.0,2.0,1.0,2.0,3.0,6.0,
12,5,4.0,21,E,2.0,,8,,PROVIDE CHARTER SERVICE,3,2,1,2,4,4,4,3,4,4,4,3,4,1,,,,,0,0,,,,,2.0,1,,2.0,2.0,2.0,2.0,0.0,0.0,0.0,0.0,0.0,0.0,0.0,0.0,0.0,0.0,0.0,0.0,0.0,0.0,0.0,0.0,0.0,0.0,0.0,0.0,0.0,0.0,0.0,0.0,0.0,0.0,0.0,0.0,0.0,0.0,2.0,2.0,9.0,#NULL!,#NULL!,#NULL!,#NULL!,#NULL!,#NULL!,#NULL!,#NULL!,1.0,,,3.0,,2.0,,3.0,,6.0,,2.0,5.0,5.0,4.0,5.0,5.0,5.0,4.0,5.0,5.0,9.0,1.0,3.0,2.0,1.0,
12,5,4.0,13,E,2.0,,7,,KAIN,4,3,2,2,1,2,3,4,3,3,4,3,4,2,1.0,,,,0,0,,,,,2.0,1,,2.0,2.0,2.0,2.0,2.0,8.0,10.0,0.0,4.0,4.0,0.0,0.0,0.0,0.0,0.0,0.0,0.0,0.0,0.0,0.0,0.0,0.0,0.0,0.0,0.0,0.0,4.0,4.0,0.0,0.0,0.0,0.0,0.0,0.0,2.0,1.0,2.0,#NULL!,#NULL!,#NULL!,#NULL!,#NULL!,#NULL!,920,#NULL!,2.0,,1.0,3.0,1.0,2.0,3.0,3.0,5.0,6.0,1.0,2.0,3.0,2.0,2.0,3.0,4.0,2.0,2.0,2.0,2.0,9.0,2.0,3.0,1.0,5.0,
12,5,3.0,12,C,1.0,,6,,JENTERA BERAT,4,4,2,2,4,1,3,1,2,3,3,4,4,1,,,,,0,0,,,,,2.0,1,,2.0,2.0,2.0,2.0,3.0,1.0,4.0,0.0,0.0,0.0,0.0,0.0,0.0,0.0,0.0,0.0,0.0,0.0,0.0,0.0,0.0,0.0,0.0,0.0,0.0,0.0,0.0,0.0,0.0,0.0,0.0,0.0,0.0,0.0,3.0,1.0,1.0,#NULL!,#NULL!,#NULL!,#NULL!,#NULL!,#NULL!,800,1400,1.0,,,3.0,,2.0,,2.0,,6.0,,3.0,4.0,5.0,4.0,3.0,4.0,1.0,1.0,1.0,2.0,9.0,3.0,1.0,2.0,2.0,
12,5,4.0,12,C,11.0,STAKE HOLDER,4,,REBUILT TRUCKS,3,2,2,2,3,3,3,3,3,3,3,2,2,2,1.0,1.0,,,0,0,,,,,1.0,1,,1.0,1.0,1.0,1.0,25.0,11.0,36.0,25.0,16.0,41.0,0.0,0.0,0.0,0.0,0.0,0.0,20.0,0.0,20.0,0.0,1.0,1.0,0.0,10.0,10.0,5.0,5.0,10.0,1.0,0.0,1.0,0.0,0.0,0.0,2.0,2.0,1.0,2500,3000,#NULL!,#NULL!,1500,2000,920,1500,2.0,TIADA PENGALAMAN,6.0,6.0,2.0,2.0,3.0,3.0,,6.0,1.0,2.0,3.0,2.0,2.0,3.0,2.0,3.0,3.0,3.0,3.0,2.0,1.0,3.0,2.0,3.0,
12,5,4.0,13,E,1.0,,18,,KRAFTANGAN,3,4,2,1,4,3,3,3,3,3,4,4,4,1,,,,,0,0,,,,,2.0,1,,2.0,2.0,2.0,2.0,0.0,1.0,1.0,0.0,1.0,1.0,0.0,0.0,0.0,0.0,0.0,0.0,0.0,0.0,0.0,0.0,0.0,0.0,0.0,0.0,0.0,0.0,1.0,1.0,0.0,0.0,0.0,0.0,0.0,0.0,1.0,1.0,8.0,#NULL!,#NULL!,#NULL!,#NULL!,#NULL!,#NULL!,900,900,1.0,,,1.0,,1.0,,1.0,,6.0,,2.0,5.0,5.0,4.0,3.0,2.0,3.0,3.0,3.0,2.0,9.0,2.0,3.0,1.0,6.0,
12,5,4.0,18,E,2.0,,1,,"BUAH-BUAHAN, MAKANAN",3,3,4,3,3,4,4,3,4,3,3,3,4,1,,,,,0,0,,,,,2.0,1,,2.0,2.0,2.0,2.0,0.0,1.0,1.0,0.0,0.0,0.0,0.0,0.0,0.0,0.0,0.0,0.0,0.0,0.0,0.0,0.0,0.0,0.0,0.0,0.0,0.0,0.0,0.0,0.0,0.0,0.0,0.0,0.0,0.0,0.0,2.0,2.0,9.0,#NULL!,#NULL!,#NULL!,#NULL!,#NULL!,#NULL!,400,800,1.0,,,1.0,,3.0,,3.0,,6.0,,2.0,5.0,5.0,5.0,5.0,5.0,5.0,4.0,4.0,3.0,9.0,1.0,2.0,3.0,5.0,
12,5,3.0,18,F,1.0,,9,,MAKANAN DAN MINUMAN,4,4,3,3,3,3,3,3,3,4,4,2,4,1,,,,,0,0,,,,,2.0,1,,2.0,2.0,2.0,2.0,2.0,0.0,2.0,2.0,0.0,2.0,0.0,0.0,0.0,0.0,0.0,0.0,0.0,0.0,0.0,0.0,0.0,0.0,0.0,0.0,0.0,2.0,0.0,2.0,0.0,0.0,0.0,0.0,0.0,0.0,1.0,1.0,2.0,#NULL!,#NULL!,#NULL!,#NULL!,#NULL!,#NULL!,750,1000,1.0,,3.0,1.0,2.0,3.0,2.0,3.0,6.0,6.0,2.0,2.0,3.0,3.0,3.0,3.0,3.0,3.0,3.0,3.0,2.0,7.0,1.0,3.0,2.0,6.0,
12,5,4.0,13,E,3.0,,7,,RUNCIT,2,3,3,1,4,4,3,3,3,4,4,4,4,1,,,,,0,0,,,,,2.0,1,,2.0,2.0,2.0,2.0,3.0,5.0,8.0,3.0,5.0,8.0,0.0,0.0,0.0,0.0,0.0,0.0,0.0,0.0,0.0,0.0,0.0,0.0,0.0,1.0,1.0,3.0,4.0,7.0,0.0,0.0,0.0,0.0,0.0,0.0,1.0,2.0,2.0,#NULL!,#NULL!,#NULL!,#NULL!,920,920,920,920,1.0,,,1.0,,3.0,,3.0,,6.0,,2.0,5.0,5.0,4.0,3.0,4.0,3.0,2.0,1.0,1.0,9.0,2.0,3.0,1.0,5.0,
12,5,,23,I,7.0,,15,,"PUNGUTAN CUKAI, LESEN OPERASI DAN MEMBERSIHKAN PEKAN",3,3,3,4,2,2,2,4,3,2,3,3,4,1,,,,,0,0,,,,,2.0,1,,1.0,2.0,2.0,2.0,0.0,0.0,0.0,0.0,0.0,0.0,0.0,0.0,0.0,0.0,0.0,0.0,0.0,0.0,0.0,0.0,0.0,0.0,0.0,0.0,0.0,0.0,0.0,0.0,0.0,0.0,0.0,0.0,0.0,0.0,2.0,1.0,2.0,#NULL!,#NULL!,#NULL!,#NULL!,#NULL!,#NULL!,#NULL!,#NULL!,2.0,KEKANGAN KEWANGAN,2.0,2.0,3.0,3.0,3.0,3.0,1.0,6.0,1.0,2.0,2.0,2.0,3.0,3.0,3.0,3.0,3.0,3.0,2.0,1.0,1.0,3.0,2.0,5.0,
12,5,3.0,26,H,2.0,,7,PRINTING,"PRINTING, DESIGN AND PHOTOCOPY",4,3,3,2,3,4,3,3,3,1,4,4,4,1,,,,,0,0,,,,,2.0,1,,2.0,1.0,2.0,2.0,0.0,2.0,2.0,0.0,2.0,2.0,0.0,0.0,0.0,0.0,2.0,2.0,0.0,0.0,0.0,0.0,0.0,0.0,0.0,0.0,0.0,0.0,0.0,0.0,0.0,0.0,0.0,0.0,0.0,0.0,2.0,2.0,1.0,#NULL!,#NULL!,#NULL!,#NULL!,1500,2000,#NULL!,#NULL!,2.0,BELIA KEBANYAKAN MEMILIH JENIS PEKERJAAN,1.0,,3.0,,3.0,,5.0,,7.0,,2.0,2.0,2.0,2.0,3.0,2.0,2.0,2.0,2.0,2.0,3.0,1.0,2.0,12.0,MINAT YANG MENDALAM
12,5,4.0,25,J,1.0,,17,PERKHIDMATAN SECARA LANGSUNG,PEKKHIDMATAN DANDANAN RAMBUT,1,1,1,1,2,3,3,3,4,3,4,4,4,2,1.0,,,,0,0,,,,,2.0,1,,1.0,2.0,2.0,2.0,1.0,2.0,3.0,1.0,1.0,2.0,0.0,0.0,0.0,1.0,1.0,2.0,0.0,0.0,0.0,0.0,0.0,0.0,0.0,0.0,0.0,0.0,0.0,0.0,0.0,0.0,0.0,0.0,0.0,0.0,2.0,2.0,1.0,#NULL!,#NULL!,#NULL!,#NULL!,1500,3000,#NULL!,#NULL!,1.0,,1.0,,3.0,,3.0,,5.0,,7.0,,3.0,3.0,1.0,2.0,3.0,1.0,1.0,3.0,1.0,2.0,3.0,1.0,2.0,1.0,
12,5,,23,I,7.0,,15,,SEBAGAI BADAN KAWAL SELIA KEPADA SYARIKAT KONSESI YG MENJALNAKAN OPERASI PELABUHAN DI SABAH,3,3,3,3,3,3,3,3,4,3,3,3,4,2,1.0,1.0,,,0,0,,,,,1.0,2,1.0,1.0,1.0,2.0,2.0,15.0,16.0,31.0,2.0,3.0,5.0,0.0,0.0,0.0,0.0,0.0,0.0,0.0,0.0,0.0,0.0,3.0,3.0,2.0,0.0,2.0,0.0,0.0,0.0,0.0,0.0,0.0,0.0,0.0,0.0,1.0,1.0,1.0,2080,9546,1493,5672,2252,4693,1352,4003,1.0,,2.0,1.0,3.0,3.0,3.0,3.0,1.0,6.0,1.0,2.0,2.0,2.0,2.0,2.0,2.0,2.0,2.0,2.0,2.0,7.0,1.0,3.0,2.0,5.0,
12,5,4.0,26,H,11.0,ARCHITECTURE AND DESIGN FIRM,6,ARCHITECTURE AND DESIGN FIRM,ARCHITECTURE AND DESIGN FIRM,3,1,2,3,3,2,2,3,1,3,3,4,1,1,,,,,0,0,,,,,1.0,1,,1.0,2.0,2.0,2.0,2.0,3.0,5.0,0.0,4.0,4.0,0.0,0.0,0.0,0.0,2.0,2.0,0.0,0.0,0.0,0.0,2.0,2.0,0.0,0.0,0.0,0.0,0.0,0.0,1.0,0.0,1.0,0.0,0.0,0.0,2.0,2.0,8.0,2000,2500,#NULL!,#NULL!,#NULL!,#NULL!,#NULL!,#NULL!,1.0,,6.0,,3.0,,3.0,,1.0,,1.0,,1.0,2.0,2.0,2.0,1.0,1.0,2.0,1.0,1.0,2.0,3.0,1.0,2.0,10.0,
12,5,3.0,26,G,11.0,PARTNERSHIP,19,ADVOCATES & SOLICITORS,ADVOCATES & SOLICITORS,4,4,2,2,3,3,4,4,2,1,4,3,4,1,,,,,0,0,,,,,2.0,1,,2.0,2.0,2.0,2.0,2.0,2.0,4.0,1.0,0.0,1.0,0.0,0.0,0.0,0.0,0.0,0.0,0.0,0.0,0.0,1.0,0.0,1.0,0.0,0.0,0.0,0.0,0.0,0.0,0.0,0.0,0.0,0.0,0.0,0.0,2.0,2.0,8.0,1200,1300,#NULL!,#NULL!,#NULL!,#NULL!,#NULL!,#NULL!,1.0,,2.0,,3.0,,3.0,,6.0,,6.0,,2.0,3.0,2.0,2.0,2.0,3.0,3.0,2.0,2.0,9.0,1.0,2.0,3.0,6.0,
12,5,3.0,26,H,1.0,,19,LANSCAPE CONSULTANT SERVICES,"DESIGN, CONSULTANT SERVICES",2,2,2,2,2,3,3,2,2,2,2,3,4,2,1.0,,,,0,0,,,,,2.0,1,,1.0,2.0,2.0,2.0,2.0,5.0,7.0,1.0,2.0,3.0,0.0,0.0,0.0,0.0,0.0,0.0,0.0,0.0,0.0,0.0,1.0,1.0,1.0,1.0,2.0,0.0,0.0,0.0,0.0,0.0,0.0,0.0,0.0,0.0,2.0,2.0,2.0,1250,#NULL!,#NULL!,#NULL!,920,#NULL!,920,#NULL!,1.0,,6.0,6.0,3.0,3.0,3.0,3.0,1.0,6.0,1.0,2.0,2.0,2.0,2.0,2.0,2.0,2.0,2.0,2.0,2.0,1.0,1.0,2.0,3.0,1.0,
12,5,4.0,23,A,2.0,,1,,MENYEDIAKAN LATIHAN DAN JUALAN BERASASKAN PERTANIAN DAN MADU KELULUT,4,1,1,3,2,2,2,1,1,1,2,3,1,2,1.0,1.0,,,0,0,,,,,1.0,1,,1.0,1.0,1.0,1.0,3.0,2.0,5.0,0.0,1.0,1.0,0.0,1.0,1.0,0.0,0.0,0.0,0.0,0.0,0.0,0.0,0.0,0.0,0.0,0.0,0.0,0.0,0.0,0.0,0.0,0.0,0.0,0.0,0.0,0.0,2.0,1.0,1.0,900,1500,900,1200,900,1200,600,1000,1.0,,3.0,1.0,3.0,2.0,3.0,3.0,1.0,6.0,6.0,7.0,2.0,3.0,4.0,3.0,4.0,4.0,3.0,3.0,3.0,9.0,1.0,2.0,3.0,12.0,MINAT DALAM BIDANG TERSEBUT
12,5,4.0,12,E,1.0,,4,,MAKANAN RINGAN (KEROPOK AMPLANG),3,2,2,3,2,2,3,2,4,3,3,3,4,1,,,,,0,0,,,,,2.0,1,,2.0,2.0,2.0,2.0,0.0,3.0,3.0,3.0,3.0,6.0,3.0,0.0,3.0,0.0,0.0,0.0,0.0,3.0,3.0,0.0,0.0,0.0,0.0,0.0,0.0,0.0,0.0,0.0,0.0,0.0,0.0,0.0,0.0,0.0,2.0,1.0,9.0,#NULL!,#NULL!,#NULL!,#NULL!,#NULL!,#NULL!,800,1200,2.0,BELIA TIDAK BERMINAT MUNGKIN TEMPAT KERJA BERADA DI DALAM KAMPUNG,6.0,6.0,3.0,3.0,3.0,3.0,6.0,6.0,7.0,7.0,3.0,2.0,3.0,3.0,3.0,2.0,2.0,2.0,2.0,7.0,2.0,1.0,3.0,10.0,
12,5,2.0,4,A,3.0,,1,,PRODUCING OIL PALM,2,3,2,3,3,2,2,3,2,1,1,1,1,1,,,,,0,0,,,,,1.0,1,,2.0,2.0,1.0,2.0,20.0,15.0,35.0,15.0,3.0,18.0,2.0,1.0,3.0,8.0,1.0,9.0,5.0,1.0,6.0,0.0,0.0,0.0,0.0,0.0,0.0,0.0,0.0,0.0,18.0,14.0,32.0,0.0,0.0,0.0,3.0,2.0,5.0,1500,2500,#NULL!,#NULL!,#NULL!,#NULL!,1200,2000,2.0,WORKERS MOVE AWAY,2.0,3.0,2.0,1.0,1.0,2.0,6.0,6.0,2.0,2.0,2.0,2.0,2.0,4.0,5.0,3.0,2.0,2.0,3.0,3.0,3.0,1.0,2.0,3.0,
12,5,3.0,12,A,3.0,,1,,PALM OIL,2,4,4,4,4,3,2,3,3,3,3,3,3,1,,,,,0,0,,,,,2.0,3,2.0,2.0,1.0,1.0,2.0,,0.0,,0.0,0.0,0.0,0.0,0.0,0.0,0.0,0.0,0.0,0.0,0.0,0.0,0.0,0.0,0.0,0.0,0.0,0.0,0.0,0.0,0.0,0.0,0.0,0.0,0.0,0.0,0.0,3.0,2.0,7.0,#NULL!,#NULL!,#NULL!,#NULL!,#NULL!,#NULL!,#NULL!,#NULL!,1.0,,1.0,1.0,1.0,3.0,1.0,1.0,6.0,1.0,7.0,7.0,3.0,3.0,2.0,2.0,2.0,2.0,2.0,2.0,2.0,1.0,3.0,2.0,1.0,4.0,
12,5,2.0,4,A,2.0,,1,,SAWIT,3,3,2,3,3,2,2,2,3,3,3,3,3,1,,,,,0,0,,,,,2.0,1,,2.0,2.0,2.0,2.0,4.0,0.0,4.0,4.0,0.0,4.0,0.0,0.0,0.0,0.0,0.0,0.0,2.0,0.0,2.0,0.0,0.0,0.0,0.0,0.0,0.0,2.0,0.0,2.0,2.0,0.0,2.0,0.0,0.0,0.0,1.0,2.0,6.0,#NULL!,#NULL!,#NULL!,#NULL!,#NULL!,#NULL!,750,900,1.0,,6.0,2.0,3.0,2.0,3.0,1.0,6.0,6.0,7.0,2.0,3.0,2.0,3.0,4.0,4.0,2.0,3.0,3.0,3.0,9.0,1.0,2.0,3.0,3.0,
12,5,3.0,18,F,2.0,,9,,MAKANAN DAN MINUMAN,3,2,2,2,3,2,3,2,2,2,3,2,3,1,,,,,0,0,,,,,2.0,1,,2.0,2.0,2.0,2.0,0.0,5.0,5.0,0.0,7.0,7.0,0.0,1.0,1.0,0.0,0.0,0.0,0.0,4.0,4.0,0.0,0.0,0.0,0.0,0.0,0.0,0.0,2.0,2.0,0.0,0.0,0.0,0.0,0.0,0.0,2.0,2.0,9.0,#NULL!,#NULL!,#NULL!,#NULL!,#NULL!,#NULL!,500,750,1.0,,6.0,2.0,3.0,1.0,3.0,1.0,6.0,6.0,7.0,2.0,4.0,4.0,3.0,4.0,4.0,3.0,4.0,4.0,4.0,9.0,3.0,1.0,2.0,3.0,
12,5,4.0,15,G,2.0,,6,,KONTRAK BINAAN,3,2,2,2,2,2,2,2,2,3,3,3,2,1,,,,,0,0,,,,,2.0,1,,2.0,2.0,2.0,2.0,6.0,1.0,7.0,6.0,1.0,7.0,1.0,1.0,2.0,1.0,0.0,1.0,4.0,0.0,4.0,0.0,0.0,0.0,0.0,0.0,0.0,0.0,0.0,0.0,4.0,0.0,4.0,0.0,0.0,0.0,2.0,1.0,6.0,#NULL!,#NULL!,#NULL!,#NULL!,#NULL!,#NULL!,750,900,1.0,,6.0,2.0,3.0,2.0,3.0,3.0,5.0,5.0,3.0,7.0,4.0,2.0,3.0,4.0,4.0,3.0,3.0,3.0,3.0,2.0,1.0,3.0,2.0,4.0,
12,5,4.0,18,F,2.0,,18,,SUKAN PERAHU LAYAR,1,2,1,3,1,3,3,3,1,2,1,1,1,1,,,,,0,0,,,,,1.0,1,,2.0,2.0,2.0,2.0,16.0,12.0,28.0,14.0,14.0,28.0,3.0,5.0,8.0,2.0,1.0,3.0,6.0,3.0,9.0,2.0,3.0,5.0,0.0,0.0,0.0,1.0,2.0,3.0,0.0,0.0,0.0,0.0,0.0,0.0,3.0,3.0,8.0,1500,3200,#NULL!,#NULL!,#NULL!,#NULL!,600,950,1.0,,3.0,2.0,2.0,2.0,2.0,2.0,1.0,6.0,3.0,2.0,4.0,4.0,4.0,3.0,4.0,4.0,4.0,4.0,4.0,2.0,3.0,2.0,1.0,3.0,
12,5,1.0,12,C,6.0,,4,,BAJA TUMBUHAN,2,2,2,2,3,3,2,2,2,2,2,3,2,1,,,,,0,0,,,,,1.0,3,2.0,1.0,1.0,1.0,2.0,49.0,1.0,50.0,88.0,0.0,88.0,2.0,0.0,2.0,16.0,0.0,16.0,26.0,0.0,26.0,0.0,0.0,0.0,0.0,0.0,0.0,44.0,0.0,44.0,0.0,0.0,0.0,0.0,0.0,0.0,1.0,1.0,1.0,2500,3500,#NULL!,#NULL!,920,2000,920,2000,1.0,,6.0,6.0,3.0,3.0,3.0,3.0,1.0,5.0,1.0,1.0,2.0,2.0,2.0,2.0,3.0,2.0,2.0,2.0,2.0,1.0,1.0,3.0,2.0,10.0,
12,5,2.0,4,A,3.0,,1,,CRUDE PALM OIL,1,2,3,4,2,2,2,4,4,3,2,4,2,2,1.0,,,,0,0,,,,,1.0,3,1.0,1.0,2.0,1.0,2.0,60.0,27.0,87.0,35.0,12.0,47.0,0.0,0.0,0.0,0.0,0.0,0.0,30.0,10.0,40.0,0.0,0.0,0.0,0.0,0.0,0.0,5.0,2.0,7.0,55.0,25.0,80.0,0.0,0.0,0.0,2.0,1.0,9.0,1200,1500,2500,3000,1000,1200,950,1000,1.0,,3.0,1.0,3.0,3.0,3.0,3.0,1.0,6.0,6.0,7.0,3.0,3.0,3.0,3.0,2.0,3.0,3.0,3.0,3.0,8.0,1.0,3.0,2.0,3.0,
12,5,,23,I,7.0,,17,PERKHIDMATAN VETERINER,PERKHIDMATAN VETERINER -PRODUK BERASASKAN TERNAKAN DAN HAIWAN TERNAKAN,4,4,4,4,2,2,3,3,3,2,2,4,4,2,1.0,,,,0,0,,,,,1.0,1,,1.0,1.0,1.0,1.0,331.0,140.0,471.0,11.0,12.0,23.0,5.0,5.0,10.0,1.0,2.0,3.0,0.0,0.0,0.0,1.0,4.0,5.0,2.0,0.0,2.0,2.0,1.0,3.0,0.0,0.0,0.0,0.0,0.0,0.0,1.0,1.0,2.0,2697,9551,2697,9551,1494,5674,1357,4008,1.0,,1.0,1.0,2.0,2.0,3.0,3.0,1.0,6.0,1.0,2.0,2.0,2.0,3.0,3.0,3.0,2.0,2.0,3.0,3.0,2.0,1.0,2.0,3.0,4.0,
13,5,4.0,13,E,2.0,,7,,KEDAI RUNCIT,4,3,2,2,4,4,4,4,2,2,2,3,4,1,,,,,0,0,,,,,2.0,1,,2.0,2.0,2.0,2.0,,,,,,,,,,,,,,,,,,,,,,,,,,,,,,,,,,#NULL!,#NULL!,#NULL!,#NULL!,#NULL!,#NULL!,#NULL!,#NULL!,,,,,,,,,,,,,,,,,,,,,,,,,,,
13,5,4.0,11,E,1.0,,7,SUPPLY BARANG STATIONERY,SUPPLIER STATIONARY,2,3,2,2,3,3,2,4,3,2,2,3,4,1,,,,,0,0,,,,,2.0,1,,2.0,2.0,2.0,2.0,1.0,1.0,2.0,0.0,0.0,0.0,0.0,0.0,0.0,0.0,0.0,0.0,0.0,0.0,0.0,0.0,0.0,0.0,0.0,0.0,0.0,0.0,0.0,0.0,0.0,0.0,0.0,0.0,0.0,0.0,2.0,2.0,2.0,#NULL!,#NULL!,#NULL!,#NULL!,920,1705,920,1395,1.0,,2.0,2.0,2.0,2.0,3.0,3.0,5.0,5.0,7.0,7.0,2.0,3.0,3.0,3.0,3.0,2.0,3.0,3.0,3.0,2.0,3.0,2.0,1.0,3.0,
13,5,4.0,18,F,1.0,,9,KEDAI MINUMAN,MINUMAN,4,4,3,1,4,4,4,3,3,4,4,3,4,1,,,,,0,0,,,,,2.0,1,,2.0,2.0,2.0,2.0,0.0,1.0,1.0,0.0,0.0,0.0,0.0,0.0,0.0,0.0,0.0,0.0,0.0,0.0,0.0,0.0,0.0,0.0,0.0,0.0,0.0,0.0,0.0,0.0,0.0,0.0,0.0,0.0,0.0,0.0,2.0,2.0,8.0,#NULL!,#NULL!,#NULL!,#NULL!,#NULL!,#NULL!,#NULL!,#NULL!,1.0,,6.0,6.0,3.0,3.0,3.0,3.0,6.0,6.0,5.0,5.0,3.0,3.0,3.0,3.0,3.0,4.0,4.0,3.0,3.0,7.0,2.0,3.0,1.0,3.0,
13,5,4.0,26,G,1.0,,14,,,4,4,1,2,3,4,4,4,4,2,3,4,4,1,,,,,0,0,,,,,2.0,2,1.0,1.0,2.0,2.0,2.0,0.0,3.0,3.0,2.0,0.0,2.0,0.0,0.0,0.0,0.0,0.0,0.0,0.0,0.0,0.0,0.0,0.0,0.0,0.0,0.0,0.0,2.0,0.0,2.0,0.0,0.0,0.0,0.0,0.0,0.0,2.0,2.0,9.0,#NULL!,#NULL!,#NULL!,#NULL!,#NULL!,#NULL!,#NULL!,#NULL!,1.0,,3.0,3.0,1.0,1.0,3.0,3.0,6.0,6.0,7.0,7.0,1.0,1.0,1.0,1.0,1.0,1.0,1.0,1.0,1.0,1.0,1.0,1.0,1.0,6.0,
13,5,3.0,1,A,3.0,,4,TIMBER,TIMBER,4,4,4,4,3,3,4,4,4,4,3,4,4,1,,,,,0,0,,,,,2.0,1,,2.0,2.0,2.0,2.0,12.0,4.0,16.0,10.0,2.0,12.0,0.0,0.0,0.0,1.0,1.0,2.0,4.0,0.0,4.0,1.0,1.0,2.0,0.0,0.0,0.0,4.0,0.0,4.0,0.0,0.0,0.0,0.0,0.0,0.0,2.0,2.0,9.0,1800,2300,#NULL!,#NULL!,#NULL!,#NULL!,920,1000,1.0,,6.0,6.0,1.0,2.0,3.0,3.0,1.0,6.0,7.0,7.0,3.0,3.0,3.0,3.0,3.0,3.0,3.0,3.0,3.0,7.0,2.0,1.0,3.0,3.0,
13,5,4.0,11,F,1.0,,9,,JUAL MAKANAN (MEE),3,3,2,2,4,4,4,4,3,4,4,3,4,1,,,,,0,0,,,,,2.0,1,,2.0,2.0,2.0,2.0,,,,,,,,,,,,,,,,,,,,,,,,,,,,,,,,,,#NULL!,#NULL!,#NULL!,#NULL!,#NULL!,#NULL!,#NULL!,#NULL!,,,,,,,,,,,,,,,,,,,,,,,,,,,
13,5,4.0,18,F,1.0,,9,,JUAL AIR,3,3,2,2,4,4,4,4,3,4,4,3,4,1,,,,,0,0,,,,,2.0,1,,2.0,2.0,2.0,2.0,,,,,,,,,,,,,,,,,,,,,,,,,,,,,,,,,,#NULL!,#NULL!,#NULL!,#NULL!,#NULL!,#NULL!,#NULL!,#NULL!,,,,,,,,,,,,,,,,,,,,,,,,,,,
13,5,4.0,18,F,1.0,,9,,JUAL AIR,3,3,2,2,3,3,3,3,3,4,4,3,4,1,,,,,0,0,,,,,2.0,1,,2.0,2.0,2.0,2.0,0.0,1.0,1.0,0.0,1.0,1.0,0.0,0.0,0.0,0.0,0.0,0.0,0.0,1.0,1.0,0.0,0.0,0.0,0.0,0.0,0.0,0.0,0.0,0.0,0.0,1.0,1.0,0.0,0.0,0.0,2.0,2.0,,#NULL!,#NULL!,#NULL!,#NULL!,#NULL!,#NULL!,800,800,1.0,,,6.0,,3.0,,3.0,,6.0,,7.0,4.0,3.0,3.0,5.0,5.0,2.0,2.0,3.0,3.0,9.0,1.0,3.0,2.0,3.0,
13,5,4.0,25,I,11.0,PERSATUAN,17,AKTIVITI SOSIAL,AKTIVITI SOSIAL,4,4,4,4,4,4,4,4,3,3,3,3,4,1,,,,,0,0,,,,,2.0,1,,2.0,2.0,2.0,2.0,0.0,1.0,1.0,0.0,2.0,2.0,0.0,1.0,1.0,0.0,0.0,0.0,0.0,0.0,0.0,0.0,0.0,0.0,0.0,0.0,0.0,0.0,1.0,1.0,0.0,0.0,0.0,0.0,0.0,0.0,2.0,2.0,8.0,#NULL!,#NULL!,#NULL!,#NULL!,#NULL!,#NULL!,920,920,1.0,,2.0,2.0,3.0,3.0,3.0,3.0,6.0,6.0,3.0,3.0,2.0,2.0,2.0,2.0,2.0,2.0,2.0,2.0,2.0,7.0,2.0,3.0,1.0,5.0,
13,5,2.0,12,D,1.0,,4,,MEMBUAT KAPAL,2,2,2,2,2,2,2,3,3,2,3,3,2,2,1.0,,,,0,0,,,,,2.0,1,,1.0,1.0,2.0,2.0,30.0,9.0,39.0,52.0,15.0,67.0,5.0,3.0,8.0,10.0,0.0,10.0,15.0,6.0,21.0,0.0,0.0,0.0,0.0,1.0,1.0,22.0,5.0,27.0,11.0,2.0,13.0,0.0,0.0,0.0,3.0,2.0,1.0,920,2000,#NULL!,#NULL!,920,2000,920,1500,1.0,,6.0,6.0,3.0,3.0,3.0,3.0,6.0,6.0,7.0,7.0,2.0,2.0,2.0,2.0,2.0,2.0,2.0,2.0,2.0,9.0,3.0,2.0,1.0,3.0,
13,5,3.0,12,B,1.0,,7,WOOD CHIP,WOOD CHIP (SALES),3,2,3,2,3,3,2,3,3,4,3,3,4,1,,,,,0,0,,,,,2.0,1,,2.0,2.0,2.0,2.0,15.0,6.0,21.0,30.0,12.0,42.0,8.0,4.0,12.0,0.0,0.0,0.0,7.0,2.0,9.0,3.0,0.0,3.0,0.0,0.0,0.0,12.0,6.0,18.0,10.0,0.0,10.0,0.0,0.0,0.0,2.0,2.0,2.0,1500,2500,#NULL!,#NULL!,920,1500,920,1100,1.0,,6.0,6.0,3.0,3.0,3.0,3.0,6.0,6.0,7.0,7.0,3.0,3.0,2.0,2.0,2.0,2.0,2.0,2.0,2.0,7.0,3.0,1.0,2.0,3.0,
13,5,2.0,1,A,1.0,,1,,PEMBALAKAN,2,2,2,3,4,3,2,2,4,4,3,2,4,1,,,,,0,0,,,,,1.0,1,,2.0,2.0,2.0,2.0,92.0,10.0,102.0,65.0,4.0,69.0,0.0,0.0,0.0,20.0,0.0,20.0,45.0,4.0,49.0,0.0,0.0,0.0,0.0,0.0,0.0,0.0,0.0,0.0,35.0,3.0,38.0,0.0,0.0,0.0,2.0,3.0,1.0,#NULL!,#NULL!,#NULL!,#NULL!,920,1000,920,1000,1.0,,6.0,6.0,1.0,1.0,3.0,3.0,6.0,6.0,3.0,3.0,2.0,3.0,2.0,2.0,2.0,2.0,1.0,4.0,2.0,2.0,3.0,2.0,1.0,3.0,
13,5,4.0,15,G,3.0,,4,HIRING OF PLANT AND MACHINERY,HIRING OF PLANT AND MACHINERY,3,1,3,3,4,4,4,2,3,3,3,3,3,1,,,,,1,1,,,,,1.0,1,,2.0,2.0,2.0,2.0,0.0,0.0,0.0,0.0,0.0,0.0,0.0,0.0,0.0,0.0,0.0,0.0,0.0,0.0,0.0,0.0,0.0,0.0,0.0,0.0,0.0,0.0,0.0,0.0,0.0,0.0,0.0,0.0,0.0,0.0,2.0,2.0,10.0,1200,1500,1200,1500,920,1200,920,1000,1.0,,6.0,6.0,3.0,3.0,3.0,3.0,3.0,6.0,7.0,7.0,3.0,2.0,1.0,3.0,2.0,2.0,1.0,3.0,1.0,9.0,1.0,2.0,1.0,3.0,
13,5,2.0,4,A,8.0,,1,,OIL PALM PLANTATION CONTRACTOR,3,1,2,2,3,2,2,3,3,1,3,2,3,1,,,,,1,1,,,,,2.0,1,,2.0,2.0,2.0,2.0,6.0,3.0,9.0,1.0,3.0,4.0,0.0,1.0,1.0,0.0,0.0,0.0,0.0,1.0,1.0,0.0,0.0,0.0,0.0,0.0,0.0,1.0,1.0,2.0,0.0,0.0,0.0,0.0,0.0,0.0,2.0,2.0,8.0,#NULL!,#NULL!,#NULL!,#NULL!,#NULL!,#NULL!,950,1000,,DEMAND FOR HIGH SALARY,6.0,6.0,3.0,2.0,3.0,3.0,6.0,6.0,7.0,7.0,3.0,3.0,3.0,3.0,3.0,3.0,3.0,3.0,3.0,9.0,3.0,1.0,2.0,3.0,
13,5,3.0,22,F,1.0,,9,,HOTEL AND ACCOMODATION,4,4,2,2,4,4,4,4,4,1,4,4,4,1,,,,,1,1,,,,,2.0,1,,2.0,2.0,2.0,2.0,2.0,4.0,6.0,2.0,4.0,6.0,0.0,0.0,0.0,0.0,0.0,0.0,0.0,0.0,0.0,0.0,0.0,0.0,0.0,0.0,0.0,2.0,4.0,6.0,0.0,0.0,0.0,0.0,0.0,0.0,2.0,2.0,9.0,#NULL!,#NULL!,#NULL!,#NULL!,#NULL!,#NULL!,920,#NULL!,1.0,,2.0,2.0,3.0,3.0,1.0,1.0,6.0,6.0,6.0,6.0,3.0,3.0,3.0,3.0,3.0,3.0,3.0,3.0,3.0,3.0,3.0,,,,
13,5,3.0,22,F,2.0,,9,,PENGINAPAN DAN RUANG EVEN LUAR,2,3,2,2,2,3,2,4,3,2,3,3,2,2,1.0,,1.0,,1,0,2.0,,,5.0,1.0,2,2.0,1.0,1.0,1.0,2.0,5.0,9.0,14.0,4.0,4.0,8.0,0.0,0.0,0.0,0.0,0.0,0.0,0.0,0.0,0.0,1.0,0.0,1.0,2.0,2.0,4.0,1.0,2.0,3.0,0.0,0.0,0.0,0.0,,,1.0,1.0,1.0,1400,3500,#NULL!,#NULL!,1000,1500,920,1300,2.0,"BELIA TIDAK BERPENGLAMAN & PENDIDIKAN TINNGI FORMAL,MINTA GAJI YANG RTIDAK MUNASABAH",2.0,1.0,1.0,1.0,1.0,1.0,1.0,5.0,1.0,1.0,1.0,2.0,3.0,2.0,2.0,4.0,3.0,3.0,4.0,2.0,1.0,1.0,2.0,3.0,
13,5,4.0,2,A,2.0,,2,,FRESH WATER FISH LIKE TILAPIA,3,3,1,2,1,1,2,3,3,1,2,4,1,1,,,,,1,1,,,,,2.0,3,3.0,2.0,2.0,2.0,2.0,3.0,1.0,4.0,1.0,0.0,1.0,1.0,0.0,1.0,0.0,0.0,0.0,0.0,0.0,0.0,0.0,0.0,0.0,0.0,0.0,0.0,0.0,0.0,0.0,1.0,0.0,1.0,0.0,0.0,0.0,2.0,1.0,2.0,#NULL!,#NULL!,#NULL!,#NULL!,#NULL!,#NULL!,900,1100,2.0,LACK OF EXPERIENCE,2.0,2.0,1.0,1.0,3.0,3.0,1.0,6.0,7.0,7.0,3.0,3.0,3.0,3.0,3.0,3.0,3.0,3.0,3.0,2.0,1.0,1.0,1.0,1.0,
13,5,2.0,6,A,4.0,,3,,QUARRY,2,3,2,2,1,3,3,3,3,4,3,3,2,2,1.0,1.0,,,0,0,,,,,1.0,1,,1.0,1.0,1.0,1.0,43.0,7.0,50.0,7.0,,,0.0,0.0,0.0,4.0,0.0,4.0,3.0,,,0.0,0.0,0.0,0.0,0.0,0.0,0.0,0.0,0.0,0.0,0.0,0.0,0.0,0.0,0.0,2.0,1.0,2.0,#NULL!,#NULL!,#NULL!,#NULL!,1200,1800,950,950,2.0,BELIA SEKARANG TIDAK BERMINAT BEKERJA DALAM BIDANG PERLOMBONGAN,6.0,6.0,3.0,3.0,3.0,3.0,5.0,5.0,7.0,7.0,2.0,2.0,3.0,3.0,3.0,2.0,1.0,2.0,2.0,7.0,2.0,1.0,2.0,3.0,
13,5,4.0,18,F,1.0,,9,PEMBEKAL MAKANAN RMT,MEMBEKAL MAKANAN KPD 180 MURID,2,3,3,2,3,3,2,3,4,4,4,3,4,2,,1.0,,,0,0,,,,,1.0,1,,2.0,2.0,2.0,1.0,1.0,4.0,5.0,2.0,2.0,4.0,0.0,0.0,0.0,0.0,0.0,0.0,1.0,1.0,2.0,0.0,0.0,0.0,0.0,0.0,0.0,1.0,1.0,2.0,0.0,0.0,0.0,0.0,0.0,0.0,2.0,1.0,8.0,#NULL!,#NULL!,#NULL!,#NULL!,#NULL!,#NULL!,900,1500,2.0,TIDAK MEMBERI KOMITMEN PENUH,,2.0,,1.0,,3.0,,6.0,,2.0,2.0,2.0,2.0,2.0,2.0,2.0,4.0,4.0,3.0,7.0,1.0,1.0,1.0,3.0,
13,5,4.0,18,F,1.0,,9,,NOODLES,3,2,3,1,1,1,1,1,3,2,2,3,4,2,1.0,,,,0,0,,,,,1.0,1,,2.0,2.0,2.0,2.0,5.0,5.0,10.0,10.0,0.0,10.0,0.0,0.0,0.0,0.0,0.0,0.0,5.0,0.0,5.0,0.0,0.0,0.0,0.0,0.0,0.0,5.0,0.0,5.0,0.0,0.0,0.0,0.0,0.0,0.0,3.0,3.0,2.0,#NULL!,#NULL!,#NULL!,#NULL!,#NULL!,#NULL!,#NULL!,#NULL!,2.0,NOT DICIPLINED,,6.0,,3.0,,2.0,,6.0,,7.0,4.0,2.0,2.0,3.0,3.0,2.0,2.0,4.0,2.0,7.0,1.0,1.0,1.0,3.0,
13,5,4.0,12,B,1.0,,7,JAHIT BAJU,TEMPAHAN BAJU,4,4,4,4,4,3,3,4,3,3,3,4,4,1,,,,,0,0,,,,,2.0,1,,2.0,2.0,2.0,2.0,1.0,0.0,1.0,1.0,0.0,1.0,0.0,0.0,0.0,0.0,0.0,0.0,0.0,0.0,0.0,0.0,0.0,0.0,0.0,0.0,0.0,1.0,0.0,1.0,0.0,0.0,0.0,0.0,0.0,0.0,2.0,2.0,9.0,#NULL!,#NULL!,#NULL!,#NULL!,#NULL!,#NULL!,800,1000,1.0,,,6.0,,1.0,,3.0,,6.0,,7.0,2.0,2.0,2.0,2.0,2.0,2.0,2.0,2.0,2.0,,,,,3.0,
13,5,3.0,15,G,3.0,,6,,DEVELOPER,2,1,1,2,2,3,2,1,1,3,2,1,1,1,,,,,0,0,,,,,2.0,1,,1.0,2.0,2.0,2.0,5.0,6.0,11.0,0.0,2.0,2.0,0.0,0.0,0.0,0.0,0.0,0.0,0.0,0.0,0.0,0.0,0.0,0.0,0.0,1.0,1.0,0.0,1.0,1.0,0.0,0.0,0.0,0.0,0.0,0.0,1.0,2.0,2.0,1800,2000,1500,1800,1300,1500,1100,1300,1.0,,3.0,1.0,3.0,3.0,3.0,3.0,1.0,1.0,6.0,1.0,1.0,3.0,3.0,2.0,4.0,2.0,2.0,3.0,3.0,6.0,1.0,2.0,3.0,3.0,
13,5,3.0,12,D,,PARTNERSHIP,7,PEMBEKAL ALAT-ALAT BENGKEL,ALAT & KELENGKAPAN BENGKEL,4,3,3,3,2,3,2,3,3,4,3,3,4,1,,,,,0,0,,,,,2.0,1,,1.0,2.0,2.0,2.0,14.0,0.0,14.0,10.0,0.0,10.0,0.0,0.0,0.0,4.0,0.0,4.0,1.0,0.0,1.0,0.0,0.0,0.0,1.0,0.0,1.0,4.0,0.0,4.0,0.0,0.0,0.0,0.0,0.0,0.0,1.0,2.0,8.0,#NULL!,#NULL!,#NULL!,#NULL!,900,1200,900,1200,2.0,PEMUDA TIDAK MINAT KERJA MESIN,6.0,6.0,2.0,2.0,3.0,3.0,6.0,6.0,7.0,7.0,3.0,3.0,3.0,3.0,3.0,3.0,3.0,3.0,3.0,2.0,1.0,1.0,1.0,3.0,
13,5,4.0,18,F,1.0,,9,FOOD AND BEVERAGE,SELLING DRINKS AND FOODS,3,3,3,1,3,2,3,2,2,3,3,3,4,1,,,,,0,0,,,,,2.0,1,,2.0,2.0,2.0,2.0,1.0,0.0,1.0,,0.0,,1.0,0.0,1.0,,0.0,,0.0,0.0,0.0,0.0,0.0,0.0,0.0,0.0,0.0,1.0,0.0,1.0,0.0,0.0,0.0,0.0,0.0,0.0,2.0,1.0,8.0,#NULL!,#NULL!,#NULL!,#NULL!,#NULL!,#NULL!,1000,1200,1.0,,2.0,1.0,3.0,3.0,1.0,1.0,3.0,1.0,1.0,6.0,2.0,2.0,3.0,3.0,2.0,1.0,3.0,1.0,2.0,7.0,1.0,2.0,3.0,3.0,
13,5,4.0,16,I,3.0,,18,INDOOR PLAYGROUND,EDUCATIONAL SERVICE,3,3,1,3,3,3,3,3,3,3,3,4,4,2,1.0,,,,0,0,1.0,,20.0,20.0,2.0,1,,1.0,1.0,2.0,2.0,5.0,10.0,15.0,6.0,13.0,19.0,0.0,1.0,1.0,1.0,2.0,3.0,0.0,0.0,0.0,2.0,3.0,5.0,0.0,0.0,0.0,3.0,7.0,10.0,0.0,0.0,0.0,0.0,0.0,0.0,2.0,1.0,2.0,#NULL!,#NULL!,#NULL!,#NULL!,#NULL!,#NULL!,#NULL!,#NULL!,1.0,,1.0,1.0,1.0,2.0,3.0,3.0,1.0,6.0,1.0,2.0,2.0,1.0,1.0,2.0,1.0,1.0,1.0,2.0,1.0,9.0,1.0,3.0,2.0,4.0,
13,5,4.0,13,C,1.0,,4,WELDING,"WELDING, BUAT PAGAR",3,3,1,2,2,3,3,3,3,4,3,3,4,1,,,,,0,0,,,,,2.0,1,,2.0,2.0,2.0,2.0,3.0,0.0,3.0,6.0,0.0,6.0,0.0,0.0,0.0,0.0,0.0,0.0,3.0,0.0,3.0,0.0,0.0,0.0,0.0,0.0,0.0,3.0,0.0,3.0,0.0,0.0,0.0,0.0,0.0,0.0,2.0,2.0,,#NULL!,#NULL!,#NULL!,#NULL!,#NULL!,#NULL!,950,1500,1.0,,6.0,6.0,2.0,3.0,3.0,3.0,,6.0,7.0,7.0,4.0,3.0,3.0,4.0,4.0,4.0,4.0,4.0,4.0,7.0,3.0,1.0,2.0,3.0,
13,5,4.0,11,F,1.0,,7,GERAI DI PASAR (BUAH-BUAHAN),JUAL BUAH-BUAHAN,3,3,2,2,4,4,4,3,3,4,4,3,4,1,,,,,0,0,,,,,,1,,,,,,,,,,,,,,,,,,,,,,,,,,,,,,,,,,,,,,,#NULL!,#NULL!,#NULL!,#NULL!,#NULL!,#NULL!,#NULL!,#NULL!,,,,,,,,,,,,,,,,,,,,,,,,,,,
13,5,3.0,11,B,1.0,,7,DRINKING WATER (SALES),DRINKING WATER (SALES),2,3,2,1,3,3,3,3,3,3,3,3,4,1,,,,,0,0,,,,,2.0,1,,1.0,2.0,2.0,2.0,7.0,3.0,10.0,8.0,4.0,12.0,0.0,1.0,1.0,0.0,0.0,0.0,4.0,1.0,5.0,0.0,0.0,0.0,0.0,0.0,0.0,4.0,2.0,6.0,0.0,0.0,0.0,0.0,0.0,0.0,1.0,1.0,9.0,#NULL!,#NULL!,#NULL!,#NULL!,#NULL!,#NULL!,920,2000,1.0,,3.0,3.0,3.0,3.0,3.0,3.0,6.0,6.0,2.0,2.0,2.0,2.0,2.0,2.0,2.0,2.0,1.0,1.0,2.0,9.0,1.0,2.0,3.0,3.0,
13,5,4.0,11,J,1.0,,7,ELECTRICAL,REPAIR ELECTRONIC DEVICE,3,3,2,2,4,4,4,3,3,4,2,3,4,1,,,,,0,0,,,,,2.0,1,,2.0,2.0,2.0,2.0,,,,,,,,,,,,,,,,,,,,,,,,,,,,,,,,,,#NULL!,#NULL!,#NULL!,#NULL!,#NULL!,#NULL!,#NULL!,#NULL!,,,,,,,,,,,,,,,,,,,,,,,,,,,
13,5,4.0,12,B,1.0,,7,KEDAI JAHITAN,"JAHITAN,BAJU KURUNG,KEBAYA",3,3,2,2,4,4,4,4,3,4,3,3,4,1,,,,,0,0,,,,,2.0,1,,2.0,2.0,2.0,2.0,,,,,,,,,,,,,,,,,,,,,,,,,,,,,,,,,,#NULL!,#NULL!,#NULL!,#NULL!,#NULL!,#NULL!,#NULL!,#NULL!,,,,,,,,,,,,,,,,,,,,,,,,,,,
13,5,4.0,25,J,2.0,,8,FIXING BICYCLE & MOTOCYCLE,FIXING BICYCLE & MOTOCYCLE,3,3,2,2,3,3,3,3,3,4,3,3,4,1,,,,,0,0,,,,,2.0,1,,2.0,2.0,2.0,2.0,,,,,,,,,,,,,,,,,,,,,,,,,,,,,,,,,,#NULL!,#NULL!,#NULL!,#NULL!,#NULL!,#NULL!,#NULL!,#NULL!,,,,,,,,,,,,,,,,,,,,,,,,,,,
13,5,1.0,16,J,3.0,,18,NUMBER FORECAST 4D CASHSWEEP,CASHSWEEP,3,3,2,2,4,4,4,4,4,4,4,4,4,1,,,,,0,0,,,,,1.0,1,,2.0,2.0,2.0,2.0,27.0,52.0,79.0,1.0,1.0,2.0,0.0,0.0,0.0,0.0,0.0,0.0,0.0,1.0,1.0,0.0,0.0,0.0,1.0,0.0,1.0,0.0,0.0,0.0,0.0,0.0,0.0,0.0,0.0,0.0,2.0,2.0,10.0,#NULL!,#NULL!,#NULL!,#NULL!,#NULL!,#NULL!,920,#NULL!,1.0,,6.0,6.0,3.0,3.0,3.0,3.0,1.0,6.0,1.0,1.0,2.0,2.0,3.0,3.0,2.0,2.0,3.0,3.0,3.0,2.0,2.0,1.0,2.0,3.0,
13,5,3.0,13,E,2.0,,7,SALE AND SERVICE,WATCHES/ REPAIR WATCHES,2,1,1,2,2,4,3,3,4,4,4,2,3,1,,,,,0,0,,,,,2.0,1,,2.0,2.0,2.0,2.0,0.0,4.0,4.0,0.0,0.0,0.0,0.0,0.0,0.0,0.0,0.0,0.0,0.0,0.0,0.0,0.0,0.0,0.0,0.0,0.0,0.0,0.0,0.0,0.0,0.0,0.0,0.0,0.0,0.0,0.0,2.0,2.0,2.0,#NULL!,#NULL!,#NULL!,#NULL!,#NULL!,#NULL!,900,1200,1.0,,6.0,6.0,3.0,3.0,3.0,3.0,6.0,6.0,1.0,1.0,2.0,3.0,3.0,3.0,4.0,2.0,3.0,4.0,2.0,9.0,1.0,3.0,2.0,10.0,
13,5,4.0,18,E,1.0,,9,,CANTEEN IN HOSPITAL,1,1,2,2,2,1,2,2,1,1,1,2,3,2,,,1.0,,1,0,1.0,,24.0,24.0,2.0,1,,2.0,2.0,2.0,2.0,8.0,16.0,24.0,24.0,0.0,24.0,0.0,0.0,0.0,5.0,0.0,5.0,0.0,0.0,0.0,0.0,0.0,0.0,0.0,0.0,0.0,19.0,0.0,19.0,0.0,0.0,0.0,0.0,0.0,0.0,3.0,1.0,1.0,#NULL!,#NULL!,#NULL!,#NULL!,#NULL!,#NULL!,920,#NULL!,2.0,NOT ENOUGH SKILL & DISCIPLINE PROLEM,1.0,2.0,3.0,3.0,3.0,3.0,5.0,6.0,1.0,1.0,4.0,5.0,3.0,4.0,4.0,3.0,3.0,3.0,2.0,7.0,1.0,2.0,1.0,3.0,
13,5,,25,G,7.0,,15,,PERAKAUNAN/KEWANGAN KERAJAAN,1,3,2,3,3,3,1,2,3,2,1,2,3,1,,,,,0,0,,,,,1.0,2,1.0,1.0,2.0,2.0,2.0,12.0,23.0,35.0,1.0,3.0,4.0,0.0,0.0,0.0,1.0,3.0,4.0,0.0,0.0,0.0,0.0,0.0,0.0,0.0,0.0,0.0,0.0,0.0,0.0,0.0,0.0,0.0,0.0,0.0,0.0,2.0,2.0,4.0,#NULL!,#NULL!,#NULL!,#NULL!,#NULL!,#NULL!,#NULL!,#NULL!,2.0,"BERDASARKAN PENJAWATAN KOSONG SPA, TERTAKLUK KEPADA POLISI KEWANGAN",2.0,1.0,3.0,3.0,3.0,3.0,1.0,5.0,1.0,6.0,1.0,2.0,1.0,1.0,2.0,1.0,2.0,1.0,1.0,1.0,1.0,1.0,3.0,2.0,
13,5,4.0,17,E,9.0,,7,,MEMBEKAL BARANG BASAH & KERING,4,4,4,2,2,2,4,2,4,4,4,4,4,1,,,,,0,0,,,,,2.0,1,,2.0,2.0,2.0,2.0,5.0,45.0,50.0,0.0,0.0,0.0,0.0,0.0,0.0,0.0,0.0,0.0,0.0,0.0,0.0,0.0,0.0,0.0,0.0,0.0,0.0,0.0,0.0,0.0,0.0,0.0,0.0,0.0,0.0,0.0,2.0,2.0,,#NULL!,#NULL!,#NULL!,#NULL!,#NULL!,#NULL!,#NULL!,#NULL!,,,,,,,,,,,,,,,,,,,,,,,,,,5.0,
14,5,4.0,10,C,3.0,,4,,penyelenggaraan mesin,2,1,2,1,1,1,1,1,1,1,1,1,1,2,1.0,,,,0,0,,,,,2.0,1,,1.0,1.0,1.0,2.0,4.0,0.0,4.0,0.0,0.0,0.0,0.0,0.0,0.0,0.0,0.0,0.0,0.0,0.0,0.0,0.0,0.0,0.0,0.0,0.0,0.0,0.0,0.0,0.0,3.0,0.0,3.0,0.0,0.0,0.0,3.0,3.0,9.0,#NULL!,#NULL!,#NULL!,#NULL!,#NULL!,#NULL!,1000,1300,1.0,,6.0,6.0,2.0,2.0,3.0,3.0,6.0,6.0,7.0,7.0,3.0,2.0,3.0,3.0,3.0,2.0,1.0,2.0,2.0,7.0,1.0,1.0,1.0,2.0,
14,5,4.0,4,H,3.0,,7,service industry,business space renting,3,4,3,1,3,4,4,4,4,4,4,4,4,2,1.0,,,,0,0,,,,,1.0,3,2.0,2.0,2.0,2.0,2.0,0.0,0.0,0.0,0.0,0.0,0.0,0.0,0.0,0.0,0.0,0.0,0.0,0.0,0.0,0.0,0.0,0.0,0.0,0.0,0.0,0.0,0.0,0.0,0.0,0.0,0.0,0.0,0.0,0.0,0.0,2.0,2.0,1.0,2100,2800,#NULL!,#NULL!,#NULL!,#NULL!,#NULL!,#NULL!,2.0,lack of skills,2.0,1.0,1.0,1.0,3.0,3.0,6.0,6.0,7.0,7.0,2.0,3.0,3.0,3.0,3.0,4.0,3.0,3.0,3.0,7.0,1.0,2.0,3.0,2.0,
14,5,4.0,4,D,4.0,,5,,power generating company,1,1,2,2,2,2,2,2,2,2,2,2,2,2,1.0,,,,1,0,2.0,,0.0,0.0,1.0,3,2.0,1.0,1.0,1.0,1.0,,,,0.0,0.0,0.0,0.0,0.0,0.0,0.0,0.0,0.0,0.0,0.0,0.0,0.0,0.0,0.0,0.0,0.0,0.0,0.0,0.0,0.0,0.0,0.0,0.0,0.0,0.0,0.0,3.0,1.0,1.0,1500,2500,#NULL!,#NULL!,#NULL!,#NULL!,1000,1300,1.0,,6.0,6.0,3.0,3.0,3.0,3.0,6.0,6.0,7.0,7.0,2.0,2.0,1.0,2.0,2.0,1.0,1.0,2.0,1.0,2.0,1.0,1.0,1.0,5.0,
14,5,4.0,4,C,3.0,,4,,supply component parts,2,2,2,3,3,3,3,3,3,3,3,3,2,1,,,,,0,0,,,,,2.0,1,,1.0,2.0,2.0,2.0,1.0,2.0,3.0,0.0,1.0,1.0,0.0,0.0,0.0,0.0,0.0,0.0,0.0,0.0,0.0,0.0,1.0,1.0,0.0,0.0,0.0,0.0,0.0,0.0,0.0,0.0,0.0,0.0,0.0,0.0,2.0,1.0,1.0,3000,#NULL!,#NULL!,#NULL!,2400,#NULL!,#NULL!,#NULL!,1.0,,2.0,1.0,1.0,1.0,3.0,3.0,1.0,6.0,7.0,7.0,3.0,3.0,4.0,3.0,3.0,3.0,3.0,3.0,4.0,9.0,2.0,3.0,1.0,1.0,
14,5,3.0,12,B,1.0,,7,printing service,"id card, banners",2,2,2,1,3,3,3,2,3,2,2,3,2,2,1.0,,,,0,0,,,,,2.0,1,,1.0,1.0,2.0,2.0,7.0,4.0,11.0,7.0,4.0,11.0,1.0,1.0,2.0,6.0,3.0,9.0,0.0,0.0,0.0,0.0,0.0,0.0,0.0,0.0,0.0,0.0,0.0,0.0,0.0,0.0,0.0,0.0,0.0,0.0,1.0,1.0,1.0,1500,1800,1500,1800,1200,1500,1000,1200,1.0,,2.0,6.0,3.0,3.0,3.0,3.0,1.0,6.0,6.0,6.0,2.0,1.0,1.0,1.0,2.0,2.0,2.0,2.0,2.0,5.0,1.0,2.0,3.0,10.0,
14,5,4.0,4,F,2.0,,7,,bridal outfit for indian wedding,2,1,2,1,3,3,3,3,4,3,3,2,1,1,,,,,0,0,,,,,2.0,1,,2.0,2.0,2.0,2.0,1.0,2.0,3.0,1.0,2.0,3.0,1.0,0.0,1.0,0.0,2.0,2.0,0.0,0.0,0.0,0.0,0.0,0.0,0.0,0.0,0.0,0.0,0.0,0.0,0.0,0.0,0.0,0.0,0.0,0.0,2.0,1.0,9.0,2000,2500,#NULL!,#NULL!,#NULL!,#NULL!,1000,1200,1.0,,3.0,2.0,3.0,1.0,3.0,3.0,1.0,6.0,6.0,6.0,3.0,4.0,2.0,3.0,3.0,1.0,2.0,3.0,1.0,3.0,1.0,3.0,2.0,2.0,
14,5,3.0,3,F,1.0,,9,,servis makanan,2,2,1,1,2,2,3,2,2,2,2,3,3,2,1.0,,,,0,0,,,,,2.0,1,,1.0,2.0,2.0,2.0,14.0,4.0,18.0,15.0,4.0,19.0,1.0,0.0,1.0,14.0,4.0,18.0,0.0,0.0,0.0,0.0,0.0,0.0,0.0,0.0,0.0,0.0,0.0,0.0,0.0,0.0,0.0,0.0,0.0,0.0,1.0,1.0,8.0,1200,1500,#NULL!,#NULL!,#NULL!,#NULL!,#NULL!,#NULL!,1.0,,3.0,6.0,3.0,3.0,3.0,3.0,2.0,6.0,6.0,6.0,3.0,1.0,2.0,2.0,3.0,2.0,2.0,2.0,2.0,2.0,1.0,2.0,3.0,6.0,
14,5,1.0,1,J,1.0,,11,,"sell computer parts, services and software",2,2,2,2,2,2,2,2,2,3,3,3,3,2,1.0,,,,0,0,,,,,2.0,1,,1.0,2.0,2.0,2.0,4.0,1.0,5.0,4.0,1.0,5.0,0.0,1.0,1.0,0.0,0.0,0.0,0.0,0.0,0.0,0.0,0.0,0.0,4.0,0.0,4.0,0.0,0.0,0.0,0.0,0.0,0.0,0.0,0.0,0.0,2.0,1.0,1.0,#NULL!,#NULL!,#NULL!,#NULL!,1200,1800,900,1500,1.0,,6.0,6.0,2.0,3.0,3.0,3.0,5.0,6.0,6.0,7.0,2.0,2.0,2.0,2.0,2.0,2.0,2.0,2.0,2.0,2.0,1.0,1.0,2.0,10.0,
14,5,4.0,4,B,3.0,,7,,"frozen seafood, processed vegetables and restaurant",2,2,2,2,2,3,1,3,2,2,2,2,2,2,1.0,,,,0,0,,,,,1.0,1,,1.0,1.0,1.0,1.0,8.0,35.0,43.0,2.0,42.0,44.0,0.0,1.0,1.0,1.0,9.0,10.0,0.0,11.0,11.0,0.0,17.0,17.0,0.0,4.0,4.0,1.0,0.0,1.0,20.0,1.0,21.0,0.0,0.0,0.0,1.0,2.0,3.0,2000,2400,2200,3000,1800,2000,1700,1900,2.0,"working hour, location",6.0,6.0,3.0,2.0,3.0,3.0,1.0,6.0,6.0,6.0,3.0,3.0,2.0,3.0,3.0,4.0,3.0,2.0,3.0,1.0,2.0,1.0,3.0,4.0,
14,5,4.0,4,H,5.0,,11,,printing,1,1,1,4,4,3,4,4,4,1,1,3,4,1,,,,,0,0,,,,,1.0,2,2.0,1.0,1.0,1.0,1.0,3.0,2.0,5.0,2.0,1.0,3.0,0.0,0.0,0.0,2.0,1.0,3.0,0.0,0.0,0.0,0.0,0.0,0.0,0.0,0.0,0.0,0.0,0.0,0.0,0.0,0.0,0.0,0.0,0.0,0.0,1.0,1.0,2.0,#NULL!,#NULL!,#NULL!,#NULL!,#NULL!,1500,#NULL!,#NULL!,1.0,,1.0,1.0,1.0,3.0,1.0,3.0,1.0,5.0,7.0,7.0,2.0,2.0,2.0,2.0,2.0,2.0,1.0,1.0,2.0,5.0,3.0,2.0,1.0,1.0,
14,5,2.0,1,C,1.0,,6,,gypsum board and plaster ceiling,3,3,2,2,2,3,3,2,3,3,2,2,2,1,,,,,0,0,,,,,2.0,1,,1.0,1.0,2.0,2.0,5.0,0.0,5.0,3.0,0.0,3.0,1.0,0.0,1.0,1.0,0.0,1.0,0.0,0.0,0.0,0.0,0.0,0.0,0.0,0.0,0.0,1.0,0.0,1.0,0.0,0.0,0.0,0.0,0.0,0.0,1.0,1.0,9.0,1600,1800,1600,1800,1600,1800,1600,1800,2.0,bad attitude,6.0,1.0,3.0,1.0,3.0,1.0,3.0,6.0,6.0,6.0,3.0,3.0,1.0,3.0,2.0,2.0,1.0,3.0,2.0,3.0,1.0,2.0,3.0,5.0,
14,5,4.0,4,F,3.0,,14,,"hotel the qamar paka, r&r hospitality sdn bhd",2,2,2,2,3,3,2,2,3,3,3,3,3,1,,,,,0,0,,,,,2.0,1,,1.0,1.0,2.0,2.0,8.0,12.0,20.0,0.0,4.0,4.0,0.0,4.0,4.0,0.0,0.0,0.0,0.0,0.0,0.0,0.0,0.0,0.0,0.0,0.0,0.0,0.0,0.0,0.0,0.0,0.0,0.0,0.0,0.0,0.0,1.0,2.0,1.0,1800,2000,#NULL!,#NULL!,#NULL!,#NULL!,#NULL!,#NULL!,1.0,,6.0,6.0,3.0,3.0,3.0,3.0,1.0,1.0,6.0,6.0,2.0,3.0,2.0,2.0,3.0,2.0,2.0,3.0,3.0,3.0,1.0,2.0,2.0,10.0,
14,5,4.0,4,H,3.0,,3,,oil and gas,2,2,1,3,2,4,2,1,3,2,2,3,3,2,1.0,,,,0,0,,,,,1.0,3,2.0,2.0,2.0,1.0,2.0,8.0,4.0,12.0,0.0,0.0,0.0,0.0,0.0,0.0,0.0,0.0,0.0,0.0,0.0,0.0,0.0,0.0,0.0,0.0,0.0,0.0,0.0,0.0,0.0,0.0,0.0,0.0,2.0,0.0,2.0,2.0,3.0,9.0,2600,3500,#NULL!,5000,#NULL!,#NULL!,#NULL!,#NULL!,2.0,kesedian bekerja lebih masa,6.0,6.0,3.0,2.0,3.0,3.0,1.0,5.0,6.0,3.0,2.0,2.0,3.0,4.0,3.0,4.0,4.0,4.0,3.0,7.0,1.0,1.0,2.0,5.0,
14,5,4.0,4,D,3.0,,3,,pulling sevices,1,2,1,3,2,2,2,2,2,2,2,3,4,2,1.0,1.0,,,1,0,3.0,,13.0,10.0,1.0,3,1.0,1.0,1.0,1.0,1.0,340.0,260.0,600.0,162.0,145.0,307.0,90.0,84.0,174.0,30.0,16.0,46.0,22.0,24.0,46.0,20.0,21.0,41.0,0.0,0.0,0.0,0.0,0.0,0.0,20.0,9.0,29.0,30.0,0.0,30.0,1.0,1.0,1.0,2200,#NULL!,#NULL!,#NULL!,#NULL!,#NULL!,#NULL!,#NULL!,1.0,,6.0,6.0,3.0,3.0,3.0,3.0,1.0,5.0,6.0,6.0,2.0,2.0,2.0,2.0,2.0,2.0,2.0,2.0,2.0,2.0,1.0,1.0,1.0,4.0,
14,5,4.0,4,E,1.0,,11,,,2,2,3,2,3,2,2,1,2,3,2,2,1,2,1.0,,,,0,0,,,,,1.0,3,2.0,2.0,1.0,2.0,2.0,7.0,3.0,10.0,8.0,4.0,12.0,0.0,1.0,1.0,4.0,1.0,5.0,0.0,0.0,0.0,4.0,2.0,6.0,0.0,0.0,0.0,0.0,0.0,0.0,0.0,0.0,0.0,0.0,0.0,0.0,1.0,2.0,5.0,3000,3800,#NULL!,#NULL!,#NULL!,#NULL!,#NULL!,#NULL!,1.0,,6.0,6.0,3.0,3.0,3.0,3.0,1.0,1.0,6.0,6.0,2.0,2.0,2.0,2.0,2.0,1.0,1.0,1.0,1.0,7.0,2.0,2.0,2.0,10.0,
14,5,4.0,4,E,4.0,,3,,drilling and production,1,3,1,2,2,3,2,2,3,3,3,2,1,2,1.0,,,,0,0,,,,,1.0,3,2.0,1.0,2.0,2.0,1.0,154.0,26.0,180.0,5.0,2.0,7.0,0.0,0.0,0.0,0.0,0.0,0.0,0.0,0.0,0.0,5.0,2.0,7.0,0.0,0.0,0.0,0.0,0.0,0.0,0.0,0.0,0.0,6.0,0.0,6.0,3.0,2.0,1.0,2700,4000,3000,5000,1600,2300,1100,1600,1.0,,6.0,6.0,3.0,3.0,3.0,3.0,1.0,6.0,7.0,7.0,3.0,4.0,2.0,3.0,2.0,2.0,3.0,2.0,2.0,2.0,3.0,1.0,2.0,1.0,
14,5,3.0,4,B,3.0,,4,,ready to eat food,3,2,2,3,3,2,2,3,3,3,2,3,3,2,1.0,1.0,,,0,0,,,,,1.0,1,,1.0,2.0,2.0,2.0,7.0,9.0,16.0,8.0,12.0,20.0,2.0,2.0,4.0,2.0,4.0,6.0,0.0,0.0,0.0,4.0,6.0,10.0,0.0,0.0,0.0,0.0,0.0,0.0,0.0,0.0,0.0,0.0,0.0,0.0,1.0,1.0,1.0,2000,2500,#NULL!,#NULL!,#NULL!,#NULL!,#NULL!,#NULL!,2.0,kesedian bekerja lebih masa,6.0,1.0,3.0,3.0,1.0,1.0,1.0,6.0,6.0,6.0,2.0,2.0,2.0,2.0,2.0,2.0,2.0,3.0,2.0,9.0,2.0,1.0,3.0,1.0,
14,5,1.0,4,B,6.0,,4,,palm oil manufacturing,2,2,2,2,2,2,2,2,2,2,2,2,2,2,1.0,,,,0,0,,,,,1.0,3,2.0,2.0,2.0,2.0,1.0,0.0,0.0,0.0,0.0,0.0,0.0,0.0,0.0,0.0,0.0,0.0,0.0,0.0,0.0,0.0,0.0,0.0,0.0,0.0,0.0,0.0,0.0,0.0,0.0,0.0,0.0,0.0,0.0,0.0,0.0,2.0,3.0,5.0,#NULL!,#NULL!,#NULL!,#NULL!,#NULL!,#NULL!,#NULL!,#NULL!,1.0,,6.0,6.0,3.0,3.0,3.0,3.0,1.0,6.0,6.0,6.0,2.0,4.0,4.0,3.0,3.0,3.0,4.0,2.0,5.0,2.0,3.0,2.0,1.0,3.0,
14,5,3.0,12,C,1.0,,4,,fire alarm casing panel,3,2,1,1,2,2,1,3,3,2,3,3,3,2,1.0,,,,0,0,,,,,2.0,1,,2.0,2.0,2.0,2.0,3.0,1.0,4.0,0.0,0.0,0.0,0.0,0.0,0.0,0.0,0.0,0.0,0.0,0.0,0.0,0.0,0.0,0.0,0.0,0.0,0.0,0.0,0.0,0.0,0.0,0.0,0.0,0.0,0.0,0.0,3.0,3.0,9.0,#NULL!,#NULL!,#NULL!,#NULL!,#NULL!,#NULL!,1200,1350,2.0,gaji rendah dan kekurangan pekerja mahir,2.0,2.0,2.0,2.0,3.0,3.0,6.0,6.0,7.0,7.0,3.0,4.0,3.0,3.0,3.0,3.0,3.0,3.0,3.0,2.0,2.0,1.0,2.0,5.0,
14,5,2.0,24,H,1.0,,18,,pakej pelancongan,3,3,3,2,2,2,3,3,3,3,3,2,3,1,,,,,0,0,,,,,2.0,1,,2.0,2.0,2.0,2.0,1.0,4.0,5.0,0.0,2.0,2.0,0.0,2.0,2.0,0.0,0.0,0.0,0.0,0.0,0.0,0.0,0.0,0.0,0.0,0.0,0.0,0.0,0.0,0.0,0.0,0.0,0.0,0.0,0.0,0.0,3.0,2.0,1.0,2200,2800,3000,3300,1100,1300,900,1100,1.0,,2.0,1.0,2.0,1.0,3.0,3.0,1.0,5.0,7.0,7.0,2.0,2.0,2.0,2.0,2.0,2.0,2.0,2.0,2.0,3.0,1.0,1.0,2.0,3.0,
14,5,4.0,25,I,4.0,,17,,perubatan,2,3,4,1,3,3,3,3,4,4,4,4,4,2,1.0,1.0,,,0,1,1.0,,5.0,1.0,1.0,3,1.0,1.0,1.0,1.0,1.0,220.0,1058.0,1278.0,0.0,0.0,0.0,0.0,0.0,0.0,0.0,0.0,0.0,0.0,0.0,0.0,0.0,0.0,0.0,0.0,0.0,0.0,0.0,0.0,0.0,1.0,5.0,6.0,0.0,0.0,0.0,1.0,2.0,1.0,2800,3500,2800,3500,1200,3500,1200,1500,1.0,,3.0,5.0,3.0,3.0,3.0,3.0,4.0,4.0,1.0,1.0,2.0,2.0,2.0,2.0,2.0,2.0,2.0,2.0,2.0,1.0,1.0,1.0,1.0,2.0,
14,5,4.0,4,I,1.0,,7,,peralatan tulis,3,2,2,2,1,1,1,2,3,3,3,2,4,1,,,,,0,0,,,,,2.0,1,,2.0,2.0,2.0,2.0,0.0,5.0,5.0,0.0,5.0,5.0,0.0,1.0,1.0,0.0,0.0,0.0,0.0,1.0,1.0,0.0,0.0,0.0,0.0,1.0,1.0,0.0,2.0,2.0,0.0,0.0,0.0,0.0,0.0,0.0,2.0,1.0,2.0,1200,1400,1200,1400,1200,1400,1000,1200,1.0,,6.0,6.0,1.0,1.0,3.0,3.0,6.0,6.0,6.0,6.0,2.0,3.0,2.0,2.0,2.0,2.0,3.0,4.0,3.0,2.0,1.0,2.0,1.0,3.0,
14,5,4.0,4,E,1.0,,8,,,2,2,1,1,2,2,1,1,2,2,2,1,2,1,,,,,1,1,2.0,,10.0,2.0,2.0,1,,1.0,1.0,1.0,1.0,7.0,11.0,18.0,11.0,2.0,13.0,5.0,0.0,5.0,0.0,0.0,0.0,0.0,0.0,0.0,4.0,2.0,6.0,2.0,0.0,2.0,0.0,0.0,0.0,0.0,0.0,0.0,0.0,0.0,0.0,3.0,2.0,1.0,1200,1500,#NULL!,#NULL!,#NULL!,#NULL!,#NULL!,#NULL!,1.0,,1.0,1.0,3.0,3.0,3.0,3.0,1.0,1.0,6.0,6.0,1.0,2.0,2.0,2.0,2.0,2.0,2.0,1.0,2.0,1.0,1.0,1.0,1.0,2.0,
14,5,3.0,26,H,3.0,,10,market research,fieldwork specialist,2,2,2,2,2,3,2,2,2,2,2,3,2,2,1.0,1.0,,,0,0,,,,,2.0,3,2.0,1.0,1.0,2.0,2.0,20.0,20.0,40.0,0.0,0.0,0.0,0.0,0.0,0.0,0.0,0.0,0.0,0.0,0.0,0.0,0.0,0.0,0.0,0.0,0.0,0.0,0.0,0.0,0.0,0.0,0.0,0.0,0.0,0.0,0.0,1.0,1.0,2.0,3000,3500,2800,3000,2500,2800,1500,1800,1.0,,2.0,3.0,3.0,3.0,3.0,3.0,2.0,5.0,6.0,6.0,3.0,3.0,3.0,3.0,3.0,3.0,3.0,3.0,3.0,2.0,3.0,1.0,2.0,10.0,
14,5,4.0,4,J,1.0,,7,,menjual alatan tatu,2,3,2,3,4,4,4,4,3,4,4,4,2,1,,,,,0,0,,,,,2.0,1,,2.0,2.0,2.0,2.0,0.0,0.0,0.0,0.0,0.0,0.0,0.0,0.0,0.0,0.0,0.0,0.0,0.0,0.0,0.0,0.0,0.0,0.0,0.0,0.0,0.0,0.0,0.0,0.0,0.0,0.0,0.0,0.0,0.0,0.0,2.0,2.0,2.0,#NULL!,#NULL!,#NULL!,#NULL!,#NULL!,#NULL!,#NULL!,#NULL!,1.0,,6.0,6.0,3.0,3.0,3.0,3.0,5.0,5.0,6.0,6.0,3.0,2.0,2.0,2.0,3.0,2.0,3.0,2.0,2.0,9.0,3.0,2.0,1.0,6.0,
14,5,4.0,4,E,1.0,,4,,menjahit langsir,3,3,2,3,3,3,3,3,3,3,4,3,4,1,,,,,0,0,,,,,2.0,1,,2.0,2.0,2.0,2.0,0.0,0.0,0.0,0.0,0.0,0.0,0.0,0.0,0.0,0.0,0.0,0.0,0.0,0.0,0.0,0.0,0.0,0.0,0.0,0.0,0.0,0.0,0.0,0.0,0.0,0.0,0.0,0.0,0.0,0.0,2.0,2.0,2.0,#NULL!,#NULL!,#NULL!,#NULL!,#NULL!,#NULL!,#NULL!,#NULL!,1.0,,6.0,6.0,3.0,3.0,3.0,3.0,6.0,6.0,2.0,1.0,2.0,2.0,2.0,3.0,2.0,2.0,2.0,3.0,2.0,6.0,1.0,2.0,2.0,1.0,
14,5,4.0,4,B,1.0,,4,,clothing alteration,2,3,2,3,3,3,3,3,3,3,3,3,3,1,,,,,0,0,,,,,2.0,1,,2.0,2.0,2.0,2.0,0.0,3.0,3.0,0.0,0.0,0.0,0.0,0.0,0.0,0.0,0.0,0.0,0.0,0.0,0.0,0.0,0.0,0.0,0.0,0.0,0.0,0.0,0.0,0.0,0.0,0.0,0.0,0.0,0.0,0.0,3.0,3.0,2.0,#NULL!,#NULL!,#NULL!,#NULL!,#NULL!,#NULL!,#NULL!,#NULL!,1.0,,5.0,5.0,1.0,1.0,3.0,3.0,6.0,6.0,3.0,3.0,3.0,1.0,1.0,2.0,2.0,2.0,1.0,1.0,1.0,7.0,1.0,1.0,2.0,1.0,
14,5,3.0,26,G,3.0,,10,,telemunication service,2,2,3,2,3,3,3,3,3,2,2,3,2,2,1.0,,,,0,0,,,,,1.0,3,2.0,1.0,1.0,1.0,1.0,150.0,51.0,201.0,40.0,0.0,40.0,0.0,0.0,0.0,10.0,0.0,10.0,15.0,0.0,15.0,0.0,0.0,0.0,0.0,0.0,0.0,15.0,0.0,15.0,0.0,0.0,0.0,0.0,0.0,0.0,3.0,2.0,3.0,#NULL!,#NULL!,#NULL!,#NULL!,#NULL!,#NULL!,#NULL!,#NULL!,1.0,,6.0,6.0,3.0,3.0,3.0,3.0,6.0,6.0,6.0,6.0,2.0,2.0,2.0,2.0,2.0,2.0,2.0,2.0,2.0,1.0,1.0,1.0,2.0,10.0,
14,5,3.0,26,B,1.0,,4,,tailor,2,1,1,3,3,3,4,1,3,3,3,4,4,1,,,,,0,0,,,,,2.0,2,2.0,2.0,2.0,1.0,2.0,2.0,1.0,3.0,0.0,0.0,0.0,0.0,0.0,0.0,0.0,0.0,0.0,0.0,0.0,0.0,0.0,0.0,0.0,0.0,0.0,0.0,0.0,0.0,0.0,0.0,0.0,0.0,0.0,0.0,0.0,3.0,2.0,1.0,#NULL!,#NULL!,#NULL!,#NULL!,#NULL!,#NULL!,#NULL!,#NULL!,1.0,,6.0,6.0,3.0,3.0,3.0,3.0,6.0,6.0,6.0,6.0,3.0,1.0,3.0,3.0,3.0,1.0,1.0,1.0,1.0,2.0,1.0,1.0,1.0,6.0,
14,5,3.0,26,H,1.0,,10,recruitment firm,head hunter,2,2,3,1,2,4,4,4,4,4,4,4,4,1,,,,,0,0,,,,,2.0,1,,1.0,2.0,2.0,2.0,1.0,4.0,5.0,1.0,2.0,3.0,0.0,1.0,1.0,1.0,1.0,2.0,0.0,0.0,0.0,0.0,0.0,0.0,0.0,0.0,0.0,0.0,0.0,0.0,0.0,0.0,0.0,0.0,0.0,0.0,3.0,2.0,1.0,3000,#NULL!,#NULL!,#NULL!,#NULL!,#NULL!,#NULL!,#NULL!,1.0,,6.0,6.0,3.0,3.0,3.0,3.0,1.0,1.0,7.0,7.0,2.0,2.0,2.0,2.0,2.0,2.0,2.0,2.0,2.0,2.0,1.0,3.0,2.0,1.0,
14,5,4.0,18,F,2.0,,9,,masakan panas,3,3,1,2,3,4,2,3,2,4,4,2,4,1,,,,,0,0,,,,,2.0,1,,2.0,2.0,2.0,2.0,2.0,3.0,5.0,0.0,0.0,0.0,0.0,0.0,0.0,0.0,0.0,0.0,0.0,0.0,0.0,0.0,0.0,0.0,0.0,0.0,0.0,0.0,0.0,0.0,0.0,0.0,0.0,0.0,0.0,0.0,2.0,2.0,9.0,#NULL!,#NULL!,#NULL!,#NULL!,#NULL!,#NULL!,#NULL!,#NULL!,1.0,,2.0,6.0,1.0,3.0,3.0,3.0,5.0,6.0,2.0,2.0,5.0,5.0,5.0,5.0,5.0,5.0,5.0,5.0,5.0,7.0,2.0,3.0,1.0,6.0,
14,5,4.0,25,C,1.0,,5,,perkhidmatan membaiki barang elektronik,3,1,2,3,1,2,3,3,3,3,3,3,4,1,,,,,0,0,,,,,2.0,1,,2.0,2.0,2.0,2.0,3.0,0.0,3.0,3.0,0.0,3.0,0.0,0.0,0.0,2.0,0.0,2.0,1.0,0.0,1.0,0.0,0.0,0.0,0.0,0.0,0.0,0.0,0.0,0.0,3.0,0.0,3.0,0.0,0.0,0.0,2.0,2.0,9.0,1200,1400,#NULL!,#NULL!,#NULL!,#NULL!,#NULL!,#NULL!,1.0,,2.0,2.0,2.0,2.0,2.0,1.0,5.0,6.0,7.0,7.0,2.0,1.0,2.0,3.0,1.0,2.0,1.0,2.0,2.0,2.0,3.0,1.0,2.0,6.0,
14,5,2.0,24,H,2.0,,18,,pelancongan dan perkhidmatan,2,2,1,1,2,1,1,1,1,3,2,2,1,2,1.0,1.0,,,0,0,,,,,1.0,1,,1.0,1.0,2.0,1.0,1.0,3.0,4.0,0.0,0.0,0.0,0.0,0.0,0.0,0.0,0.0,0.0,0.0,0.0,0.0,0.0,0.0,0.0,0.0,0.0,0.0,0.0,0.0,0.0,0.0,0.0,0.0,0.0,0.0,0.0,1.0,1.0,1.0,1800,2500,1500,2000,1300,1800,900,1200,2.0,kurang kemahiran,3.0,1.0,3.0,3.0,3.0,3.0,1.0,6.0,7.0,7.0,2.0,3.0,3.0,3.0,4.0,4.0,3.0,5.0,3.0,2.0,1.0,3.0,2.0,5.0,
14,5,3.0,24,H,3.0,,10,human resource,hr consulting,1,1,1,1,1,1,1,2,1,4,4,4,4,1,,,,,1,0,2.0,,2.0,1.0,2.0,1,,2.0,1.0,2.0,2.0,2.0,8.0,10.0,1.0,4.0,5.0,1.0,4.0,5.0,0.0,0.0,0.0,0.0,0.0,0.0,0.0,0.0,0.0,0.0,0.0,0.0,0.0,0.0,0.0,0.0,0.0,0.0,0.0,0.0,0.0,2.0,2.0,1.0,1800,2500,1500,#NULL!,1200,#NULL!,1000,#NULL!,1.0,,1.0,1.0,3.0,3.0,3.0,3.0,1.0,1.0,7.0,7.0,1.0,1.0,1.0,1.0,1.0,1.0,1.0,1.0,1.0,2.0,1.0,1.0,1.0,5.0,
14,5,3.0,26,G,1.0,,13,,accounting audit and taxation service,1,3,3,3,1,3,3,3,3,3,3,3,3,2,1.0,,,,0,0,,,,,1.0,3,2.0,1.0,1.0,2.0,2.0,1.0,3.0,4.0,0.0,2.0,2.0,0.0,2.0,2.0,0.0,0.0,0.0,0.0,0.0,0.0,0.0,0.0,0.0,0.0,0.0,0.0,0.0,0.0,0.0,0.0,0.0,0.0,0.0,0.0,0.0,2.0,1.0,1.0,1500,2500,#NULL!,#NULL!,#NULL!,#NULL!,#NULL!,#NULL!,2.0,young workers tend to leave after few months,1.0,1.0,3.0,3.0,1.0,1.0,1.0,1.0,1.0,1.0,2.0,3.0,3.0,3.0,2.0,3.0,4.0,3.0,3.0,7.0,1.0,1.0,3.0,4.0,
14,5,2.0,26,E,1.0,,6,,construction,1,1,1,2,3,4,4,4,4,4,4,4,3,2,1.0,,,,0,0,,,,,2.0,1,,2.0,2.0,2.0,1.0,30.0,20.0,50.0,0.0,0.0,0.0,0.0,0.0,0.0,0.0,0.0,0.0,0.0,0.0,0.0,0.0,0.0,0.0,0.0,0.0,0.0,0.0,0.0,0.0,0.0,0.0,0.0,0.0,0.0,0.0,2.0,2.0,1.0,1800,#NULL!,1800,#NULL!,1500,#NULL!,900,#NULL!,1.0,,6.0,6.0,3.0,3.0,3.0,3.0,1.0,5.0,6.0,6.0,2.0,2.0,2.0,2.0,2.0,2.0,2.0,2.0,2.0,2.0,3.0,1.0,2.0,6.0,
14,5,3.0,17,I,3.0,,17,,perubatan dan kesihatan,3,3,3,3,3,3,3,2,1,1,3,2,3,2,1.0,1.0,,,0,0,,,,,1.0,1,,2.0,2.0,2.0,2.0,0.0,6.0,6.0,0.0,5.0,5.0,0.0,0.0,0.0,0.0,0.0,0.0,0.0,0.0,0.0,0.0,5.0,5.0,0.0,0.0,0.0,0.0,0.0,0.0,0.0,0.0,0.0,0.0,0.0,0.0,2.0,2.0,1.0,1500,1600,1600,1700,#NULL!,#NULL!,#NULL!,#NULL!,1.0,,6.0,6.0,1.0,1.0,3.0,3.0,1.0,1.0,6.0,6.0,3.0,3.0,2.0,2.0,3.0,3.0,3.0,3.0,3.0,1.0,3.0,2.0,1.0,10.0,
14,5,1.0,26,H,5.0,,10,consulting,"advisory,outsearching and management services",2,2,2,2,2,4,2,4,4,1,2,2,3,2,,,,,0,0,,,,,1.0,3,2.0,1.0,2.0,2.0,1.0,100.0,72.0,172.0,13.0,13.0,26.0,0.0,0.0,0.0,11.0,9.0,20.0,2.0,4.0,6.0,0.0,0.0,0.0,0.0,0.0,0.0,0.0,0.0,0.0,0.0,0.0,0.0,0.0,0.0,0.0,3.0,2.0,1.0,2900,7100,2900,7100,1900,4200,1300,2900,1.0,,3.0,2.0,3.0,3.0,3.0,3.0,1.0,6.0,6.0,2.0,2.0,2.0,2.0,2.0,2.0,1.0,1.0,1.0,1.0,7.0,1.0,3.0,2.0,3.0,
14,5,1.0,26,H,3.0,,10,consulting,"health,safety,enviroment consulting services",2,2,2,2,1,3,2,3,3,3,3,3,2,2,1.0,,,,0,0,,,,,1.0,2,2.0,1.0,1.0,1.0,2.0,22.0,19.0,41.0,5.0,1.0,6.0,0.0,0.0,0.0,5.0,1.0,6.0,0.0,0.0,0.0,0.0,0.0,0.0,0.0,0.0,0.0,0.0,0.0,0.0,0.0,0.0,0.0,0.0,0.0,0.0,3.0,1.0,1.0,3000,#NULL!,#NULL!,#NULL!,#NULL!,#NULL!,#NULL!,#NULL!,2.0,lack of confident,6.0,6.0,3.0,3.0,3.0,3.0,1.0,6.0,6.0,6.0,3.0,4.0,3.0,4.0,3.0,3.0,3.0,3.0,4.0,3.0,2.0,1.0,3.0,10.0,
14,5,1.0,26,E,5.0,,6,,,3,3,1,2,3,3,3,3,3,3,3,3,2,2,1.0,,,,0,0,,,,,1.0,1,,1.0,1.0,2.0,2.0,80.0,70.0,150.0,24.0,16.0,40.0,4.0,4.0,8.0,0.0,0.0,0.0,0.0,0.0,0.0,4.0,4.0,8.0,1.0,0.0,1.0,15.0,8.0,23.0,0.0,0.0,0.0,0.0,0.0,0.0,1.0,1.0,1.0,2500,3000,2700,3200,1800,2500,1200,1500,1.0,,6.0,6.0,3.0,3.0,3.0,3.0,1.0,6.0,7.0,7.0,2.0,1.0,2.0,2.0,2.0,1.0,1.0,1.0,1.0,7.0,1.0,2.0,3.0,4.0,
14,5,4.0,12,E,1.0,,11,,repair handphone,1,1,1,1,1,1,1,4,4,1,1,4,1,2,,1.0,,,1,1,1.0,,7.0,7.0,2.0,1,,1.0,1.0,1.0,2.0,4.0,1.0,5.0,0.0,0.0,0.0,0.0,0.0,0.0,0.0,0.0,0.0,0.0,0.0,0.0,0.0,0.0,0.0,0.0,0.0,0.0,0.0,0.0,0.0,0.0,0.0,0.0,0.0,0.0,0.0,2.0,2.0,9.0,#NULL!,#NULL!,#NULL!,#NULL!,#NULL!,#NULL!,#NULL!,#NULL!,1.0,,1.0,6.0,3.0,3.0,3.0,3.0,6.0,6.0,7.0,7.0,3.0,3.0,3.0,3.0,3.0,3.0,3.0,3.0,3.0,9.0,3.0,2.0,1.0,5.0,
14,5,2.0,24,H,3.0,,18,,pakej pelancongan,2,3,3,2,2,3,3,3,3,3,3,3,1,1,,,,,0,0,,,,,1.0,1,,1.0,1.0,1.0,1.0,3.0,5.0,8.0,0.0,3.0,3.0,0.0,0.0,0.0,0.0,0.0,0.0,0.0,0.0,0.0,0.0,3.0,3.0,0.0,0.0,0.0,0.0,0.0,0.0,0.0,0.0,0.0,0.0,0.0,0.0,1.0,1.0,2.0,1500,2000,1500,2000,1300,1800,1300,1800,1.0,,2.0,1.0,3.0,3.0,3.0,3.0,3.0,3.0,7.0,7.0,2.0,2.0,1.0,2.0,1.0,2.0,2.0,2.0,2.0,3.0,2.0,3.0,1.0,4.0,
14,5,3.0,24,H,3.0,,10,consultation,hr consultation and recruitment service,4,4,4,4,2,4,4,4,4,4,4,4,4,2,1.0,,,,0,0,,,,,2.0,1,,1.0,1.0,1.0,2.0,1.0,7.0,8.0,2.0,5.0,7.0,0.0,1.0,1.0,0.0,0.0,0.0,0.0,2.0,2.0,2.0,2.0,4.0,0.0,0.0,0.0,0.0,0.0,0.0,0.0,0.0,0.0,0.0,0.0,0.0,1.0,1.0,1.0,2500,2700,#NULL!,#NULL!,2300,2500,#NULL!,#NULL!,2.0,loyalty and stability,2.0,1.0,3.0,3.0,3.0,3.0,6.0,6.0,6.0,6.0,2.0,3.0,3.0,3.0,3.0,3.0,3.0,2.0,3.0,7.0,1.0,3.0,2.0,1.0,
14,5,3.0,12,B,1.0,,7,,textile,3,2,2,2,2,2,3,3,4,4,3,3,4,2,1.0,1.0,,,0,0,,,,,1.0,1,,1.0,2.0,2.0,2.0,4.0,3.0,7.0,3.0,2.0,5.0,2.0,1.0,3.0,0.0,0.0,0.0,1.0,1.0,2.0,0.0,0.0,0.0,0.0,0.0,0.0,0.0,0.0,0.0,0.0,0.0,0.0,0.0,0.0,0.0,1.0,1.0,1.0,1800,1800,1800,1800,1500,1500,1200,1200,1.0,,6.0,6.0,3.0,3.0,3.0,3.0,1.0,1.0,6.0,6.0,2.0,2.0,2.0,2.0,2.0,2.0,2.0,2.0,2.0,7.0,1.0,2.0,3.0,3.0,
14,5,4.0,13,G,3.0,,14,,jurunilai hartanah,3,2,1,1,1,4,4,4,4,1,1,4,4,2,1.0,,,,0,0,,,,,2.0,1,,2.0,2.0,2.0,2.0,20.0,12.0,32.0,0.0,0.0,0.0,0.0,0.0,0.0,0.0,0.0,0.0,0.0,0.0,0.0,0.0,0.0,0.0,0.0,0.0,0.0,0.0,0.0,0.0,0.0,0.0,0.0,0.0,0.0,0.0,2.0,1.0,1.0,2000,#NULL!,#NULL!,#NULL!,1000,#NULL!,#NULL!,#NULL!,1.0,,2.0,2.0,3.0,3.0,3.0,3.0,1.0,6.0,7.0,7.0,1.0,2.0,2.0,2.0,2.0,2.0,2.0,2.0,2.0,3.0,1.0,1.0,1.0,4.0,
14,5,1.0,24,H,3.0,,18,,pakej pelancongan,1,1,1,1,2,3,1,3,4,4,4,4,1,2,1.0,,,,0,0,,,,,1.0,3,1.0,1.0,2.0,1.0,2.0,15.0,45.0,60.0,35.0,15.0,50.0,10.0,10.0,20.0,0.0,0.0,0.0,0.0,0.0,0.0,15.0,0.0,15.0,0.0,0.0,0.0,10.0,5.0,15.0,0.0,0.0,0.0,0.0,0.0,0.0,2.0,1.0,1.0,2600,#NULL!,#NULL!,#NULL!,#NULL!,#NULL!,#NULL!,#NULL!,1.0,,6.0,6.0,3.0,3.0,3.0,3.0,1.0,6.0,6.0,6.0,2.0,3.0,3.0,3.0,1.0,2.0,3.0,2.0,2.0,1.0,1.0,2.0,1.0,4.0,
14,5,3.0,26,E,8.0,,6,,pembinaan,2,2,1,2,2,2,2,3,1,2,3,3,4,2,1.0,,,,0,0,,,,,1.0,1,,1.0,1.0,2.0,2.0,2.0,2.0,4.0,1.0,0.0,1.0,1.0,0.0,1.0,0.0,0.0,0.0,0.0,0.0,0.0,0.0,0.0,0.0,0.0,0.0,0.0,0.0,0.0,0.0,0.0,0.0,0.0,0.0,0.0,0.0,2.0,2.0,1.0,2000,2500,#NULL!,#NULL!,#NULL!,#NULL!,#NULL!,#NULL!,1.0,,2.0,2.0,3.0,3.0,3.0,3.0,1.0,6.0,6.0,6.0,2.0,3.0,2.0,2.0,3.0,3.0,3.0,3.0,3.0,1.0,1.0,2.0,1.0,3.0,
14,5,3.0,26,E,8.0,,6,,pembinaan,2,2,2,2,3,3,2,2,3,3,3,3,4,2,1.0,,,,0,0,,,,,1.0,1,,2.0,1.0,2.0,2.0,1.0,2.0,3.0,1.0,1.0,2.0,1.0,1.0,2.0,0.0,0.0,0.0,0.0,0.0,0.0,0.0,0.0,0.0,0.0,0.0,0.0,0.0,0.0,0.0,0.0,0.0,0.0,0.0,0.0,0.0,2.0,2.0,1.0,2000,2500,#NULL!,#NULL!,#NULL!,#NULL!,#NULL!,#NULL!,1.0,,1.0,2.0,3.0,3.0,3.0,3.0,1.0,6.0,6.0,6.0,2.0,2.0,2.0,1.0,3.0,3.0,3.0,3.0,3.0,1.0,1.0,2.0,1.0,3.0,
14,5,4.0,26,H,1.0,,4,,consultunt architecture,3,1,1,2,2,2,2,2,3,3,3,2,3,2,1.0,1.0,,,1,1,1.0,,2.0,4.0,1.0,1,,1.0,1.0,2.0,1.0,4.0,0.0,4.0,4.0,0.0,4.0,0.0,0.0,0.0,2.0,0.0,2.0,0.0,0.0,0.0,2.0,0.0,2.0,0.0,0.0,0.0,0.0,0.0,0.0,0.0,0.0,0.0,0.0,0.0,0.0,2.0,3.0,3.0,2300,2600,#NULL!,#NULL!,#NULL!,#NULL!,#NULL!,#NULL!,1.0,,6.0,6.0,3.0,3.0,3.0,3.0,2.0,6.0,7.0,7.0,3.0,2.0,3.0,4.0,3.0,2.0,5.0,2.0,2.0,1.0,2.0,1.0,3.0,1.0,
14,5,4.0,24,H,3.0,,7,airline representation,selling airline ticket,3,4,2,3,3,3,3,3,3,3,3,3,2,2,1.0,,,,0,0,,,,,1.0,1,,2.0,2.0,2.0,2.0,1.0,4.0,5.0,2.0,1.0,3.0,2.0,0.0,2.0,0.0,1.0,1.0,0.0,0.0,0.0,0.0,0.0,0.0,0.0,0.0,0.0,0.0,0.0,0.0,0.0,0.0,0.0,0.0,0.0,0.0,2.0,2.0,3.0,2500,2600,#NULL!,#NULL!,#NULL!,#NULL!,1500,1800,1.0,,2.0,1.0,1.0,1.0,1.0,1.0,1.0,6.0,6.0,6.0,2.0,3.0,3.0,3.0,3.0,2.0,2.0,2.0,2.0,3.0,3.0,2.0,1.0,3.0,
14,5,3.0,12,J,3.0,,7,,pakaian sukan dan percetakan,1,1,1,2,2,3,3,1,2,1,2,2,2,2,1.0,,,,0,0,,,,,2.0,1,,2.0,1.0,2.0,2.0,1.0,5.0,6.0,0.0,0.0,0.0,0.0,0.0,0.0,0.0,0.0,0.0,0.0,0.0,0.0,0.0,0.0,0.0,0.0,0.0,0.0,0.0,0.0,0.0,0.0,0.0,0.0,0.0,0.0,0.0,1.0,1.0,9.0,#NULL!,#NULL!,#NULL!,#NULL!,1100,2500,1000,2500,1.0,,6.0,6.0,3.0,3.0,3.0,3.0,1.0,6.0,7.0,7.0,2.0,1.0,1.0,1.0,1.0,1.0,1.0,1.0,1.0,7.0,1.0,1.0,3.0,4.0,
14,5,4.0,26,G,8.0,,14,,"litigation, hartanah",3,2,2,2,2,3,2,2,2,3,3,3,3,1,,,,,0,0,,,,,2.0,1,,1.0,1.0,1.0,1.0,3.0,3.0,6.0,1.0,3.0,4.0,0.0,1.0,1.0,0.0,1.0,1.0,0.0,1.0,1.0,1.0,0.0,1.0,0.0,0.0,0.0,0.0,0.0,0.0,0.0,0.0,0.0,0.0,0.0,0.0,3.0,1.0,1.0,1800,2200,#NULL!,#NULL!,#NULL!,#NULL!,#NULL!,#NULL!,1.0,,3.0,1.0,2.0,1.0,2.0,1.0,1.0,6.0,6.0,6.0,3.0,3.0,2.0,2.0,1.0,1.0,1.0,2.0,1.0,1.0,1.0,1.0,1.0,3.0,
14,5,4.0,14,I,8.0,,6,,high rise cleaning,1,2,1,2,2,2,1,2,2,3,3,3,3,2,1.0,,,,0,0,,,,,1.0,3,2.0,1.0,1.0,2.0,2.0,20.0,5.0,25.0,15.0,2.0,17.0,3.0,0.0,3.0,10.0,2.0,12.0,2.0,0.0,2.0,0.0,0.0,0.0,0.0,0.0,0.0,0.0,0.0,0.0,0.0,0.0,0.0,0.0,0.0,0.0,1.0,1.0,1.0,1600,1800,#NULL!,#NULL!,#NULL!,#NULL!,#NULL!,#NULL!,1.0,,2.0,2.0,3.0,2.0,3.0,3.0,1.0,5.0,6.0,6.0,2.0,2.0,3.0,2.0,3.0,2.0,3.0,3.0,3.0,7.0,1.0,2.0,3.0,3.0,
14,5,,23,I,7.0,,15,,pencegahan rasuah,2,3,2,3,2,2,3,2,3,2,2,2,3,2,1.0,,,,0,0,,,,,1.0,2,1.0,1.0,1.0,1.0,1.0,800.0,600.0,1400.0,400.0,300.0,700.0,100.0,50.0,150.0,250.0,200.0,450.0,50.0,50.0,100.0,0.0,0.0,0.0,0.0,0.0,0.0,0.0,0.0,0.0,0.0,0.0,0.0,0.0,0.0,0.0,1.0,1.0,4.0,3000,3000,#NULL!,#NULL!,2000,2000,#NULL!,#NULL!,1.0,,6.0,6.0,3.0,3.0,3.0,3.0,1.0,5.0,6.0,6.0,2.0,2.0,3.0,2.0,2.0,3.0,3.0,3.0,3.0,1.0,1.0,2.0,3.0,5.0,
14,5,4.0,25,J,1.0,,17,hairsalon,beauty and hair salon,2,1,1,1,3,3,2,3,3,3,3,3,2,1,,,,,0,0,,,,,2.0,1,,2.0,2.0,2.0,2.0,0.0,3.0,3.0,0.0,3.0,3.0,0.0,0.0,0.0,0.0,0.0,0.0,0.0,0.0,0.0,0.0,0.0,0.0,0.0,0.0,0.0,0.0,3.0,3.0,0.0,0.0,0.0,0.0,0.0,0.0,2.0,2.0,9.0,#NULL!,#NULL!,#NULL!,#NULL!,#NULL!,#NULL!,1000,1500,1.0,,1.0,1.0,3.0,3.0,3.0,3.0,6.0,6.0,7.0,7.0,3.0,3.0,3.0,3.0,3.0,3.0,2.0,3.0,3.0,7.0,2.0,3.0,1.0,3.0,
14,5,4.0,25,J,1.0,,18,,body art,3,3,3,3,3,3,3,3,3,3,3,3,3,1,,,,,0,0,,,,,1.0,1,,2.0,2.0,2.0,2.0,4.0,1.0,5.0,4.0,1.0,5.0,0.0,0.0,0.0,0.0,0.0,0.0,0.0,0.0,0.0,0.0,0.0,0.0,0.0,0.0,0.0,4.0,1.0,5.0,0.0,0.0,0.0,0.0,0.0,0.0,2.0,2.0,1.0,#NULL!,#NULL!,#NULL!,#NULL!,#NULL!,#NULL!,1200,1500,1.0,,6.0,6.0,3.0,3.0,3.0,3.0,6.0,6.0,7.0,7.0,3.0,3.0,3.0,3.0,3.0,3.0,3.0,3.0,3.0,6.0,1.0,2.0,3.0,6.0,
14,5,4.0,26,H,1.0,,18,,training hospitality and tourism,3,3,2,2,1,1,2,3,2,3,3,2,1,2,1.0,,,,0,0,,,,,2.0,1,,1.0,1.0,2.0,1.0,2.0,2.0,4.0,0.0,0.0,0.0,0.0,0.0,0.0,0.0,0.0,0.0,0.0,0.0,0.0,0.0,0.0,0.0,0.0,0.0,0.0,0.0,0.0,0.0,0.0,0.0,0.0,0.0,0.0,0.0,3.0,3.0,1.0,2500,3000,#NULL!,#NULL!,2500,2500,#NULL!,#NULL!,1.0,,1.0,1.0,1.0,1.0,1.0,1.0,2.0,2.0,1.0,1.0,2.0,4.0,4.0,4.0,4.0,3.0,4.0,5.0,4.0,9.0,2.0,3.0,3.0,3.0,
14,5,4.0,20,I,9.0,,17,community service,"daycare centre, old folks home and second hand shop",4,4,4,2,2,3,3,3,4,4,4,4,4,2,1.0,1.0,,,0,0,,,,,2.0,1,,1.0,2.0,2.0,2.0,1.0,10.0,11.0,0.0,0.0,0.0,0.0,0.0,0.0,0.0,0.0,0.0,0.0,0.0,0.0,0.0,0.0,0.0,0.0,0.0,0.0,0.0,0.0,0.0,0.0,0.0,0.0,0.0,0.0,0.0,2.0,1.0,9.0,1800,2500,1500,1800,1200,1500,1000,1200,2.0,young worker will not stay for long and lack of responsibility,3.0,3.0,1.0,2.0,2.0,1.0,2.0,6.0,6.0,6.0,3.0,3.0,4.0,2.0,2.0,4.0,4.0,2.0,3.0,7.0,1.0,2.0,1.0,9.0,
14,5,3.0,13,E,3.0,,11,,menjual dan membeli telefon bimbit serta aksesori,3,4,3,2,2,4,4,4,4,1,1,1,1,1,,,,,0,0,,,,,2.0,2,2.0,2.0,2.0,2.0,2.0,5.0,0.0,5.0,0.0,0.0,0.0,0.0,0.0,0.0,0.0,0.0,0.0,0.0,0.0,0.0,0.0,0.0,0.0,0.0,0.0,0.0,0.0,0.0,0.0,4.0,0.0,4.0,0.0,0.0,0.0,2.0,2.0,9.0,#NULL!,#NULL!,#NULL!,#NULL!,1200,1500,#NULL!,#NULL!,1.0,,2.0,2.0,2.0,2.0,3.0,3.0,6.0,6.0,6.0,6.0,2.0,3.0,3.0,3.0,3.0,3.0,3.0,3.0,3.0,3.0,1.0,2.0,3.0,6.0,
14,5,4.0,16,F,3.0,,17,,exercise and training,3,3,2,2,2,2,3,2,3,3,3,2,3,2,1.0,,,,0,0,,,,,2.0,3,2.0,1.0,2.0,2.0,2.0,15.0,4.0,19.0,13.0,4.0,17.0,13.0,4.0,17.0,0.0,0.0,0.0,0.0,0.0,0.0,0.0,0.0,0.0,0.0,0.0,0.0,0.0,0.0,0.0,0.0,0.0,0.0,0.0,0.0,0.0,2.0,3.0,8.0,1300,1600,1300,1600,1300,1600,1300,1600,1.0,,2.0,1.0,3.0,1.0,2.0,1.0,2.0,1.0,6.0,1.0,3.0,3.0,2.0,3.0,3.0,2.0,3.0,2.0,2.0,7.0,1.0,3.0,2.0,10.0,
14,5,4.0,15,G,4.0,,6,,,2,2,2,2,2,2,2,2,3,3,3,3,2,2,1.0,1.0,,,0,0,,,,,1.0,3,2.0,1.0,1.0,1.0,1.0,0.0,0.0,0.0,0.0,0.0,0.0,0.0,0.0,0.0,0.0,0.0,0.0,0.0,0.0,0.0,0.0,0.0,0.0,0.0,0.0,0.0,0.0,0.0,0.0,0.0,0.0,0.0,0.0,0.0,0.0,1.0,1.0,1.0,#NULL!,#NULL!,#NULL!,#NULL!,#NULL!,#NULL!,#NULL!,#NULL!,1.0,,6.0,6.0,3.0,3.0,3.0,3.0,1.0,6.0,7.0,7.0,2.0,2.0,2.0,2.0,2.0,2.0,2.0,1.0,2.0,7.0,2.0,3.0,1.0,10.0,
14,5,4.0,13,H,1.0,,7,printing,printing publisher,2,1,1,1,1,1,1,1,1,1,3,2,2,1,,,,,0,0,,,,,2.0,1,,2.0,2.0,2.0,2.0,10.0,5.0,15.0,0.0,0.0,0.0,0.0,0.0,0.0,0.0,0.0,0.0,0.0,0.0,0.0,0.0,0.0,0.0,0.0,0.0,0.0,0.0,0.0,0.0,0.0,0.0,0.0,0.0,0.0,0.0,2.0,1.0,2.0,3500,3500,#NULL!,#NULL!,#NULL!,#NULL!,2500,2500,1.0,,6.0,3.0,3.0,3.0,3.0,3.0,6.0,5.0,7.0,7.0,2.0,2.0,2.0,1.0,2.0,3.0,1.0,2.0,2.0,7.0,1.0,2.0,3.0,3.0,
14,5,4.0,18,F,2.0,,9,,"burger bakar, kambing bakar golek, shellout",1,3,3,2,3,4,4,4,3,4,4,4,4,2,,1.0,,,0,0,,,,,2.0,1,,2.0,2.0,2.0,2.0,8.0,3.0,11.0,2.0,0.0,2.0,0.0,0.0,0.0,0.0,0.0,0.0,0.0,0.0,0.0,0.0,0.0,0.0,0.0,0.0,0.0,2.0,0.0,2.0,0.0,0.0,0.0,0.0,0.0,0.0,1.0,2.0,1.0,#NULL!,#NULL!,#NULL!,#NULL!,#NULL!,#NULL!,1000,3000,1.0,,3.0,2.0,3.0,2.0,3.0,3.0,6.0,1.0,7.0,7.0,4.0,3.0,2.0,1.0,3.0,2.0,2.0,2.0,2.0,7.0,1.0,2.0,3.0,7.0,
14,5,3.0,24,I,11.0,share partner,16,,pusat tuisyen,4,4,1,1,1,1,1,2,2,3,3,3,1,2,1.0,,,,0,0,,,,,2.0,1,,1.0,2.0,2.0,2.0,0.0,1.0,1.0,3.0,3.0,6.0,0.0,0.0,0.0,0.0,0.0,0.0,0.0,0.0,0.0,0.0,2.0,2.0,0.0,0.0,0.0,3.0,1.0,4.0,0.0,0.0,0.0,0.0,0.0,0.0,2.0,1.0,1.0,1300,1500,#NULL!,#NULL!,#NULL!,#NULL!,500,800,1.0,,6.0,1.0,3.0,3.0,2.0,3.0,1.0,6.0,1.0,7.0,2.0,1.0,1.0,2.0,2.0,1.0,1.0,1.0,1.0,2.0,3.0,2.0,1.0,5.0,
14,5,4.0,25,I,1.0,,17,hairsalon,hair salon,4,3,2,3,3,4,4,4,4,4,4,3,4,1,,,,,0,0,,,,,2.0,1,,2.0,2.0,2.0,2.0,2.0,4.0,6.0,1.0,2.0,3.0,0.0,0.0,0.0,1.0,2.0,3.0,0.0,0.0,0.0,0.0,0.0,0.0,0.0,0.0,0.0,0.0,0.0,0.0,0.0,0.0,0.0,0.0,0.0,0.0,2.0,2.0,2.0,2000,2500,1300,1800,1000,1500,800,1300,1.0,,2.0,1.0,1.0,3.0,1.0,3.0,1.0,6.0,1.0,2.0,2.0,1.0,1.0,2.0,3.0,,3.0,2.0,1.0,3.0,2.0,3.0,1.0,6.0,
14,5,3.0,26,G,3.0,,13,,provide accounting service,2,3,3,2,2,3,2,3,3,2,3,2,4,2,1.0,1.0,,,0,0,,,,,2.0,1,,1.0,1.0,2.0,2.0,0.0,6.0,6.0,0.0,4.0,4.0,0.0,0.0,0.0,0.0,3.0,3.0,0.0,1.0,1.0,0.0,0.0,0.0,0.0,0.0,0.0,0.0,0.0,0.0,0.0,0.0,0.0,0.0,0.0,0.0,2.0,3.0,2.0,1500,1800,1800,2000,1500,1800,1200,1500,1.0,,2.0,1.0,1.0,3.0,3.0,3.0,3.0,6.0,7.0,7.0,2.0,2.0,2.0,2.0,3.0,3.0,2.0,2.0,3.0,9.0,2.0,3.0,1.0,3.0,
14,5,3.0,24,I,1.0,,19,service,cleaning,2,3,3,3,3,3,3,3,3,3,3,3,4,1,,,,,0,0,,,,,2.0,2,1.0,2.0,2.0,2.0,2.0,20.0,80.0,100.0,2.0,3.0,5.0,2.0,3.0,5.0,0.0,0.0,0.0,0.0,0.0,0.0,0.0,0.0,0.0,0.0,0.0,0.0,0.0,0.0,0.0,0.0,0.0,0.0,0.0,0.0,0.0,2.0,2.0,1.0,1000,1800,#NULL!,#NULL!,#NULL!,#NULL!,#NULL!,#NULL!,1.0,,6.0,6.0,3.0,3.0,3.0,3.0,6.0,6.0,2.0,2.0,3.0,4.0,2.0,2.0,2.0,2.0,1.0,2.0,2.0,7.0,3.0,3.0,1.0,5.0,
14,5,4.0,26,H,1.0,,4,,,3,2,2,2,2,2,3,3,3,2,2,3,2,2,1.0,,,,0,0,,,,,2.0,1,,2.0,2.0,2.0,2.0,8.0,12.0,20.0,1.0,1.0,2.0,1.0,1.0,2.0,0.0,0.0,0.0,0.0,0.0,0.0,0.0,0.0,0.0,0.0,0.0,0.0,0.0,0.0,0.0,0.0,0.0,0.0,0.0,0.0,0.0,1.0,2.0,1.0,#NULL!,#NULL!,#NULL!,#NULL!,2000,3000,#NULL!,#NULL!,1.0,,6.0,6.0,3.0,3.0,3.0,3.0,1.0,6.0,6.0,6.0,2.0,3.0,2.0,2.0,2.0,2.0,2.0,2.0,2.0,3.0,1.0,2.0,1.0,4.0,
14,5,4.0,18,F,1.0,,9,,pemakanan,1,4,2,1,4,4,2,1,2,4,2,1,4,1,,,,,0,0,,,,,1.0,1,,2.0,2.0,2.0,2.0,1.0,1.0,2.0,0.0,0.0,0.0,0.0,0.0,0.0,0.0,0.0,0.0,0.0,0.0,0.0,0.0,0.0,0.0,0.0,0.0,0.0,0.0,0.0,0.0,0.0,0.0,0.0,0.0,0.0,0.0,2.0,1.0,10.0,#NULL!,#NULL!,#NULL!,#NULL!,#NULL!,#NULL!,1000,1500,1.0,,6.0,6.0,3.0,3.0,3.0,3.0,6.0,6.0,7.0,7.0,3.0,3.0,3.0,3.0,3.0,3.0,3.0,3.0,3.0,9.0,1.0,2.0,3.0,6.0,
14,5,4.0,26,G,3.0,,15,,guaman,2,2,1,1,2,2,2,1,3,3,2,2,1,1,,,,,0,0,,,,,2.0,1,,2.0,2.0,2.0,2.0,3.0,6.0,9.0,0.0,2.0,2.0,0.0,0.0,0.0,0.0,0.0,0.0,0.0,0.0,0.0,0.0,1.0,1.0,0.0,0.0,0.0,0.0,1.0,1.0,0.0,0.0,0.0,0.0,0.0,0.0,2.0,2.0,8.0,#NULL!,#NULL!,#NULL!,#NULL!,#NULL!,#NULL!,1000,1000,1.0,,6.0,1.0,3.0,3.0,3.0,3.0,1.0,6.0,7.0,7.0,2.0,2.0,2.0,2.0,2.0,2.0,2.0,2.0,2.0,1.0,1.0,1.0,1.0,5.0,
14,5,4.0,26,H,1.0,,6,,"survey mapping,gis,hydrography survey, utility and topographic survey",2,2,2,2,3,3,3,3,3,3,3,3,3,2,1.0,1.0,,,0,0,,,,,1.0,1,,1.0,1.0,2.0,2.0,9.0,2.0,11.0,7.0,2.0,9.0,7.0,0.0,7.0,0.0,2.0,2.0,0.0,0.0,0.0,0.0,0.0,0.0,0.0,0.0,0.0,0.0,0.0,0.0,0.0,0.0,0.0,0.0,0.0,0.0,1.0,2.0,1.0,1800,2000,#NULL!,#NULL!,1300,#NULL!,1100,#NULL!,1.0,,6.0,6.0,3.0,3.0,3.0,3.0,1.0,6.0,7.0,7.0,2.0,2.0,2.0,2.0,2.0,2.0,2.0,2.0,2.0,1.0,1.0,1.0,1.0,1.0,
14,5,4.0,18,C,3.0,,11,,barang komputer,3,3,3,3,3,3,3,3,3,2,3,3,2,2,1.0,,,,0,0,,,,,1.0,1,,1.0,1.0,2.0,2.0,12.0,1.0,13.0,11.0,0.0,11.0,4.0,0.0,4.0,1.0,0.0,1.0,0.0,0.0,0.0,3.0,0.0,3.0,3.0,0.0,3.0,0.0,0.0,0.0,0.0,0.0,0.0,0.0,0.0,0.0,2.0,2.0,2.0,1200,1600,1200,1600,1200,1600,1200,1600,2.0,tiada pengetahuan tentang barangan it,6.0,6.0,3.0,3.0,3.0,3.0,6.0,6.0,6.0,6.0,3.0,4.0,3.0,3.0,3.0,3.0,3.0,3.0,3.0,5.0,3.0,2.0,1.0,3.0,
14,5,3.0,13,E,3.0,,8,,import eksport kereta,3,2,1,1,2,3,3,2,4,3,2,3,2,1,,,,,0,0,,,,,1.0,1,,1.0,1.0,2.0,2.0,7.0,1.0,8.0,0.0,0.0,0.0,0.0,0.0,0.0,0.0,0.0,0.0,0.0,0.0,0.0,0.0,0.0,0.0,0.0,0.0,0.0,0.0,0.0,0.0,0.0,0.0,0.0,0.0,0.0,0.0,2.0,1.0,3.0,1000,1500,1000,2000,1000,1200,#NULL!,#NULL!,1.0,,2.0,1.0,2.0,1.0,3.0,3.0,5.0,1.0,7.0,7.0,3.0,1.0,2.0,3.0,3.0,2.0,2.0,3.0,2.0,2.0,2.0,3.0,1.0,6.0,
14,5,4.0,15,E,3.0,,7,,barangan runcit,2,2,2,2,2,3,2,1,3,3,3,3,2,1,,,,,0,0,,,,,2.0,1,,1.0,1.0,2.0,2.0,8.0,1.0,9.0,9.0,0.0,9.0,2.0,0.0,2.0,2.0,0.0,2.0,3.0,0.0,3.0,2.0,0.0,2.0,0.0,0.0,0.0,0.0,0.0,0.0,0.0,0.0,0.0,0.0,0.0,0.0,2.0,2.0,3.0,#NULL!,#NULL!,1200,2000,#NULL!,#NULL!,#NULL!,#NULL!,1.0,,2.0,2.0,2.0,2.0,2.0,1.0,6.0,5.0,2.0,2.0,3.0,3.0,2.0,3.0,3.0,3.0,3.0,3.0,3.0,1.0,1.0,1.0,2.0,6.0,
14,5,4.0,12,B,1.0,,4,,pembuatan baju,1,3,2,1,2,3,3,2,3,2,3,3,3,2,1.0,,,,0,0,,,,,1.0,2,1.0,1.0,2.0,2.0,2.0,0.0,5.0,5.0,0.0,5.0,5.0,0.0,1.0,1.0,0.0,2.0,2.0,0.0,0.0,0.0,0.0,0.0,0.0,0.0,0.0,0.0,0.0,2.0,2.0,0.0,0.0,0.0,0.0,0.0,0.0,1.0,1.0,1.0,#NULL!,#NULL!,#NULL!,#NULL!,#NULL!,#NULL!,800,1000,1.0,,1.0,1.0,1.0,1.0,1.0,1.0,6.0,6.0,2.0,2.0,1.0,3.0,1.0,3.0,3.0,3.0,3.0,3.0,3.0,1.0,3.0,2.0,1.0,4.0,
14,5,4.0,4,E,1.0,,8,,jual kereta,2,2,1,2,3,3,2,3,3,2,3,1,4,1,,,,,0,0,,,,,2.0,1,,1.0,2.0,2.0,2.0,0.0,0.0,0.0,0.0,0.0,0.0,0.0,0.0,0.0,0.0,0.0,0.0,0.0,0.0,0.0,0.0,0.0,0.0,0.0,0.0,0.0,0.0,0.0,0.0,0.0,0.0,0.0,0.0,0.0,0.0,2.0,2.0,2.0,1500,#NULL!,1500,#NULL!,1500,#NULL!,1500,#NULL!,1.0,,3.0,3.0,2.0,2.0,2.0,3.0,3.0,6.0,7.0,3.0,3.0,3.0,3.0,3.0,3.0,3.0,3.0,3.0,3.0,9.0,3.0,2.0,1.0,3.0,
14,5,3.0,18,F,1.0,,5,,jual nasi ayam,3,3,2,2,4,3,3,4,3,4,4,4,4,1,,,,,0,0,,,,,2.0,1,,2.0,2.0,2.0,2.0,1.0,1.0,2.0,0.0,0.0,0.0,0.0,0.0,0.0,0.0,0.0,0.0,0.0,0.0,0.0,0.0,0.0,0.0,0.0,0.0,0.0,0.0,0.0,0.0,0.0,0.0,0.0,0.0,0.0,0.0,2.0,2.0,8.0,1100,1500,1300,1800,1000,1200,800,1000,1.0,,3.0,2.0,3.0,3.0,3.0,3.0,6.0,6.0,2.0,2.0,3.0,3.0,2.0,3.0,3.0,3.0,2.0,3.0,2.0,7.0,2.0,3.0,2.0,3.0,
14,5,3.0,24,H,1.0,,9,,perkhidmatan visa saudi arabia,1,1,1,1,1,1,4,1,1,3,4,4,1,1,,,,,0,0,,,,,2.0,1,,1.0,2.0,2.0,2.0,2.0,1.0,3.0,0.0,0.0,0.0,0.0,0.0,0.0,0.0,0.0,0.0,0.0,0.0,0.0,0.0,0.0,0.0,0.0,0.0,0.0,0.0,0.0,0.0,0.0,0.0,0.0,0.0,0.0,0.0,1.0,1.0,3.0,2000,2500,1300,1800,1000,1500,800,1300,1.0,,6.0,6.0,3.0,3.0,3.0,3.0,1.0,6.0,7.0,7.0,2.0,2.0,2.0,2.0,2.0,2.0,2.0,2.0,2.0,6.0,3.0,2.0,1.0,1.0,
14,5,3.0,17,I,3.0,,17,,medicine,4,4,4,4,4,4,4,4,4,4,4,4,4,2,1.0,,,,0,0,,,,,2.0,1,,1.0,1.0,1.0,2.0,0.0,7.0,7.0,0.0,4.0,4.0,0.0,4.0,4.0,0.0,0.0,0.0,0.0,0.0,0.0,0.0,0.0,0.0,0.0,0.0,0.0,0.0,0.0,0.0,0.0,0.0,0.0,0.0,0.0,0.0,1.0,1.0,2.0,#NULL!,#NULL!,#NULL!,#NULL!,#NULL!,#NULL!,#NULL!,#NULL!,1.0,,6.0,6.0,1.0,1.0,3.0,3.0,6.0,6.0,7.0,7.0,1.0,1.0,1.0,1.0,1.0,1.0,1.0,1.0,1.0,9.0,3.0,2.0,1.0,1.0,
14,5,4.0,26,D,1.0,,7,,kasut,2,2,1,2,2,3,3,4,2,4,3,4,2,2,1.0,,,,0,0,,,,,2.0,1,,1.0,2.0,2.0,2.0,0.0,3.0,3.0,0.0,3.0,3.0,0.0,0.0,0.0,0.0,0.0,0.0,0.0,0.0,0.0,0.0,0.0,0.0,0.0,0.0,0.0,0.0,3.0,3.0,0.0,0.0,0.0,0.0,0.0,0.0,2.0,2.0,9.0,#NULL!,#NULL!,#NULL!,#NULL!,#NULL!,#NULL!,1000,3000,1.0,,1.0,1.0,1.0,1.0,1.0,1.0,6.0,6.0,7.0,7.0,3.0,3.0,2.0,2.0,3.0,2.0,2.0,2.0,2.0,9.0,1.0,2.0,2.0,1.0,
14,5,4.0,26,B,3.0,,7,,baju,3,2,2,3,4,4,3,3,3,3,4,3,4,1,,,,,0,0,,,,,2.0,1,,2.0,2.0,2.0,2.0,0.0,5.0,5.0,0.0,2.0,2.0,0.0,0.0,0.0,0.0,0.0,0.0,0.0,2.0,2.0,0.0,0.0,0.0,0.0,0.0,0.0,0.0,0.0,0.0,0.0,0.0,0.0,0.0,0.0,0.0,2.0,2.0,1.0,#NULL!,#NULL!,#NULL!,#NULL!,#NULL!,#NULL!,1000,1500,1.0,,6.0,6.0,1.0,1.0,3.0,3.0,6.0,6.0,7.0,7.0,3.0,3.0,3.0,3.0,3.0,3.0,3.0,3.0,3.0,7.0,2.0,3.0,1.0,1.0,
14,5,4.0,26,C,1.0,,19,perkhidmatan mencuci,perkhidmatan mencuci,1,3,2,3,1,4,3,3,4,3,3,3,4,1,,,,,0,0,,,,,2.0,1,,2.0,2.0,2.0,2.0,0.0,1.0,1.0,0.0,1.0,1.0,0.0,0.0,0.0,0.0,1.0,1.0,0.0,0.0,0.0,0.0,0.0,0.0,0.0,0.0,0.0,0.0,0.0,0.0,0.0,1.0,1.0,0.0,0.0,0.0,2.0,1.0,4.0,#NULL!,#NULL!,#NULL!,#NULL!,#NULL!,#NULL!,1000,1000,2.0,tidak berminat,6.0,6.0,1.0,1.0,3.0,3.0,6.0,6.0,2.0,2.0,3.0,2.0,2.0,2.0,2.0,2.0,2.0,2.0,2.0,9.0,3.0,2.0,1.0,6.0,
14,5,4.0,26,D,3.0,,6,,elektrik,4,4,3,3,4,2,3,4,4,3,3,3,4,2,1.0,,,,0,0,,,,,2.0,3,2.0,1.0,1.0,2.0,2.0,3.0,6.0,9.0,3.0,0.0,3.0,0.0,0.0,0.0,0.0,0.0,0.0,0.0,0.0,0.0,2.0,0.0,2.0,1.0,0.0,1.0,0.0,0.0,0.0,0.0,0.0,0.0,0.0,0.0,0.0,2.0,1.0,1.0,2300,#NULL!,#NULL!,#NULL!,#NULL!,#NULL!,#NULL!,#NULL!,1.0,,1.0,4.0,3.0,2.0,3.0,3.0,1.0,6.0,7.0,7.0,2.0,2.0,2.0,2.0,2.0,2.0,2.0,2.0,2.0,9.0,1.0,1.0,1.0,4.0,
14,5,3.0,17,I,2.0,,17,,klinik kulit,1,1,1,1,1,1,1,1,1,1,1,1,1,1,,,,,0,0,,,,,1.0,3,2.0,1.0,1.0,1.0,1.0,0.0,5.0,5.0,0.0,0.0,0.0,0.0,0.0,0.0,0.0,0.0,0.0,0.0,0.0,0.0,0.0,0.0,0.0,0.0,0.0,0.0,0.0,0.0,0.0,0.0,0.0,0.0,0.0,0.0,0.0,1.0,1.0,7.0,1500,#NULL!,#NULL!,#NULL!,#NULL!,#NULL!,#NULL!,#NULL!,1.0,,1.0,1.0,1.0,1.0,1.0,1.0,1.0,1.0,2.0,2.0,2.0,2.0,2.0,2.0,2.0,2.0,2.0,2.0,2.0,1.0,2.0,2.0,2.0,1.0,
14,5,4.0,26,H,8.0,,6,,pembinaan pelan,3,1,3,2,2,2,2,2,3,3,3,3,2,2,1.0,,,,1,1,3.0,,2.0,1.0,1.0,3,1.0,1.0,1.0,2.0,2.0,1.0,3.0,4.0,0.0,1.0,1.0,0.0,0.0,0.0,0.0,0.0,0.0,0.0,0.0,0.0,0.0,0.0,0.0,0.0,1.0,1.0,0.0,0.0,0.0,0.0,0.0,0.0,0.0,0.0,0.0,1.0,1.0,1.0,#NULL!,#NULL!,#NULL!,#NULL!,#NULL!,#NULL!,#NULL!,#NULL!,1.0,,2.0,2.0,2.0,2.0,3.0,3.0,5.0,4.0,7.0,7.0,2.0,2.0,1.0,1.0,2.0,1.0,1.0,2.0,2.0,2.0,2.0,2.0,2.0,6.0,
14,5,4.0,28,G,2.0,,11,,kamera,1,1,1,2,2,2,2,3,3,3,2,1,2,2,1.0,,,,0,0,,,,,2.0,3,2.0,2.0,2.0,2.0,2.0,1.0,3.0,4.0,0.0,3.0,3.0,0.0,1.0,1.0,0.0,0.0,0.0,0.0,0.0,0.0,0.0,1.0,1.0,0.0,1.0,1.0,0.0,0.0,0.0,0.0,0.0,0.0,0.0,0.0,0.0,2.0,1.0,8.0,#NULL!,#NULL!,#NULL!,#NULL!,1500,2000,#NULL!,#NULL!,2.0,no permanent employee,1.0,3.0,3.0,3.0,3.0,3.0,3.0,6.0,1.0,1.0,3.0,3.0,2.0,3.0,2.0,3.0,2.0,3.0,2.0,7.0,3.0,2.0,1.0,3.0,
14,5,4.0,26,E,3.0,,6,,underground power cable,3,2,2,2,2,2,3,3,3,3,3,3,3,1,,,,,0,0,,,,,1.0,3,2.0,1.0,1.0,2.0,1.0,20.0,30.0,50.0,28.0,22.0,50.0,2.0,2.0,4.0,5.0,7.0,12.0,3.0,2.0,5.0,8.0,4.0,12.0,10.0,2.0,12.0,0.0,5.0,5.0,10.0,10.0,20.0,11.0,12.0,23.0,1.0,2.0,1.0,#NULL!,#NULL!,#NULL!,#NULL!,#NULL!,#NULL!,#NULL!,#NULL!,1.0,,2.0,2.0,3.0,3.0,3.0,3.0,1.0,6.0,3.0,7.0,3.0,3.0,3.0,3.0,3.0,2.0,2.0,2.0,3.0,2.0,2.0,3.0,1.0,3.0,
14,5,4.0,25,E,9.0,,17,,,3,3,3,3,3,3,3,3,3,3,3,3,3,1,,,,,0,0,,,,,2.0,1,,2.0,2.0,2.0,2.0,23.0,20.0,43.0,7.0,4.0,11.0,4.0,3.0,7.0,3.0,1.0,4.0,0.0,0.0,0.0,0.0,0.0,0.0,0.0,0.0,0.0,0.0,0.0,0.0,0.0,0.0,0.0,0.0,0.0,0.0,1.0,1.0,1.0,#NULL!,#NULL!,#NULL!,#NULL!,#NULL!,#NULL!,#NULL!,#NULL!,1.0,,6.0,6.0,3.0,3.0,3.0,3.0,6.0,6.0,1.0,1.0,1.0,3.0,3.0,2.0,3.0,3.0,3.0,3.0,3.0,1.0,1.0,3.0,2.0,6.0,
14,5,2.0,11,E,8.0,,5,,cabling,3,3,2,2,3,3,3,3,3,3,3,1,4,2,1.0,,,,0,0,,,,,1.0,1,,1.0,1.0,1.0,1.0,250.0,100.0,350.0,110.0,90.0,200.0,30.0,70.0,100.0,70.0,20.0,90.0,0.0,0.0,0.0,10.0,0.0,10.0,0.0,0.0,0.0,0.0,0.0,0.0,30.0,0.0,30.0,0.0,0.0,0.0,2.0,1.0,1.0,#NULL!,#NULL!,#NULL!,#NULL!,#NULL!,#NULL!,#NULL!,#NULL!,1.0,,4.0,3.0,3.0,2.0,3.0,3.0,1.0,5.0,7.0,7.0,2.0,1.0,2.0,2.0,3.0,2.0,1.0,2.0,2.0,7.0,1.0,1.0,2.0,3.0,
14,5,4.0,25,E,1.0,,18,,decoration house and office,2,3,3,3,3,3,3,3,3,3,3,3,3,1,,,,,0,0,,,,,2.0,1,,2.0,2.0,2.0,2.0,4.0,0.0,4.0,2.0,0.0,2.0,0.0,0.0,0.0,0.0,0.0,0.0,2.0,0.0,2.0,0.0,0.0,0.0,0.0,0.0,0.0,0.0,0.0,0.0,2.0,0.0,2.0,0.0,0.0,0.0,2.0,2.0,2.0,#NULL!,#NULL!,#NULL!,#NULL!,#NULL!,#NULL!,#NULL!,#NULL!,1.0,,2.0,1.0,3.0,3.0,3.0,3.0,6.0,6.0,2.0,2.0,2.0,2.0,2.0,2.0,2.0,2.0,2.0,2.0,2.0,9.0,1.0,2.0,3.0,5.0,
14,5,4.0,25,I,9.0,,17,alam sekitar,community engagement and enviromental awareness,4,4,1,3,4,4,3,1,4,3,3,3,4,2,1.0,1.0,,,0,0,,,,,2.0,1,,1.0,1.0,2.0,1.0,4.0,3.0,7.0,2.0,2.0,4.0,2.0,2.0,4.0,0.0,0.0,0.0,0.0,0.0,0.0,0.0,0.0,0.0,0.0,0.0,0.0,0.0,0.0,0.0,0.0,0.0,0.0,0.0,0.0,0.0,1.0,1.0,10.0,1500,2000,1800,2200,1800,2000,#NULL!,#NULL!,1.0,,6.0,6.0,3.0,3.0,3.0,3.0,1.0,1.0,6.0,6.0,2.0,3.0,2.0,2.0,3.0,2.0,2.0,2.0,2.0,7.0,1.0,3.0,2.0,10.0,
14,5,4.0,26,D,2.0,,4,,barangan elektrik,3,2,2,2,3,3,3,3,2,3,2,3,1,1,,,,,0,0,,,,,2.0,1,,1.0,1.0,2.0,2.0,20.0,2.0,22.0,3.0,2.0,5.0,0.0,0.0,0.0,0.0,0.0,0.0,0.0,0.0,0.0,3.0,2.0,5.0,0.0,0.0,0.0,0.0,0.0,0.0,7.0,0.0,7.0,0.0,0.0,0.0,2.0,1.0,6.0,1800,2200,#NULL!,#NULL!,#NULL!,#NULL!,#NULL!,#NULL!,1.0,1,2.0,3.0,3.0,3.0,3.0,3.0,6.0,6.0,7.0,7.0,3.0,3.0,3.0,3.0,3.0,3.0,3.0,3.0,3.0,2.0,3.0,1.0,2.0,6.0,
14,5,3.0,17,I,1.0,,17,,medical services,1,3,2,3,3,3,3,3,3,4,3,3,4,1,,,,,0,0,,,,,2.0,1,,2.0,2.0,2.0,2.0,0.0,3.0,3.0,0.0,0.0,0.0,0.0,0.0,0.0,0.0,0.0,0.0,0.0,0.0,0.0,0.0,0.0,0.0,0.0,0.0,0.0,0.0,0.0,0.0,0.0,0.0,0.0,0.0,0.0,0.0,2.0,2.0,2.0,#NULL!,#NULL!,#NULL!,#NULL!,#NULL!,#NULL!,900,#NULL!,1.0,,2.0,2.0,3.0,1.0,1.0,1.0,6.0,6.0,6.0,1.0,2.0,2.0,3.0,3.0,3.0,3.0,3.0,3.0,3.0,7.0,1.0,2.0,3.0,5.0,
14,5,4.0,23,H,1.0,,18,pelancongan,pelancongan,3,2,3,3,4,3,3,4,4,3,3,3,4,1,,,,,0,0,,,,,2.0,1,,1.0,2.0,2.0,1.0,5.0,4.0,9.0,0.0,0.0,0.0,0.0,0.0,0.0,0.0,0.0,0.0,0.0,0.0,0.0,0.0,0.0,0.0,0.0,0.0,0.0,0.0,0.0,0.0,0.0,0.0,0.0,0.0,0.0,0.0,2.0,1.0,1.0,1800,2500,2200,2800,1000,1300,1000,1100,1.0,,2.0,3.0,3.0,3.0,3.0,3.0,1.0,6.0,6.0,2.0,2.0,2.0,2.0,2.0,2.0,2.0,1.0,2.0,2.0,5.0,2.0,1.0,3.0,5.0,
14,5,4.0,13,E,8.0,,6,,pembinaan,2,2,2,2,3,3,2,2,3,3,3,3,4,2,1.0,,,,0,0,,,,,1.0,1,,2.0,1.0,2.0,2.0,1.0,2.0,3.0,1.0,1.0,2.0,1.0,1.0,2.0,0.0,0.0,0.0,0.0,0.0,0.0,0.0,0.0,0.0,0.0,0.0,0.0,0.0,0.0,0.0,0.0,0.0,0.0,0.0,0.0,0.0,2.0,2.0,1.0,2000,2500,#NULL!,#NULL!,#NULL!,#NULL!,#NULL!,#NULL!,1.0,,1.0,1.0,3.0,3.0,3.0,3.0,1.0,2.0,6.0,6.0,2.0,2.0,2.0,1.0,3.0,3.0,3.0,3.0,3.0,1.0,1.0,2.0,3.0,3.0,
14,5,4.0,4,G,3.0,,19,perundangan,khidmat guaman,4,4,4,4,4,4,4,4,3,2,2,3,3,2,1.0,,,,0,0,,,,,2.0,1,,2.0,2.0,2.0,2.0,6.0,20.0,26.0,4.0,7.0,11.0,0.0,0.0,0.0,0.0,0.0,0.0,0.0,0.0,0.0,4.0,7.0,11.0,0.0,0.0,0.0,0.0,0.0,0.0,0.0,0.0,0.0,0.0,0.0,0.0,1.0,2.0,1.0,#NULL!,#NULL!,#NULL!,#NULL!,#NULL!,#NULL!,#NULL!,#NULL!,1.0,,6.0,6.0,3.0,3.0,3.0,3.0,1.0,1.0,1.0,1.0,2.0,2.0,2.0,2.0,2.0,2.0,2.0,2.0,2.0,6.0,1.0,3.0,2.0,5.0,
14,5,3.0,25,J,1.0,,18,,nail product,3,3,3,3,4,3,3,4,4,4,2,3,4,2,1.0,,,,0,0,,,,,2.0,1,,1.0,1.0,2.0,2.0,0.0,7.0,7.0,0.0,6.0,6.0,0.0,0.0,0.0,0.0,0.0,0.0,0.0,0.0,0.0,0.0,3.0,3.0,0.0,0.0,0.0,0.0,3.0,3.0,0.0,0.0,0.0,0.0,0.0,0.0,2.0,2.0,2.0,#NULL!,#NULL!,#NULL!,#NULL!,1000,1300,1000,1300,1.0,,2.0,2.0,1.0,1.0,3.0,3.0,5.0,5.0,7.0,7.0,3.0,2.0,2.0,2.0,2.0,2.0,2.0,2.0,2.0,2.0,3.0,1.0,2.0,1.0,
14,5,4.0,4,I,3.0,,16,,education,1,1,1,1,2,4,2,3,3,1,3,3,1,2,1.0,,,,0,0,,,,,2.0,1,,2.0,1.0,2.0,2.0,0.0,9.0,9.0,0.0,4.0,4.0,0.0,0.0,0.0,0.0,4.0,4.0,0.0,0.0,0.0,0.0,0.0,0.0,0.0,0.0,0.0,0.0,0.0,0.0,0.0,0.0,0.0,0.0,0.0,0.0,1.0,1.0,1.0,1200,1800,#NULL!,#NULL!,#NULL!,#NULL!,1000,1500,1.0,,6.0,6.0,1.0,1.0,3.0,3.0,1.0,6.0,7.0,7.0,3.0,3.0,2.0,2.0,2.0,2.0,3.0,3.0,2.0,7.0,1.0,3.0,2.0,3.0,
14,5,3.0,4,E,3.0,,7,,produk,3,3,3,3,3,3,3,3,3,3,3,3,3,1,,,,,0,0,,,,,2.0,1,,2.0,2.0,2.0,2.0,2.0,2.0,4.0,0.0,0.0,0.0,0.0,0.0,0.0,0.0,0.0,0.0,0.0,0.0,0.0,0.0,0.0,0.0,0.0,0.0,0.0,0.0,0.0,0.0,0.0,0.0,0.0,0.0,0.0,0.0,2.0,3.0,8.0,#NULL!,#NULL!,#NULL!,#NULL!,#NULL!,#NULL!,900,2500,1.0,,2.0,3.0,3.0,3.0,3.0,3.0,5.0,6.0,2.0,2.0,3.0,3.0,2.0,2.0,2.0,2.0,2.0,3.0,2.0,7.0,1.0,2.0,3.0,3.0,
